[
    {
        "@version": "1",
        "m_ushSeasonId": "1",
        "m_ushLevel": "20",
        "m_uiExp": "2000",
        "m_ushNumOfRewards": "3",
        "m_astRewards": [
            {
                "@type": "SeasonReward",
                "m_uiRewardType": "1",
                "m_uiRewardParam": "300"
            },
            {
                "@type": "SeasonReward",
                "m_uiRewardType": "1",
                "m_uiRewardParam": "2000"
            },
            {
                "@type": "SeasonReward",
                "m_uiRewardType": "7",
                "m_uiRewardParam": "1000"
            }
        ]
    },
    {
        "@version": "1",
        "m_ushSeasonId": "1",
        "m_ushLevel": "19",
        "m_uiExp": "1900",
        "m_ushNumOfRewards": "3",
        "m_astRewards": [
            {
                "@type": "SeasonReward",
                "m_uiRewardType": "0",
                "m_uiRewardParam": "0"
            },
            {
                "@type": "SeasonReward",
                "m_uiRewardType": "1",
                "m_uiRewardParam": "1900"
            },
            {
                "@type": "SeasonReward",
                "m_uiRewardType": "7",
                "m_uiRewardParam": "950"
            }
        ]
    },
    {
        "@version": "1",
        "m_ushSeasonId": "1",
        "m_ushLevel": "22",
        "m_uiExp": "2200",
        "m_ushNumOfRewards": "3",
        "m_astRewards": [
            {
                "@type": "SeasonReward",
                "m_uiRewardType": "7",
                "m_uiRewardParam": "100"
            },
            {
                "@type": "SeasonReward",
                "m_uiRewardType": "1",
                "m_uiRewardParam": "2200"
            },
            {
                "@type": "SeasonReward",
                "m_uiRewardType": "7",
                "m_uiRewardParam": "1100"
            }
        ]
    },
    {
        "@version": "1",
        "m_ushSeasonId": "1",
        "m_ushLevel": "21",
        "m_uiExp": "2100",
        "m_ushNumOfRewards": "3",
        "m_astRewards": [
            {
                "@type": "SeasonReward",
                "m_uiRewardType": "7",
                "m_uiRewardParam": "50"
            },
            {
                "@type": "SeasonReward",
                "m_uiRewardType": "1",
                "m_uiRewardParam": "2100"
            },
            {
                "@type": "SeasonReward",
                "m_uiRewardType": "7",
                "m_uiRewardParam": "1050"
            }
        ]
    },
    {
        "@version": "1",
        "m_ushSeasonId": "1",
        "m_ushLevel": "16",
        "m_uiExp": "1600",
        "m_ushNumOfRewards": "3",
        "m_astRewards": [
            {
                "@type": "SeasonReward",
                "m_uiRewardType": "0",
                "m_uiRewardParam": "0"
            },
            {
                "@type": "SeasonReward",
                "m_uiRewardType": "1",
                "m_uiRewardParam": "1600"
            },
            {
                "@type": "SeasonReward",
                "m_uiRewardType": "7",
                "m_uiRewardParam": "800"
            }
        ]
    },
    {
        "@version": "1",
        "m_ushSeasonId": "1",
        "m_ushLevel": "15",
        "m_uiExp": "1500",
        "m_ushNumOfRewards": "3",
        "m_astRewards": [
            {
                "@type": "SeasonReward",
                "m_uiRewardType": "1",
                "m_uiRewardParam": "225"
            },
            {
                "@type": "SeasonReward",
                "m_uiRewardType": "1",
                "m_uiRewardParam": "1500"
            },
            {
                "@type": "SeasonReward",
                "m_uiRewardType": "7",
                "m_uiRewardParam": "750"
            }
        ]
    },
    {
        "@version": "1",
        "m_ushSeasonId": "1",
        "m_ushLevel": "18",
        "m_uiExp": "1800",
        "m_ushNumOfRewards": "3",
        "m_astRewards": [
            {
                "@type": "SeasonReward",
                "m_uiRewardType": "1",
                "m_uiRewardParam": "270"
            },
            {
                "@type": "SeasonReward",
                "m_uiRewardType": "1",
                "m_uiRewardParam": "1800"
            },
            {
                "@type": "SeasonReward",
                "m_uiRewardType": "7",
                "m_uiRewardParam": "900"
            }
        ]
    },
    {
        "@version": "1",
        "m_ushSeasonId": "1",
        "m_ushLevel": "17",
        "m_uiExp": "1700",
        "m_ushNumOfRewards": "3",
        "m_astRewards": [
            {
                "@type": "SeasonReward",
                "m_uiRewardType": "1",
                "m_uiRewardParam": "255"
            },
            {
                "@type": "SeasonReward",
                "m_uiRewardType": "1",
                "m_uiRewardParam": "1700"
            },
            {
                "@type": "SeasonReward",
                "m_uiRewardType": "7",
                "m_uiRewardParam": "850"
            }
        ]
    },
    {
        "@version": "1",
        "m_ushSeasonId": "1",
        "m_ushLevel": "28",
        "m_uiExp": "2800",
        "m_ushNumOfRewards": "3",
        "m_astRewards": [
            {
                "@type": "SeasonReward",
                "m_uiRewardType": "7",
                "m_uiRewardParam": "400"
            },
            {
                "@type": "SeasonReward",
                "m_uiRewardType": "1",
                "m_uiRewardParam": "2800"
            },
            {
                "@type": "SeasonReward",
                "m_uiRewardType": "7",
                "m_uiRewardParam": "1400"
            }
        ]
    },
    {
        "@version": "1",
        "m_ushSeasonId": "1",
        "m_ushLevel": "27",
        "m_uiExp": "2700",
        "m_ushNumOfRewards": "3",
        "m_astRewards": [
            {
                "@type": "SeasonReward",
                "m_uiRewardType": "7",
                "m_uiRewardParam": "350"
            },
            {
                "@type": "SeasonReward",
                "m_uiRewardType": "1",
                "m_uiRewardParam": "2700"
            },
            {
                "@type": "SeasonReward",
                "m_uiRewardType": "7",
                "m_uiRewardParam": "1350"
            }
        ]
    },
    {
        "@version": "1",
        "m_ushSeasonId": "1",
        "m_ushLevel": "30",
        "m_uiExp": "3000",
        "m_ushNumOfRewards": "3",
        "m_astRewards": [
            {
                "@type": "SeasonReward",
                "m_uiRewardType": "7",
                "m_uiRewardParam": "500"
            },
            {
                "@type": "SeasonReward",
                "m_uiRewardType": "1",
                "m_uiRewardParam": "3000"
            },
            {
                "@type": "SeasonReward",
                "m_uiRewardType": "7",
                "m_uiRewardParam": "1500"
            }
        ]
    },
    {
        "@version": "1",
        "m_ushSeasonId": "1",
        "m_ushLevel": "29",
        "m_uiExp": "2900",
        "m_ushNumOfRewards": "3",
        "m_astRewards": [
            {
                "@type": "SeasonReward",
                "m_uiRewardType": "7",
                "m_uiRewardParam": "450"
            },
            {
                "@type": "SeasonReward",
                "m_uiRewardType": "1",
                "m_uiRewardParam": "2900"
            },
            {
                "@type": "SeasonReward",
                "m_uiRewardType": "7",
                "m_uiRewardParam": "1450"
            }
        ]
    },
    {
        "@version": "1",
        "m_ushSeasonId": "1",
        "m_ushLevel": "24",
        "m_uiExp": "2400",
        "m_ushNumOfRewards": "3",
        "m_astRewards": [
            {
                "@type": "SeasonReward",
                "m_uiRewardType": "0",
                "m_uiRewardParam": "0"
            },
            {
                "@type": "SeasonReward",
                "m_uiRewardType": "1",
                "m_uiRewardParam": "2400"
            },
            {
                "@type": "SeasonReward",
                "m_uiRewardType": "7",
                "m_uiRewardParam": "1200"
            }
        ]
    },
    {
        "@version": "1",
        "m_ushSeasonId": "1",
        "m_ushLevel": "23",
        "m_uiExp": "2300",
        "m_ushNumOfRewards": "3",
        "m_astRewards": [
            {
                "@type": "SeasonReward",
                "m_uiRewardType": "7",
                "m_uiRewardParam": "150"
            },
            {
                "@type": "SeasonReward",
                "m_uiRewardType": "1",
                "m_uiRewardParam": "2300"
            },
            {
                "@type": "SeasonReward",
                "m_uiRewardType": "7",
                "m_uiRewardParam": "1150"
            }
        ]
    },
    {
        "@version": "1",
        "m_ushSeasonId": "1",
        "m_ushLevel": "26",
        "m_uiExp": "2600",
        "m_ushNumOfRewards": "3",
        "m_astRewards": [
            {
                "@type": "SeasonReward",
                "m_uiRewardType": "7",
                "m_uiRewardParam": "300"
            },
            {
                "@type": "SeasonReward",
                "m_uiRewardType": "1",
                "m_uiRewardParam": "2600"
            },
            {
                "@type": "SeasonReward",
                "m_uiRewardType": "7",
                "m_uiRewardParam": "1300"
            }
        ]
    },
    {
        "@version": "1",
        "m_ushSeasonId": "1",
        "m_ushLevel": "25",
        "m_uiExp": "2500",
        "m_ushNumOfRewards": "3",
        "m_astRewards": [
            {
                "@type": "SeasonReward",
                "m_uiRewardType": "0",
                "m_uiRewardParam": "0"
            },
            {
                "@type": "SeasonReward",
                "m_uiRewardType": "1",
                "m_uiRewardParam": "2500"
            },
            {
                "@type": "SeasonReward",
                "m_uiRewardType": "7",
                "m_uiRewardParam": "1250"
            }
        ]
    },
    {
        "@version": "1",
        "m_ushSeasonId": "1",
        "m_ushLevel": "5",
        "m_uiExp": "500",
        "m_ushNumOfRewards": "3",
        "m_astRewards": [
            {
                "@type": "SeasonReward",
                "m_uiRewardType": "0",
                "m_uiRewardParam": "0"
            },
            {
                "@type": "SeasonReward",
                "m_uiRewardType": "1",
                "m_uiRewardParam": "500"
            },
            {
                "@type": "SeasonReward",
                "m_uiRewardType": "7",
                "m_uiRewardParam": "250"
            }
        ]
    },
    {
        "@version": "1",
        "m_ushSeasonId": "1",
        "m_ushLevel": "4",
        "m_uiExp": "400",
        "m_ushNumOfRewards": "3",
        "m_astRewards": [
            {
                "@type": "SeasonReward",
                "m_uiRewardType": "0",
                "m_uiRewardParam": "0"
            },
            {
                "@type": "SeasonReward",
                "m_uiRewardType": "1",
                "m_uiRewardParam": "400"
            },
            {
                "@type": "SeasonReward",
                "m_uiRewardType": "7",
                "m_uiRewardParam": "200"
            }
        ]
    },
    {
        "@version": "1",
        "m_ushSeasonId": "1",
        "m_ushLevel": "7",
        "m_uiExp": "700",
        "m_ushNumOfRewards": "3",
        "m_astRewards": [
            {
                "@type": "SeasonReward",
                "m_uiRewardType": "1",
                "m_uiRewardParam": "105"
            },
            {
                "@type": "SeasonReward",
                "m_uiRewardType": "1",
                "m_uiRewardParam": "700"
            },
            {
                "@type": "SeasonReward",
                "m_uiRewardType": "7",
                "m_uiRewardParam": "350"
            }
        ]
    },
    {
        "@version": "1",
        "m_ushSeasonId": "1",
        "m_ushLevel": "6",
        "m_uiExp": "600",
        "m_ushNumOfRewards": "3",
        "m_astRewards": [
            {
                "@type": "SeasonReward",
                "m_uiRewardType": "1",
                "m_uiRewardParam": "90"
            },
            {
                "@type": "SeasonReward",
                "m_uiRewardType": "1",
                "m_uiRewardParam": "600"
            },
            {
                "@type": "SeasonReward",
                "m_uiRewardType": "7",
                "m_uiRewardParam": "300"
            }
        ]
    },
    {
        "@version": "1",
        "m_ushSeasonId": "1",
        "m_ushLevel": "1",
        "m_uiExp": "100",
        "m_ushNumOfRewards": "3",
        "m_astRewards": [
            {
                "@type": "SeasonReward",
                "m_uiRewardType": "1",
                "m_uiRewardParam": "15"
            },
            {
                "@type": "SeasonReward",
                "m_uiRewardType": "1",
                "m_uiRewardParam": "100"
            },
            {
                "@type": "SeasonReward",
                "m_uiRewardType": "7",
                "m_uiRewardParam": "50"
            }
        ]
    },
    {
        "@version": "1",
        "m_ushSeasonId": "1",
        "m_ushLevel": "0",
        "m_uiExp": "0",
        "m_ushNumOfRewards": "0"
    },
    {
        "@version": "1",
        "m_ushSeasonId": "1",
        "m_ushLevel": "3",
        "m_uiExp": "300",
        "m_ushNumOfRewards": "3",
        "m_astRewards": [
            {
                "@type": "SeasonReward",
                "m_uiRewardType": "1",
                "m_uiRewardParam": "45"
            },
            {
                "@type": "SeasonReward",
                "m_uiRewardType": "1",
                "m_uiRewardParam": "300"
            },
            {
                "@type": "SeasonReward",
                "m_uiRewardType": "7",
                "m_uiRewardParam": "150"
            }
        ]
    },
    {
        "@version": "1",
        "m_ushSeasonId": "1",
        "m_ushLevel": "2",
        "m_uiExp": "200",
        "m_ushNumOfRewards": "3",
        "m_astRewards": [
            {
                "@type": "SeasonReward",
                "m_uiRewardType": "1",
                "m_uiRewardParam": "30"
            },
            {
                "@type": "SeasonReward",
                "m_uiRewardType": "1",
                "m_uiRewardParam": "200"
            },
            {
                "@type": "SeasonReward",
                "m_uiRewardType": "7",
                "m_uiRewardParam": "100"
            }
        ]
    },
    {
        "@version": "1",
        "m_ushSeasonId": "1",
        "m_ushLevel": "12",
        "m_uiExp": "1200",
        "m_ushNumOfRewards": "3",
        "m_astRewards": [
            {
                "@type": "SeasonReward",
                "m_uiRewardType": "1",
                "m_uiRewardParam": "180"
            },
            {
                "@type": "SeasonReward",
                "m_uiRewardType": "1",
                "m_uiRewardParam": "1200"
            },
            {
                "@type": "SeasonReward",
                "m_uiRewardType": "7",
                "m_uiRewardParam": "600"
            }
        ]
    },
    {
        "@version": "1",
        "m_ushSeasonId": "1",
        "m_ushLevel": "11",
        "m_uiExp": "1100",
        "m_ushNumOfRewards": "3",
        "m_astRewards": [
            {
                "@type": "SeasonReward",
                "m_uiRewardType": "1",
                "m_uiRewardParam": "165"
            },
            {
                "@type": "SeasonReward",
                "m_uiRewardType": "1",
                "m_uiRewardParam": "1100"
            },
            {
                "@type": "SeasonReward",
                "m_uiRewardType": "7",
                "m_uiRewardParam": "550"
            }
        ]
    },
    {
        "@version": "1",
        "m_ushSeasonId": "1",
        "m_ushLevel": "14",
        "m_uiExp": "1400",
        "m_ushNumOfRewards": "3",
        "m_astRewards": [
            {
                "@type": "SeasonReward",
                "m_uiRewardType": "1",
                "m_uiRewardParam": "210"
            },
            {
                "@type": "SeasonReward",
                "m_uiRewardType": "1",
                "m_uiRewardParam": "1400"
            },
            {
                "@type": "SeasonReward",
                "m_uiRewardType": "7",
                "m_uiRewardParam": "700"
            }
        ]
    },
    {
        "@version": "1",
        "m_ushSeasonId": "1",
        "m_ushLevel": "13",
        "m_uiExp": "1300",
        "m_ushNumOfRewards": "3",
        "m_astRewards": [
            {
                "@type": "SeasonReward",
                "m_uiRewardType": "0",
                "m_uiRewardParam": "0"
            },
            {
                "@type": "SeasonReward",
                "m_uiRewardType": "1",
                "m_uiRewardParam": "1300"
            },
            {
                "@type": "SeasonReward",
                "m_uiRewardType": "7",
                "m_uiRewardParam": "650"
            }
        ]
    },
    {
        "@version": "1",
        "m_ushSeasonId": "1",
        "m_ushLevel": "9",
        "m_uiExp": "900",
        "m_ushNumOfRewards": "3",
        "m_astRewards": [
            {
                "@type": "SeasonReward",
                "m_uiRewardType": "1",
                "m_uiRewardParam": "135"
            },
            {
                "@type": "SeasonReward",
                "m_uiRewardType": "1",
                "m_uiRewardParam": "900"
            },
            {
                "@type": "SeasonReward",
                "m_uiRewardType": "7",
                "m_uiRewardParam": "450"
            }
        ]
    },
    {
        "@version": "1",
        "m_ushSeasonId": "1",
        "m_ushLevel": "8",
        "m_uiExp": "800",
        "m_ushNumOfRewards": "3",
        "m_astRewards": [
            {
                "@type": "SeasonReward",
                "m_uiRewardType": "0",
                "m_uiRewardParam": "0"
            },
            {
                "@type": "SeasonReward",
                "m_uiRewardType": "1",
                "m_uiRewardParam": "800"
            },
            {
                "@type": "SeasonReward",
                "m_uiRewardType": "7",
                "m_uiRewardParam": "400"
            }
        ]
    },
    {
        "@version": "1",
        "m_ushSeasonId": "1",
        "m_ushLevel": "10",
        "m_uiExp": "1000",
        "m_ushNumOfRewards": "3",
        "m_astRewards": [
            {
                "@type": "SeasonReward",
                "m_uiRewardType": "1",
                "m_uiRewardParam": "150"
            },
            {
                "@type": "SeasonReward",
                "m_uiRewardType": "1",
                "m_uiRewardParam": "1000"
            },
            {
                "@type": "SeasonReward",
                "m_uiRewardType": "7",
                "m_uiRewardParam": "500"
            }
        ]
    }
]