[
    {
        "@version": "1",
        "m_ushID": "0",
        "m_szDesc": null
    },
    {
        "@version": "1",
        "m_ushID": "0",
        "m_szDesc": "无效"
    },
    {
        "@version": "1",
        "m_ushID": "0",
        "m_szDesc": null
    },
    {
        "@version": "1",
        "m_ushID": "1",
        "m_szDesc": "命中率高于"
    },
    {
        "@version": "1",
        "m_ushID": "2",
        "m_szDesc": "命中率低于"
    },
    {
        "@version": "1",
        "m_ushID": "3",
        "m_szDesc": "HP血量高于"
    },
    {
        "@version": "1",
        "m_ushID": "4",
        "m_szDesc": "HP血量低于"
    },
    {
        "@version": "1",
        "m_ushID": "5",
        "m_szDesc": "连击高于"
    },
    {
        "@version": "1",
        "m_ushID": "6",
        "m_szDesc": "连击低于"
    },
    {
        "@version": "1",
        "m_ushID": "7",
        "m_szDesc": "评价"
    },
    {
        "@version": "1",
        "m_ushID": "8",
        "m_szDesc": "判定高于MISS"
    },
    {
        "@version": "1",
        "m_ushID": "9",
        "m_szDesc": "判定低于MISS"
    },
    {
        "@version": "1",
        "m_ushID": "10",
        "m_szDesc": "判定高于GREAT"
    },
    {
        "@version": "1",
        "m_ushID": "11",
        "m_szDesc": "判定低于GREAT"
    },
    {
        "@version": "1",
        "m_ushID": "12",
        "m_szDesc": "判定高于PERFECT"
    },
    {
        "@version": "1",
        "m_ushID": "13",
        "m_szDesc": "判定低于PERFECT"
    },
    {
        "@version": "1",
        "m_ushID": "14",
        "m_szDesc": "全连"
    },
    {
        "@version": "1",
        "m_ushID": "15",
        "m_szDesc": "不死过关"
    },
    {
        "@version": "1",
        "m_ushID": "16",
        "m_szDesc": "歌曲分数高于"
    },
    {
        "@version": "1",
        "m_ushID": "17",
        "m_szDesc": "歌曲分数低于"
    },
    {
        "@version": "1",
        "m_ushID": "18",
        "m_szDesc": "满血完成"
    },
    {
        "@version": "1",
        "m_ushID": "19",
        "m_szDesc": "Perfect百分比高于"
    },
    {
        "@version": "1",
        "m_ushID": "20",
        "m_szDesc": "Perfect百分比低于"
    },
    {
        "@version": "1",
        "m_ushID": "21",
        "m_szDesc": "Great百分比高于"
    },
    {
        "@version": "1",
        "m_ushID": "22",
        "m_szDesc": "Great百分比低于"
    },
    {
        "@version": "1",
        "m_ushID": "23",
        "m_szDesc": "Miss百分比高于"
    },
    {
        "@version": "1",
        "m_ushID": "24",
        "m_szDesc": "Miss百分比低于"
    },
    {
        "@version": "1",
        "m_ushID": "25",
        "m_szDesc": "分数百分比高于"
    },
    {
        "@version": "1",
        "m_ushID": "26",
        "m_szDesc": "分数百分比低于"
    },
    {
        "@version": "1",
        "m_ushID": "27",
        "m_szDesc": "连击百分比高于"
    },
    {
        "@version": "1",
        "m_ushID": "28",
        "m_szDesc": "连击百分比低于"
    },
    {
        "@version": "1",
        "m_ushID": "29",
        "m_szDesc": "关数高于"
    },
    {
        "@version": "1",
        "m_ushID": "30",
        "m_szDesc": "累计关数高于"
    },
    {
        "@version": "1",
        "m_ushID": "31",
        "m_szDesc": "评价均高于"
    },
    {
        "@version": "1",
        "m_ushID": "32",
        "m_szDesc": "整点在线"
    },
    {
        "@version": "1",
        "m_ushID": "33",
        "m_szDesc": "半点在线"
    },
    {
        "@version": "1",
        "m_ushID": "34",
        "m_szDesc": "等级高于"
    },
    {
        "@version": "1",
        "m_ushID": "35",
        "m_szDesc": "活动时间在线"
    },
    {
        "@version": "1",
        "m_ushID": "36",
        "m_szDesc": "连续未登录天数高于"
    },
    {
        "@version": "1",
        "m_ushID": "37",
        "m_szDesc": "累计完成关卡不可重复"
    },
    {
        "@version": "1",
        "m_ushID": "38",
        "m_szDesc": "完成S周闯关关卡"
    },
    {
        "@version": "1",
        "m_ushID": "39",
        "m_szDesc": "擂主数"
    },
    {
        "@version": "1",
        "m_ushID": "40",
        "m_szDesc": "获得擂主次数"
    },
    {
        "@version": "1",
        "m_ushID": "41",
        "m_szDesc": "星动模式ACAP"
    },
    {
        "@version": "1",
        "m_ushID": "42",
        "m_szDesc": "星级大于等于"
    },
    {
        "@version": "1",
        "m_ushID": "43",
        "m_szDesc": "本周星星数"
    },
    {
        "@version": "1",
        "m_ushID": "44",
        "m_szDesc": "指定歌曲评价均高于"
    },
    {
        "@version": "1",
        "m_ushID": "45",
        "m_szDesc": "好友邀请"
    },
    {
        "@version": "1",
        "m_ushID": "46",
        "m_szDesc": "赠送体力"
    },
    {
        "@version": "1",
        "m_ushID": "47",
        "m_szDesc": "得分超越好友"
    },
    {
        "@version": "1",
        "m_ushID": "48",
        "m_szDesc": "使用任意道具"
    },
    {
        "@version": "1",
        "m_ushID": "49",
        "m_szDesc": "使用指定道具"
    },
    {
        "@version": "1",
        "m_ushID": "51",
        "m_szDesc": "成功充值金额"
    },
    {
        "@version": "1",
        "m_ushID": "52",
        "m_szDesc": "成功充值次数"
    },
    {
        "@version": "1",
        "m_ushID": "53",
        "m_szDesc": "成功炫耀次数"
    },
    {
        "@version": "1",
        "m_ushID": "54",
        "m_szDesc": "刷新记录"
    },
    {
        "@version": "1",
        "m_ushID": "55",
        "m_szDesc": "生存模式首次存活"
    },
    {
        "@version": "1",
        "m_ushID": "56",
        "m_szDesc": "PVP任意房间参与"
    },
    {
        "@version": "1",
        "m_ushID": "57",
        "m_szDesc": "PVP指定房间参与"
    },
    {
        "@version": "1",
        "m_ushID": "58",
        "m_szDesc": "PVP任意房间胜利"
    },
    {
        "@version": "1",
        "m_ushID": "59",
        "m_szDesc": "PVP指定房间胜利"
    },
    {
        "@version": "1",
        "m_ushID": "60",
        "m_szDesc": "使用积分抽奖"
    },
    {
        "@version": "1",
        "m_ushID": "61",
        "m_szDesc": "指定歌曲星级大于等于"
    },
    {
        "@version": "1",
        "m_ushID": "62",
        "m_szDesc": "指定角色升级次数达到"
    },
    {
        "@version": "1",
        "m_ushID": "63",
        "m_szDesc": "指定角色升级等级达到"
    },
    {
        "@version": "1",
        "m_ushID": "64",
        "m_szDesc": "完成X首歌曲送奖励"
    },
    {
        "@version": "1",
        "m_ushID": "65",
        "m_szDesc": "段位送奖励"
    },
    {
        "@version": "1",
        "m_ushID": "66",
        "m_szDesc": "积分抽奖X次送一次奖励"
    },
    {
        "@version": "1",
        "m_ushID": "67",
        "m_szDesc": "累计完成N个任务领取奖励"
    },
    {
        "@version": "1",
        "m_ushID": "68",
        "m_szDesc": "指定角色打歌评价均高于"
    },
    {
        "@version": "1",
        "m_ushID": "69",
        "m_szDesc": "转盘抽奖N次送礼包"
    },
    {
        "@version": "1",
        "m_ushID": "70",
        "m_szDesc": "打N次极限模式送奖励"
    },
    {
        "@version": "1",
        "m_ushID": "71",
        "m_szDesc": "好友齐闯关过N关送奖励"
    },
    {
        "@version": "1",
        "m_ushID": "72",
        "m_szDesc": "好友齐闯关N首歌评价均高于A"
    },
    {
        "@version": "1",
        "m_ushID": "73",
        "m_szDesc": "好友齐闯关N首歌评价均高于S"
    },
    {
        "@version": "1",
        "m_ushID": "74",
        "m_szDesc": "好友齐闯关N首歌评价均高于SS"
    },
    {
        "@version": "1",
        "m_ushID": "75",
        "m_szDesc": "好友齐闯关N首歌评价均高于SSS"
    },
    {
        "@version": "1",
        "m_ushID": "76",
        "m_szDesc": "好友齐闯关总分能超过"
    },
    {
        "@version": "1",
        "m_ushID": "77",
        "m_szDesc": "达到N次fever送奖励"
    },
    {
        "@version": "1",
        "m_ushID": "78",
        "m_szDesc": "完成N次战队PK"
    },
    {
        "@version": "1",
        "m_ushID": "79",
        "m_szDesc": "完成N次战队竞技"
    },
    {
        "@version": "1",
        "m_ushID": "80",
        "m_szDesc": "完成N次战队点赞"
    },
    {
        "@version": "1",
        "m_ushID": "81",
        "m_szDesc": "amazing百分比高于"
    },
    {
        "@version": "1",
        "m_ushID": "82",
        "m_szDesc": "星动评价"
    },
    {
        "@version": "1",
        "m_ushID": "83",
        "m_szDesc": "最大任务类型"
    },
    {
        "@version": "1",
        "m_ushID": "1001",
        "m_szDesc": "完成指定难度歌曲"
    },
    {
        "@version": "1",
        "m_ushID": "1002",
        "m_szDesc": "完成指定键位歌曲"
    },
    {
        "@version": "1",
        "m_ushID": "1003",
        "m_szDesc": "完成指定键位难度歌曲"
    },
    {
        "@version": "1",
        "m_ushID": "1004",
        "m_szDesc": "完成指定难度歌曲且等级小于"
    },
    {
        "@version": "1",
        "m_ushID": "1005",
        "m_szDesc": "完成指定键位歌曲且等级小于"
    },
    {
        "@version": "1",
        "m_ushID": "1006",
        "m_szDesc": "完成指定键位难度歌曲且等级小于"
    },
    {
        "@version": "1",
        "m_ushID": "1007",
        "m_szDesc": "完成指定难度歌曲且等级大于"
    },
    {
        "@version": "1",
        "m_ushID": "1008",
        "m_szDesc": "完成指定键位歌曲且等级大于"
    },
    {
        "@version": "1",
        "m_ushID": "1009",
        "m_szDesc": "完成指定键位难度歌曲且等级大于"
    },
    {
        "@version": "1",
        "m_ushID": "1010",
        "m_szDesc": "完成指定难度歌曲且等级等于"
    },
    {
        "@version": "1",
        "m_ushID": "1011",
        "m_szDesc": "完成指定键位歌曲且等级等于"
    },
    {
        "@version": "1",
        "m_ushID": "1012",
        "m_szDesc": "完成指定键位难度歌曲且等级等于"
    },
    {
        "@version": "1",
        "m_ushID": "1013",
        "m_szDesc": "完成歌曲且等级小于"
    },
    {
        "@version": "1",
        "m_ushID": "1014",
        "m_szDesc": "完成歌曲且等级大于"
    },
    {
        "@version": "1",
        "m_ushID": "1015",
        "m_szDesc": "完成歌曲且等级等于"
    },
    {
        "@version": "1",
        "m_ushID": "1016",
        "m_szDesc": "完成指定歌曲"
    },
    {
        "@version": "1",
        "m_ushID": "1017",
        "m_szDesc": "完成指定歌曲组"
    },
    {
        "@version": "1",
        "m_ushID": "1018",
        "m_szDesc": "完成指定专辑"
    },
    {
        "@version": "1",
        "m_ushID": "1019",
        "m_szDesc": "使用指定道具"
    },
    {
        "@version": "1",
        "m_ushID": "1020",
        "m_szDesc": "使用指定角色"
    },
    {
        "@version": "1",
        "m_ushID": "1021",
        "m_szDesc": "血量大于等于"
    },
    {
        "@version": "1",
        "m_ushID": "1022",
        "m_szDesc": "血量小于等于"
    },
    {
        "@version": "1",
        "m_ushID": "1023",
        "m_szDesc": "血量等于"
    },
    {
        "@version": "1",
        "m_ushID": "1024",
        "m_szDesc": "满血完成"
    },
    {
        "@version": "1",
        "m_ushID": "1025",
        "m_szDesc": "MaxCombo百分比大于等于"
    },
    {
        "@version": "1",
        "m_ushID": "1026",
        "m_szDesc": "MaxCombo百分比小于等于"
    },
    {
        "@version": "1",
        "m_ushID": "1027",
        "m_szDesc": "MaxCombo个数大于等于"
    },
    {
        "@version": "1",
        "m_ushID": "1028",
        "m_szDesc": "MaxCombo个数小于等于"
    },
    {
        "@version": "1",
        "m_ushID": "1029",
        "m_szDesc": "Fever次数"
    },
    {
        "@version": "1",
        "m_ushID": "1030",
        "m_szDesc": "成绩大于等于"
    },
    {
        "@version": "1",
        "m_ushID": "1031",
        "m_szDesc": "成绩小于等于"
    },
    {
        "@version": "1",
        "m_ushID": "1032",
        "m_szDesc": "评价大于等于"
    },
    {
        "@version": "1",
        "m_ushID": "1033",
        "m_szDesc": "评价小于等于"
    },
    {
        "@version": "1",
        "m_ushID": "1034",
        "m_szDesc": "评价等于"
    },
    {
        "@version": "1",
        "m_ushID": "1035",
        "m_szDesc": "Perfect大于等于"
    },
    {
        "@version": "1",
        "m_ushID": "1036",
        "m_szDesc": "Perfect小于等于"
    },
    {
        "@version": "1",
        "m_ushID": "1037",
        "m_szDesc": "Perfect等于"
    },
    {
        "@version": "1",
        "m_ushID": "1038",
        "m_szDesc": "Great大于等于"
    },
    {
        "@version": "1",
        "m_ushID": "1039",
        "m_szDesc": "Great小于等于"
    },
    {
        "@version": "1",
        "m_ushID": "1040",
        "m_szDesc": "Great等于"
    },
    {
        "@version": "1",
        "m_ushID": "1041",
        "m_szDesc": "Miss大于等于"
    },
    {
        "@version": "1",
        "m_ushID": "1042",
        "m_szDesc": "Miss小于等于"
    },
    {
        "@version": "1",
        "m_ushID": "1043",
        "m_szDesc": "Miss等于"
    },
    {
        "@version": "1",
        "m_ushID": "1044",
        "m_szDesc": "AllCombo"
    },
    {
        "@version": "1",
        "m_ushID": "1045",
        "m_szDesc": "AllPerfect"
    },
    {
        "@version": "1",
        "m_ushID": "1046",
        "m_szDesc": "Perfect百分比大于等于"
    },
    {
        "@version": "1",
        "m_ushID": "1047",
        "m_szDesc": "Perfect百分比小于等于"
    },
    {
        "@version": "1",
        "m_ushID": "1048",
        "m_szDesc": "Perfect百分比等于"
    },
    {
        "@version": "1",
        "m_ushID": "1049",
        "m_szDesc": "Great百分比大于等于"
    },
    {
        "@version": "1",
        "m_ushID": "1050",
        "m_szDesc": "Great百分比小于等于"
    },
    {
        "@version": "1",
        "m_ushID": "1051",
        "m_szDesc": "Great百分比等于"
    },
    {
        "@version": "1",
        "m_ushID": "1052",
        "m_szDesc": "Miss百分比大于等于"
    },
    {
        "@version": "1",
        "m_ushID": "1053",
        "m_szDesc": "Miss百分比小于等于"
    },
    {
        "@version": "1",
        "m_ushID": "1054",
        "m_szDesc": "Miss百分比等于"
    },
    {
        "@version": "1",
        "m_ushID": "2001",
        "m_szDesc": "累计过关"
    },
    {
        "@version": "1",
        "m_ushID": "2002",
        "m_szDesc": "累计星星"
    },
    {
        "@version": "1",
        "m_ushID": "2003",
        "m_szDesc": "累计局数"
    },
    {
        "@version": "1",
        "m_ushID": "2004",
        "m_szDesc": "累计胜利数"
    },
    {
        "@version": "1",
        "m_ushID": "2005",
        "m_szDesc": "完成歌曲次数"
    },
    {
        "@version": "1",
        "m_ushID": "2006",
        "m_szDesc": "累计COMBO个数"
    },
    {
        "@version": "1",
        "m_ushID": "2007",
        "m_szDesc": "累计SCORE个数"
    },
    {
        "@version": "1",
        "m_ushID": "2008",
        "m_szDesc": "累计PERFECT个数"
    },
    {
        "@version": "1",
        "m_ushID": "2009",
        "m_szDesc": "累计GOOD个数"
    },
    {
        "@version": "1",
        "m_ushID": "2010",
        "m_szDesc": "累计MISS个数"
    },
    {
        "@version": "1",
        "m_ushID": "2011",
        "m_szDesc": "累计非MISS个数"
    },
    {
        "@version": "1",
        "m_ushID": "2012",
        "m_szDesc": "累计充值"
    },
    {
        "@version": "1",
        "m_ushID": "2013",
        "m_szDesc": "完成充值次数"
    }
]