[
    {
        "@version": "1",
        "m_ushID": "0",
        "m_ucIconID": "0",
        "m_szName": "0角色名称",
        "m_ucRewardNumber": "0x0"
    },
    {
        "@version": "1",
        "m_ushID": "1001",
        "m_ucIconID": "1001",
        "m_szName": "小师妹",
        "m_ucRewardNumber": "0x2",
        "m_astReward": [
            {
                "@type": "RewardGifi",
                "m_ucRewardType": "0x1",
                "m_iRewardValue": "2000",
                "m_iRewardID": "0"
            },
            {
                "@type": "RewardGifi",
                "m_ucRewardType": "0x7",
                "m_iRewardValue": "500",
                "m_iRewardID": "0"
            }
        ]
    },
    {
        "@version": "1",
        "m_ushID": "1002",
        "m_ucIconID": "1002",
        "m_szName": "喵美眉",
        "m_ucRewardNumber": "0x5",
        "m_astReward": [
            {
                "@type": "RewardGifi",
                "m_ucRewardType": "0xd",
                "m_iRewardValue": "1",
                "m_iRewardID": "11004"
            },
            {
                "@type": "RewardGifi",
                "m_ucRewardType": "0xd",
                "m_iRewardValue": "1",
                "m_iRewardID": "12004"
            },
            {
                "@type": "RewardGifi",
                "m_ucRewardType": "0xd",
                "m_iRewardValue": "1",
                "m_iRewardID": "13004"
            },
            {
                "@type": "RewardGifi",
                "m_ucRewardType": "0xd",
                "m_iRewardValue": "1",
                "m_iRewardID": "14004"
            },
            {
                "@type": "RewardGifi",
                "m_ucRewardType": "0xd",
                "m_iRewardValue": "1",
                "m_iRewardID": "15004"
            }
        ]
    },
    {
        "@version": "1",
        "m_ushID": "1003",
        "m_ucIconID": "1003",
        "m_szName": "都教授",
        "m_ucRewardNumber": "0x5",
        "m_astReward": [
            {
                "@type": "RewardGifi",
                "m_ucRewardType": "0xd",
                "m_iRewardValue": "1",
                "m_iRewardID": "11005"
            },
            {
                "@type": "RewardGifi",
                "m_ucRewardType": "0xd",
                "m_iRewardValue": "1",
                "m_iRewardID": "12005"
            },
            {
                "@type": "RewardGifi",
                "m_ucRewardType": "0xd",
                "m_iRewardValue": "1",
                "m_iRewardID": "13005"
            },
            {
                "@type": "RewardGifi",
                "m_ucRewardType": "0xd",
                "m_iRewardValue": "1",
                "m_iRewardID": "14005"
            },
            {
                "@type": "RewardGifi",
                "m_ucRewardType": "0xd",
                "m_iRewardValue": "1",
                "m_iRewardID": "15005"
            }
        ]
    },
    {
        "@version": "1",
        "m_ushID": "1004",
        "m_ucIconID": "1004",
        "m_szName": "魔乐师",
        "m_ucRewardNumber": "0x5",
        "m_astReward": [
            {
                "@type": "RewardGifi",
                "m_ucRewardType": "0xd",
                "m_iRewardValue": "1",
                "m_iRewardID": "11006"
            },
            {
                "@type": "RewardGifi",
                "m_ucRewardType": "0xd",
                "m_iRewardValue": "1",
                "m_iRewardID": "12006"
            },
            {
                "@type": "RewardGifi",
                "m_ucRewardType": "0xd",
                "m_iRewardValue": "1",
                "m_iRewardID": "13006"
            },
            {
                "@type": "RewardGifi",
                "m_ucRewardType": "0xd",
                "m_iRewardValue": "1",
                "m_iRewardID": "14006"
            },
            {
                "@type": "RewardGifi",
                "m_ucRewardType": "0xd",
                "m_iRewardValue": "1",
                "m_iRewardID": "15006"
            }
        ]
    },
    {
        "@version": "1",
        "m_ushID": "1005",
        "m_ucIconID": "1005",
        "m_szName": "爱琴女王",
        "m_ucRewardNumber": "0x5",
        "m_astReward": [
            {
                "@type": "RewardGifi",
                "m_ucRewardType": "0xd",
                "m_iRewardValue": "1",
                "m_iRewardID": "11007"
            },
            {
                "@type": "RewardGifi",
                "m_ucRewardType": "0xd",
                "m_iRewardValue": "1",
                "m_iRewardID": "12007"
            },
            {
                "@type": "RewardGifi",
                "m_ucRewardType": "0xd",
                "m_iRewardValue": "1",
                "m_iRewardID": "13007"
            },
            {
                "@type": "RewardGifi",
                "m_ucRewardType": "0xd",
                "m_iRewardValue": "1",
                "m_iRewardID": "14007"
            },
            {
                "@type": "RewardGifi",
                "m_ucRewardType": "0xd",
                "m_iRewardValue": "1",
                "m_iRewardID": "15007"
            }
        ]
    },
    {
        "@version": "1",
        "m_ushID": "1006",
        "m_ucIconID": "1006",
        "m_szName": "暗夜王子",
        "m_ucRewardNumber": "0x5",
        "m_astReward": [
            {
                "@type": "RewardGifi",
                "m_ucRewardType": "0xd",
                "m_iRewardValue": "1",
                "m_iRewardID": "11008"
            },
            {
                "@type": "RewardGifi",
                "m_ucRewardType": "0xd",
                "m_iRewardValue": "1",
                "m_iRewardID": "12008"
            },
            {
                "@type": "RewardGifi",
                "m_ucRewardType": "0xd",
                "m_iRewardValue": "1",
                "m_iRewardID": "13008"
            },
            {
                "@type": "RewardGifi",
                "m_ucRewardType": "0xd",
                "m_iRewardValue": "1",
                "m_iRewardID": "14008"
            },
            {
                "@type": "RewardGifi",
                "m_ucRewardType": "0xd",
                "m_iRewardValue": "1",
                "m_iRewardID": "15008"
            }
        ]
    },
    {
        "@version": "1",
        "m_ushID": "1007",
        "m_ucIconID": "1007",
        "m_szName": "钢琴王子",
        "m_ucRewardNumber": "0x5",
        "m_astReward": [
            {
                "@type": "RewardGifi",
                "m_ucRewardType": "0xd",
                "m_iRewardValue": "1",
                "m_iRewardID": "11009"
            },
            {
                "@type": "RewardGifi",
                "m_ucRewardType": "0xd",
                "m_iRewardValue": "1",
                "m_iRewardID": "12009"
            },
            {
                "@type": "RewardGifi",
                "m_ucRewardType": "0xd",
                "m_iRewardValue": "1",
                "m_iRewardID": "13009"
            },
            {
                "@type": "RewardGifi",
                "m_ucRewardType": "0xd",
                "m_iRewardValue": "1",
                "m_iRewardID": "14009"
            },
            {
                "@type": "RewardGifi",
                "m_ucRewardType": "0xd",
                "m_iRewardValue": "1",
                "m_iRewardID": "15009"
            }
        ]
    },
    {
        "@version": "1",
        "m_ushID": "1008",
        "m_ucIconID": "1008",
        "m_szName": "鹊桥仙子",
        "m_ucRewardNumber": "0x5",
        "m_astReward": [
            {
                "@type": "RewardGifi",
                "m_ucRewardType": "0xd",
                "m_iRewardValue": "1",
                "m_iRewardID": "11010"
            },
            {
                "@type": "RewardGifi",
                "m_ucRewardType": "0xd",
                "m_iRewardValue": "1",
                "m_iRewardID": "12010"
            },
            {
                "@type": "RewardGifi",
                "m_ucRewardType": "0xd",
                "m_iRewardValue": "1",
                "m_iRewardID": "13010"
            },
            {
                "@type": "RewardGifi",
                "m_ucRewardType": "0xd",
                "m_iRewardValue": "1",
                "m_iRewardID": "14010"
            },
            {
                "@type": "RewardGifi",
                "m_ucRewardType": "0xd",
                "m_iRewardValue": "1",
                "m_iRewardID": "15010"
            }
        ]
    },
    {
        "@version": "1",
        "m_ushID": "1009",
        "m_ucIconID": "1009",
        "m_szName": "魔音海盗",
        "m_ucRewardNumber": "0x5",
        "m_astReward": [
            {
                "@type": "RewardGifi",
                "m_ucRewardType": "0xd",
                "m_iRewardValue": "1",
                "m_iRewardID": "11011"
            },
            {
                "@type": "RewardGifi",
                "m_ucRewardType": "0xd",
                "m_iRewardValue": "1",
                "m_iRewardID": "12011"
            },
            {
                "@type": "RewardGifi",
                "m_ucRewardType": "0xd",
                "m_iRewardValue": "1",
                "m_iRewardID": "13011"
            },
            {
                "@type": "RewardGifi",
                "m_ucRewardType": "0xd",
                "m_iRewardValue": "1",
                "m_iRewardID": "14011"
            },
            {
                "@type": "RewardGifi",
                "m_ucRewardType": "0xd",
                "m_iRewardValue": "1",
                "m_iRewardID": "15011"
            }
        ]
    },
    {
        "@version": "1",
        "m_ushID": "1010",
        "m_ucIconID": "1010",
        "m_szName": "大小姐",
        "m_ucRewardNumber": "0x5",
        "m_astReward": [
            {
                "@type": "RewardGifi",
                "m_ucRewardType": "0xd",
                "m_iRewardValue": "1",
                "m_iRewardID": "11012"
            },
            {
                "@type": "RewardGifi",
                "m_ucRewardType": "0xd",
                "m_iRewardValue": "1",
                "m_iRewardID": "12012"
            },
            {
                "@type": "RewardGifi",
                "m_ucRewardType": "0xd",
                "m_iRewardValue": "1",
                "m_iRewardID": "13012"
            },
            {
                "@type": "RewardGifi",
                "m_ucRewardType": "0xd",
                "m_iRewardValue": "1",
                "m_iRewardID": "14012"
            },
            {
                "@type": "RewardGifi",
                "m_ucRewardType": "0xd",
                "m_iRewardValue": "1",
                "m_iRewardID": "15012"
            }
        ]
    },
    {
        "@version": "1",
        "m_ushID": "1011",
        "m_ucIconID": "1011",
        "m_szName": "暮光伯爵",
        "m_ucRewardNumber": "0x5",
        "m_astReward": [
            {
                "@type": "RewardGifi",
                "m_ucRewardType": "0xd",
                "m_iRewardValue": "1",
                "m_iRewardID": "11013"
            },
            {
                "@type": "RewardGifi",
                "m_ucRewardType": "0xd",
                "m_iRewardValue": "1",
                "m_iRewardID": "12013"
            },
            {
                "@type": "RewardGifi",
                "m_ucRewardType": "0xd",
                "m_iRewardValue": "1",
                "m_iRewardID": "13013"
            },
            {
                "@type": "RewardGifi",
                "m_ucRewardType": "0xd",
                "m_iRewardValue": "1",
                "m_iRewardID": "14013"
            },
            {
                "@type": "RewardGifi",
                "m_ucRewardType": "0xd",
                "m_iRewardValue": "1",
                "m_iRewardID": "15013"
            }
        ]
    },
    {
        "@version": "1",
        "m_ushID": "1012",
        "m_ucIconID": "1012",
        "m_szName": "圣诞大师姐",
        "m_ucRewardNumber": "0x5",
        "m_astReward": [
            {
                "@type": "RewardGifi",
                "m_ucRewardType": "0xd",
                "m_iRewardValue": "1",
                "m_iRewardID": "11014"
            },
            {
                "@type": "RewardGifi",
                "m_ucRewardType": "0xd",
                "m_iRewardValue": "1",
                "m_iRewardID": "12014"
            },
            {
                "@type": "RewardGifi",
                "m_ucRewardType": "0xd",
                "m_iRewardValue": "1",
                "m_iRewardID": "13014"
            },
            {
                "@type": "RewardGifi",
                "m_ucRewardType": "0xd",
                "m_iRewardValue": "1",
                "m_iRewardID": "14014"
            },
            {
                "@type": "RewardGifi",
                "m_ucRewardType": "0xd",
                "m_iRewardValue": "1",
                "m_iRewardID": "15014"
            }
        ]
    },
    {
        "@version": "1",
        "m_ushID": "1013",
        "m_ucIconID": "1013",
        "m_szName": "吉娃娃",
        "m_ucRewardNumber": "0x5",
        "m_astReward": [
            {
                "@type": "RewardGifi",
                "m_ucRewardType": "0xd",
                "m_iRewardValue": "1",
                "m_iRewardID": "11015"
            },
            {
                "@type": "RewardGifi",
                "m_ucRewardType": "0xd",
                "m_iRewardValue": "1",
                "m_iRewardID": "12015"
            },
            {
                "@type": "RewardGifi",
                "m_ucRewardType": "0xd",
                "m_iRewardValue": "1",
                "m_iRewardID": "13015"
            },
            {
                "@type": "RewardGifi",
                "m_ucRewardType": "0xd",
                "m_iRewardValue": "1",
                "m_iRewardID": "14015"
            },
            {
                "@type": "RewardGifi",
                "m_ucRewardType": "0xd",
                "m_iRewardValue": "1",
                "m_iRewardID": "15015"
            }
        ]
    },
    {
        "@version": "1",
        "m_ushID": "1014",
        "m_ucIconID": "1014",
        "m_szName": "小师弟",
        "m_ucRewardNumber": "0x5",
        "m_astReward": [
            {
                "@type": "RewardGifi",
                "m_ucRewardType": "0xd",
                "m_iRewardValue": "1",
                "m_iRewardID": "11016"
            },
            {
                "@type": "RewardGifi",
                "m_ucRewardType": "0xd",
                "m_iRewardValue": "1",
                "m_iRewardID": "12016"
            },
            {
                "@type": "RewardGifi",
                "m_ucRewardType": "0xd",
                "m_iRewardValue": "1",
                "m_iRewardID": "13016"
            },
            {
                "@type": "RewardGifi",
                "m_ucRewardType": "0xd",
                "m_iRewardValue": "1",
                "m_iRewardID": "14016"
            },
            {
                "@type": "RewardGifi",
                "m_ucRewardType": "0xd",
                "m_iRewardValue": "1",
                "m_iRewardID": "15016"
            }
        ]
    },
    {
        "@version": "1",
        "m_ushID": "1015",
        "m_ucIconID": "1015",
        "m_szName": "糯米船长",
        "m_ucRewardNumber": "0x5",
        "m_astReward": [
            {
                "@type": "RewardGifi",
                "m_ucRewardType": "0xd",
                "m_iRewardValue": "1",
                "m_iRewardID": "11017"
            },
            {
                "@type": "RewardGifi",
                "m_ucRewardType": "0xd",
                "m_iRewardValue": "1",
                "m_iRewardID": "12017"
            },
            {
                "@type": "RewardGifi",
                "m_ucRewardType": "0xd",
                "m_iRewardValue": "1",
                "m_iRewardID": "13017"
            },
            {
                "@type": "RewardGifi",
                "m_ucRewardType": "0xd",
                "m_iRewardValue": "1",
                "m_iRewardID": "14017"
            },
            {
                "@type": "RewardGifi",
                "m_ucRewardType": "0xd",
                "m_iRewardValue": "1",
                "m_iRewardID": "15017"
            }
        ]
    },
    {
        "@version": "1",
        "m_ushID": "1016",
        "m_ucIconID": "1016",
        "m_szName": "电音女王",
        "m_ucRewardNumber": "0x5",
        "m_astReward": [
            {
                "@type": "RewardGifi",
                "m_ucRewardType": "0xd",
                "m_iRewardValue": "1",
                "m_iRewardID": "11018"
            },
            {
                "@type": "RewardGifi",
                "m_ucRewardType": "0xd",
                "m_iRewardValue": "1",
                "m_iRewardID": "12018"
            },
            {
                "@type": "RewardGifi",
                "m_ucRewardType": "0xd",
                "m_iRewardValue": "1",
                "m_iRewardID": "13018"
            },
            {
                "@type": "RewardGifi",
                "m_ucRewardType": "0xd",
                "m_iRewardValue": "1",
                "m_iRewardID": "14018"
            },
            {
                "@type": "RewardGifi",
                "m_ucRewardType": "0xd",
                "m_iRewardValue": "1",
                "m_iRewardID": "15018"
            }
        ]
    }
]