[
    {
        "@version": "1",
        "m_ushGiftID": "0",
        "m_szDesc": "0活动描述",
        "m_ucRewardNumber": "0x0"
    },
    {
        "@version": "1",
        "m_ushGiftID": "1",
        "m_szDesc": "价值100钻",
        "m_ucRewardNumber": "0x3",
        "m_astReward": [
            {
                "@type": "NobleReward",
                "m_ucRewardType": "0x5",
                "m_iRewardID": "404",
                "m_iRewardValue": "3"
            },
            {
                "@type": "NobleReward",
                "m_ucRewardType": "0x5",
                "m_iRewardID": "6",
                "m_iRewardValue": "10"
            },
            {
                "@type": "NobleReward",
                "m_ucRewardType": "0x5",
                "m_iRewardID": "7",
                "m_iRewardValue": "5"
            }
        ]
    },
    {
        "@version": "1",
        "m_ushGiftID": "2",
        "m_szDesc": "价值260钻",
        "m_ucRewardNumber": "0x3",
        "m_astReward": [
            {
                "@type": "NobleReward",
                "m_ucRewardType": "0x5",
                "m_iRewardID": "405",
                "m_iRewardValue": "3"
            },
            {
                "@type": "NobleReward",
                "m_ucRewardType": "0x5",
                "m_iRewardID": "10",
                "m_iRewardValue": "10"
            },
            {
                "@type": "NobleReward",
                "m_ucRewardType": "0x5",
                "m_iRewardID": "8",
                "m_iRewardValue": "10"
            }
        ]
    },
    {
        "@version": "1",
        "m_ushGiftID": "3",
        "m_szDesc": "价值100钻",
        "m_ucRewardNumber": "0x3",
        "m_astReward": [
            {
                "@type": "NobleReward",
                "m_ucRewardType": "0x5",
                "m_iRewardID": "404",
                "m_iRewardValue": "3"
            },
            {
                "@type": "NobleReward",
                "m_ucRewardType": "0x5",
                "m_iRewardID": "6",
                "m_iRewardValue": "10"
            },
            {
                "@type": "NobleReward",
                "m_ucRewardType": "0x5",
                "m_iRewardID": "7",
                "m_iRewardValue": "5"
            }
        ]
    },
    {
        "@version": "1",
        "m_ushGiftID": "4",
        "m_szDesc": "价值260钻",
        "m_ucRewardNumber": "0x3",
        "m_astReward": [
            {
                "@type": "NobleReward",
                "m_ucRewardType": "0x5",
                "m_iRewardID": "405",
                "m_iRewardValue": "3"
            },
            {
                "@type": "NobleReward",
                "m_ucRewardType": "0x5",
                "m_iRewardID": "10",
                "m_iRewardValue": "10"
            },
            {
                "@type": "NobleReward",
                "m_ucRewardType": "0x5",
                "m_iRewardID": "8",
                "m_iRewardValue": "10"
            }
        ]
    },
    {
        "@version": "1",
        "m_ushGiftID": "11",
        "m_szDesc": "价值60钻",
        "m_ucRewardNumber": "0x4",
        "m_astReward": [
            {
                "@type": "NobleReward",
                "m_ucRewardType": "0x5",
                "m_iRewardID": "404",
                "m_iRewardValue": "3"
            },
            {
                "@type": "NobleReward",
                "m_ucRewardType": "0xb",
                "m_iRewardID": "0",
                "m_iRewardValue": "200"
            },
            {
                "@type": "NobleReward",
                "m_ucRewardType": "0x5",
                "m_iRewardID": "7",
                "m_iRewardValue": "5"
            },
            {
                "@type": "NobleReward",
                "m_ucRewardType": "0xa",
                "m_iRewardID": "11005",
                "m_iRewardValue": "1"
            }
        ]
    },
    {
        "@version": "1",
        "m_ushGiftID": "12",
        "m_szDesc": "价值300钻",
        "m_ucRewardNumber": "0x2",
        "m_astReward": [
            {
                "@type": "NobleReward",
                "m_ucRewardType": "0x7",
                "m_iRewardID": "0",
                "m_iRewardValue": "300"
            },
            {
                "@type": "NobleReward",
                "m_ucRewardType": "0x10",
                "m_iRewardID": "21207",
                "m_iRewardValue": "31"
            }
        ]
    }
]