[
    {
        "@version": "1",
        "m_ushLuckyID": "1",
        "m_iThingID": "51",
        "m_szItemName": "得分加成2%",
        "m_szDescription": "恭喜您，本局游戏分数提高5%"
    },
    {
        "@version": "1",
        "m_ushLuckyID": "2",
        "m_iThingID": "52",
        "m_szItemName": "得分加成4%",
        "m_szDescription": "恭喜您，本局游戏分数提高10%"
    },
    {
        "@version": "1",
        "m_ushLuckyID": "3",
        "m_iThingID": "53",
        "m_szItemName": "得分加成6%",
        "m_szDescription": "OMG，您本局游戏分数提高了20%"
    },
    {
        "@version": "1",
        "m_ushLuckyID": "4",
        "m_iThingID": "54",
        "m_szItemName": "得分加成8%",
        "m_szDescription": null
    },
    {
        "@version": "1",
        "m_ushLuckyID": "5",
        "m_iThingID": "55",
        "m_szItemName": "得分加成10%",
        "m_szDescription": null
    },
    {
        "@version": "1",
        "m_ushLuckyID": "6",
        "m_iThingID": "56",
        "m_szItemName": "经验加成50%",
        "m_szDescription": null
    },
    {
        "@version": "1",
        "m_ushLuckyID": "7",
        "m_iThingID": "57",
        "m_szItemName": "经验加成100%",
        "m_szDescription": null
    },
    {
        "@version": "1",
        "m_ushLuckyID": "8",
        "m_iThingID": "58",
        "m_szItemName": "经验加成150%",
        "m_szDescription": null
    },
    {
        "@version": "1",
        "m_ushLuckyID": "9",
        "m_iThingID": "59",
        "m_szItemName": "经验加成200%",
        "m_szDescription": null
    },
    {
        "@version": "1",
        "m_ushLuckyID": "10",
        "m_iThingID": "60",
        "m_szItemName": "经验加成300%",
        "m_szDescription": null
    },
    {
        "@version": "1",
        "m_ushLuckyID": "11",
        "m_iThingID": "61",
        "m_szItemName": "结算时,30%Miss变Great",
        "m_szDescription": null
    },
    {
        "@version": "1",
        "m_ushLuckyID": "12",
        "m_iThingID": "62",
        "m_szItemName": "结算时,50%Miss变Great",
        "m_szDescription": null
    },
    {
        "@version": "1",
        "m_ushLuckyID": "13",
        "m_iThingID": "63",
        "m_szItemName": "结算时,所有Miss变Great",
        "m_szDescription": null
    },
    {
        "@version": "1",
        "m_ushLuckyID": "14",
        "m_iThingID": "64",
        "m_szItemName": "结算时,30%Great变Perfect",
        "m_szDescription": null
    },
    {
        "@version": "1",
        "m_ushLuckyID": "15",
        "m_iThingID": "65",
        "m_szItemName": "结算时,50%Great变Perfect",
        "m_szDescription": null
    },
    {
        "@version": "1",
        "m_ushLuckyID": "16",
        "m_iThingID": "66",
        "m_szItemName": "结算时,所有Great变Perfect",
        "m_szDescription": null
    },
    {
        "@version": "1",
        "m_ushLuckyID": "17",
        "m_iThingID": "67",
        "m_szItemName": "结算时,30%Miss变Perfect",
        "m_szDescription": null
    },
    {
        "@version": "1",
        "m_ushLuckyID": "18",
        "m_iThingID": "68",
        "m_szItemName": "结算时,50%Miss变Perfect",
        "m_szDescription": null
    },
    {
        "@version": "1",
        "m_ushLuckyID": "19",
        "m_iThingID": "69",
        "m_szItemName": "结算时,所有Miss变Perfect",
        "m_szDescription": null
    },
    {
        "@version": "1",
        "m_ushLuckyID": "20",
        "m_iThingID": "70",
        "m_szItemName": "持续满血",
        "m_szDescription": null
    },
    {
        "@version": "1",
        "m_ushLuckyID": "21",
        "m_iThingID": "201",
        "m_szItemName": "得分加成2%",
        "m_szDescription": null
    },
    {
        "@version": "1",
        "m_ushLuckyID": "22",
        "m_iThingID": "202",
        "m_szItemName": "得分加成4%",
        "m_szDescription": null
    },
    {
        "@version": "1",
        "m_ushLuckyID": "23",
        "m_iThingID": "203",
        "m_szItemName": "得分加成6%",
        "m_szDescription": null
    },
    {
        "@version": "1",
        "m_ushLuckyID": "24",
        "m_iThingID": "204",
        "m_szItemName": "得分加成8%",
        "m_szDescription": null
    },
    {
        "@version": "1",
        "m_ushLuckyID": "25",
        "m_iThingID": "205",
        "m_szItemName": "得分加成10%",
        "m_szDescription": null
    },
    {
        "@version": "1",
        "m_ushLuckyID": "26",
        "m_iThingID": "206",
        "m_szItemName": "经验加成50%",
        "m_szDescription": null
    },
    {
        "@version": "1",
        "m_ushLuckyID": "27",
        "m_iThingID": "207",
        "m_szItemName": "经验加成100%",
        "m_szDescription": null
    },
    {
        "@version": "1",
        "m_ushLuckyID": "28",
        "m_iThingID": "208",
        "m_szItemName": "经验加成150%",
        "m_szDescription": null
    },
    {
        "@version": "1",
        "m_ushLuckyID": "29",
        "m_iThingID": "209",
        "m_szItemName": "经验加成200%",
        "m_szDescription": null
    },
    {
        "@version": "1",
        "m_ushLuckyID": "30",
        "m_iThingID": "210",
        "m_szItemName": "经验加成300%",
        "m_szDescription": null
    },
    {
        "@version": "1",
        "m_ushLuckyID": "31",
        "m_iThingID": "211",
        "m_szItemName": "结算时,30%Miss变Great",
        "m_szDescription": null
    },
    {
        "@version": "1",
        "m_ushLuckyID": "32",
        "m_iThingID": "212",
        "m_szItemName": "结算时,50%Miss变Great",
        "m_szDescription": null
    },
    {
        "@version": "1",
        "m_ushLuckyID": "33",
        "m_iThingID": "213",
        "m_szItemName": "结算时,所有Miss变Great",
        "m_szDescription": null
    },
    {
        "@version": "1",
        "m_ushLuckyID": "34",
        "m_iThingID": "214",
        "m_szItemName": "结算时,30%Great变Perfect",
        "m_szDescription": null
    },
    {
        "@version": "1",
        "m_ushLuckyID": "35",
        "m_iThingID": "215",
        "m_szItemName": "结算时,50%Great变Perfect",
        "m_szDescription": null
    },
    {
        "@version": "1",
        "m_ushLuckyID": "36",
        "m_iThingID": "216",
        "m_szItemName": "结算时,所有Great变Perfect",
        "m_szDescription": null
    },
    {
        "@version": "1",
        "m_ushLuckyID": "37",
        "m_iThingID": "217",
        "m_szItemName": "结算时,30%Miss变Perfect",
        "m_szDescription": null
    },
    {
        "@version": "1",
        "m_ushLuckyID": "38",
        "m_iThingID": "218",
        "m_szItemName": "结算时,50%Miss变Perfect",
        "m_szDescription": null
    },
    {
        "@version": "1",
        "m_ushLuckyID": "39",
        "m_iThingID": "219",
        "m_szItemName": "结算时,所有Miss变Perfect",
        "m_szDescription": null
    },
    {
        "@version": "1",
        "m_ushLuckyID": "40",
        "m_iThingID": "220",
        "m_szItemName": "持续满血",
        "m_szDescription": null
    },
    {
        "@version": "1",
        "m_ushLuckyID": "41",
        "m_iThingID": "351",
        "m_szItemName": "开局获得5秒无敌",
        "m_szDescription": null
    },
    {
        "@version": "1",
        "m_ushLuckyID": "42",
        "m_iThingID": "352",
        "m_szItemName": "开局获得8秒无敌",
        "m_szDescription": null
    },
    {
        "@version": "1",
        "m_ushLuckyID": "43",
        "m_iThingID": "353",
        "m_szItemName": "开局获得10秒无敌",
        "m_szDescription": null
    },
    {
        "@version": "1",
        "m_ushLuckyID": "44",
        "m_iThingID": "354",
        "m_szItemName": "开局获得12秒无敌",
        "m_szDescription": null
    },
    {
        "@version": "1",
        "m_ushLuckyID": "45",
        "m_iThingID": "355",
        "m_szItemName": "额外获得5次Miss抵消",
        "m_szDescription": null
    },
    {
        "@version": "1",
        "m_ushLuckyID": "46",
        "m_iThingID": "356",
        "m_szItemName": "额外获得8次Miss抵消",
        "m_szDescription": null
    },
    {
        "@version": "1",
        "m_ushLuckyID": "47",
        "m_iThingID": "357",
        "m_szItemName": "额外获得10次Miss抵消",
        "m_szDescription": null
    },
    {
        "@version": "1",
        "m_ushLuckyID": "48",
        "m_iThingID": "358",
        "m_szItemName": "血量上限提升30%",
        "m_szDescription": null
    },
    {
        "@version": "1",
        "m_ushLuckyID": "49",
        "m_iThingID": "359",
        "m_szItemName": "血量上限提升60%",
        "m_szDescription": null
    },
    {
        "@version": "1",
        "m_ushLuckyID": "50",
        "m_iThingID": "360",
        "m_szItemName": "血量上限提升100%",
        "m_szDescription": null
    }
]