[
    {
        "@version": "1",
        "m_iMallIndex": "0",
        "m_iMallActivityID": "0",
        "m_iExchangeID": "0",
        "m_ucItemType": "0x0",
        "m_iItemID": "0",
        "m_szItemName": "0物品名",
        "m_iItemValue": "0",
        "m_iStarCost": "0",
        "m_iVersion": "0"
    },
    {
        "@version": "1",
        "m_iMallIndex": "1",
        "m_iMallActivityID": "10610",
        "m_iExchangeID": "1",
        "m_ucItemType": "0xa",
        "m_iItemID": "11301",
        "m_szItemName": "吉娃娃（限）",
        "m_iItemValue": "3",
        "m_iStarCost": "700",
        "m_iVersion": "0"
    },
    {
        "@version": "1",
        "m_iMallIndex": "2",
        "m_iMallActivityID": "10610",
        "m_iExchangeID": "2",
        "m_ucItemType": "0x3",
        "m_iItemID": "1",
        "m_szItemName": "《》",
        "m_iItemValue": "1",
        "m_iStarCost": "480",
        "m_iVersion": "0"
    },
    {
        "@version": "1",
        "m_iMallIndex": "3",
        "m_iMallActivityID": "10610",
        "m_iExchangeID": "3",
        "m_ucItemType": "0x5",
        "m_iItemID": "404",
        "m_szItemName": "88金币入场券",
        "m_iItemValue": "1",
        "m_iStarCost": "100",
        "m_iVersion": "0"
    },
    {
        "@version": "1",
        "m_iMallIndex": "4",
        "m_iMallActivityID": "10610",
        "m_iExchangeID": "4",
        "m_ucItemType": "0x5",
        "m_iItemID": "402",
        "m_szItemName": "积分抽奖",
        "m_iItemValue": "1",
        "m_iStarCost": "240",
        "m_iVersion": "0"
    },
    {
        "@version": "1",
        "m_iMallIndex": "5",
        "m_iMallActivityID": "10610",
        "m_iExchangeID": "5",
        "m_ucItemType": "0x5",
        "m_iItemID": "403",
        "m_szItemName": "免费跳关",
        "m_iItemValue": "1",
        "m_iStarCost": "120",
        "m_iVersion": "0"
    },
    {
        "@version": "1",
        "m_iMallIndex": "6",
        "m_iMallActivityID": "10610",
        "m_iExchangeID": "6",
        "m_ucItemType": "0x5",
        "m_iItemID": "6",
        "m_szItemName": "抵消Great",
        "m_iItemValue": "1",
        "m_iStarCost": "100",
        "m_iVersion": "0"
    },
    {
        "@version": "1",
        "m_iMallIndex": "7",
        "m_iMallActivityID": "10611",
        "m_iExchangeID": "1",
        "m_ucItemType": "0xa",
        "m_iItemID": "10901",
        "m_szItemName": "魔音海盗（限）",
        "m_iItemValue": "3",
        "m_iStarCost": "700",
        "m_iVersion": "0"
    },
    {
        "@version": "1",
        "m_iMallIndex": "8",
        "m_iMallActivityID": "10611",
        "m_iExchangeID": "2",
        "m_ucItemType": "0x3",
        "m_iItemID": "1",
        "m_szItemName": "《》",
        "m_iItemValue": "1",
        "m_iStarCost": "480",
        "m_iVersion": "0"
    },
    {
        "@version": "1",
        "m_iMallIndex": "9",
        "m_iMallActivityID": "10611",
        "m_iExchangeID": "3",
        "m_ucItemType": "0x5",
        "m_iItemID": "404",
        "m_szItemName": "88金币入场券",
        "m_iItemValue": "1",
        "m_iStarCost": "100",
        "m_iVersion": "0"
    },
    {
        "@version": "1",
        "m_iMallIndex": "10",
        "m_iMallActivityID": "10611",
        "m_iExchangeID": "4",
        "m_ucItemType": "0x5",
        "m_iItemID": "402",
        "m_szItemName": "积分抽奖",
        "m_iItemValue": "1",
        "m_iStarCost": "240",
        "m_iVersion": "0"
    },
    {
        "@version": "1",
        "m_iMallIndex": "11",
        "m_iMallActivityID": "10611",
        "m_iExchangeID": "5",
        "m_ucItemType": "0x5",
        "m_iItemID": "403",
        "m_szItemName": "免费跳关",
        "m_iItemValue": "1",
        "m_iStarCost": "120",
        "m_iVersion": "0"
    },
    {
        "@version": "1",
        "m_iMallIndex": "12",
        "m_iMallActivityID": "10611",
        "m_iExchangeID": "6",
        "m_ucItemType": "0x5",
        "m_iItemID": "10",
        "m_szItemName": "大MISS消除",
        "m_iItemValue": "1",
        "m_iStarCost": "120",
        "m_iVersion": "0"
    },
    {
        "@version": "1",
        "m_iMallIndex": "13",
        "m_iMallActivityID": "10612",
        "m_iExchangeID": "1",
        "m_ucItemType": "0xa",
        "m_iItemID": "11011",
        "m_szItemName": "大小姐（限）",
        "m_iItemValue": "3",
        "m_iStarCost": "300",
        "m_iVersion": "0"
    },
    {
        "@version": "1",
        "m_iMallIndex": "14",
        "m_iMallActivityID": "10612",
        "m_iExchangeID": "2",
        "m_ucItemType": "0x3",
        "m_iItemID": "1",
        "m_szItemName": "《》",
        "m_iItemValue": "1",
        "m_iStarCost": "480",
        "m_iVersion": "0"
    },
    {
        "@version": "1",
        "m_iMallIndex": "15",
        "m_iMallActivityID": "10612",
        "m_iExchangeID": "3",
        "m_ucItemType": "0x5",
        "m_iItemID": "404",
        "m_szItemName": "88金币入场券",
        "m_iItemValue": "1",
        "m_iStarCost": "100",
        "m_iVersion": "0"
    },
    {
        "@version": "1",
        "m_iMallIndex": "16",
        "m_iMallActivityID": "10612",
        "m_iExchangeID": "4",
        "m_ucItemType": "0x5",
        "m_iItemID": "402",
        "m_szItemName": "积分抽奖",
        "m_iItemValue": "1",
        "m_iStarCost": "240",
        "m_iVersion": "0"
    },
    {
        "@version": "1",
        "m_iMallIndex": "17",
        "m_iMallActivityID": "10612",
        "m_iExchangeID": "5",
        "m_ucItemType": "0x5",
        "m_iItemID": "403",
        "m_szItemName": "免费跳关",
        "m_iItemValue": "1",
        "m_iStarCost": "120",
        "m_iVersion": "0"
    },
    {
        "@version": "1",
        "m_iMallIndex": "18",
        "m_iMallActivityID": "10612",
        "m_iExchangeID": "6",
        "m_ucItemType": "0x5",
        "m_iItemID": "8",
        "m_szItemName": "不死鸟",
        "m_iItemValue": "1",
        "m_iStarCost": "100",
        "m_iVersion": "0"
    },
    {
        "@version": "1",
        "m_iMallIndex": "19",
        "m_iMallActivityID": "10613",
        "m_iExchangeID": "1",
        "m_ucItemType": "0xa",
        "m_iItemID": "10701",
        "m_szItemName": "钢琴王子（限）",
        "m_iItemValue": "3",
        "m_iStarCost": "700",
        "m_iVersion": "0"
    },
    {
        "@version": "1",
        "m_iMallIndex": "20",
        "m_iMallActivityID": "10613",
        "m_iExchangeID": "2",
        "m_ucItemType": "0x3",
        "m_iItemID": "1",
        "m_szItemName": "《》",
        "m_iItemValue": "1",
        "m_iStarCost": "480",
        "m_iVersion": "0"
    },
    {
        "@version": "1",
        "m_iMallIndex": "21",
        "m_iMallActivityID": "10613",
        "m_iExchangeID": "3",
        "m_ucItemType": "0x5",
        "m_iItemID": "404",
        "m_szItemName": "88金币入场券",
        "m_iItemValue": "1",
        "m_iStarCost": "100",
        "m_iVersion": "0"
    },
    {
        "@version": "1",
        "m_iMallIndex": "22",
        "m_iMallActivityID": "10613",
        "m_iExchangeID": "4",
        "m_ucItemType": "0x5",
        "m_iItemID": "402",
        "m_szItemName": "积分抽奖",
        "m_iItemValue": "1",
        "m_iStarCost": "240",
        "m_iVersion": "0"
    },
    {
        "@version": "1",
        "m_iMallIndex": "23",
        "m_iMallActivityID": "10613",
        "m_iExchangeID": "5",
        "m_ucItemType": "0x5",
        "m_iItemID": "403",
        "m_szItemName": "免费跳关",
        "m_iItemValue": "1",
        "m_iStarCost": "120",
        "m_iVersion": "0"
    },
    {
        "@version": "1",
        "m_iMallIndex": "24",
        "m_iMallActivityID": "10613",
        "m_iExchangeID": "6",
        "m_ucItemType": "0x5",
        "m_iItemID": "409",
        "m_szItemName": "无道具入场券",
        "m_iItemValue": "1",
        "m_iStarCost": "100",
        "m_iVersion": "0"
    }
]