[
    {
        "@version": "1",
        "m_ushMarketActID": "0",
        "m_szDescription": "0运营活动描述",
        "m_ucRewardNumber": "0x0"
    },
    {
        "@version": "1",
        "m_ushMarketActID": "88",
        "m_szDescription": "沃卡用户奖励",
        "m_ucRewardNumber": "0x2",
        "m_astReward": [
            {
                "@type": "MarketActReward",
                "m_ucRewardType": "0x1",
                "m_ushRewardID": "0",
                "m_iRewardValue": "500"
            },
            {
                "@type": "MarketActReward",
                "m_ucRewardType": "0x2",
                "m_ushRewardID": "0",
                "m_iRewardValue": "5"
            }
        ]
    },
    {
        "@version": "1",
        "m_ushMarketActID": "89",
        "m_szDescription": "三星用户首次登录豪华礼包1",
        "m_ucRewardNumber": "0x2",
        "m_astReward": [
            {
                "@type": "MarketActReward",
                "m_ucRewardType": "0x7",
                "m_ushRewardID": "0",
                "m_iRewardValue": "160"
            },
            {
                "@type": "MarketActReward",
                "m_ucRewardType": "0x1",
                "m_ushRewardID": "0",
                "m_iRewardValue": "800"
            }
        ]
    },
    {
        "@version": "1",
        "m_ushMarketActID": "90",
        "m_szDescription": "三星用户首次登录豪华礼包2",
        "m_ucRewardNumber": "0x2",
        "m_astReward": [
            {
                "@type": "MarketActReward",
                "m_ucRewardType": "0x5",
                "m_ushRewardID": "406",
                "m_iRewardValue": "406"
            },
            {
                "@type": "MarketActReward",
                "m_ucRewardType": "0x5",
                "m_ushRewardID": "403",
                "m_iRewardValue": "403"
            }
        ]
    },
    {
        "@version": "1",
        "m_ushMarketActID": "999",
        "m_szDescription": "更新版本送奖励",
        "m_ucRewardNumber": "0x1",
        "m_astReward": {
            "@type": "MarketActReward",
            "m_ucRewardType": "0x7",
            "m_ushRewardID": "0",
            "m_iRewardValue": "68"
        }
    },
    {
        "@version": "1",
        "m_ushMarketActID": "1000",
        "m_szDescription": "更新版本送奖励",
        "m_ucRewardNumber": "0x1",
        "m_astReward": {
            "@type": "MarketActReward",
            "m_ucRewardType": "0x7",
            "m_ushRewardID": "0",
            "m_iRewardValue": "68"
        }
    },
    {
        "@version": "1",
        "m_ushMarketActID": "1006",
        "m_szDescription": "更新版本送奖励",
        "m_ucRewardNumber": "0x1",
        "m_astReward": {
            "@type": "MarketActReward",
            "m_ucRewardType": "0x7",
            "m_ushRewardID": "0",
            "m_iRewardValue": "88"
        }
    }
]