[
    {
        "@version": "1",
        "m_ucBelongType": "0x0",
        "m_szName": "0显示的名称",
        "m_iIcon": "0",
        "m_iMinClientVersion": "0"
    },
    {
        "@version": "1",
        "m_ucBelongType": "0x1",
        "m_szName": "PK入场券",
        "m_iIcon": "3003",
        "m_iMinClientVersion": "23010001"
    },
    {
        "@version": "1",
        "m_ucBelongType": "0x2",
        "m_szName": "钻石",
        "m_iIcon": "3002",
        "m_iMinClientVersion": "23010001"
    },
    {
        "@version": "1",
        "m_ucBelongType": "0x3",
        "m_szName": "金币",
        "m_iIcon": "3001",
        "m_iMinClientVersion": "23010001"
    },
    {
        "@version": "1",
        "m_ucBelongType": "0x4",
        "m_szName": "免费跳关",
        "m_iIcon": "3004",
        "m_iMinClientVersion": "23010001"
    },
    {
        "@version": "1",
        "m_ucBelongType": "0x5",
        "m_szName": "积分抽奖",
        "m_iIcon": "3005",
        "m_iMinClientVersion": "23010001"
    },
    {
        "@version": "1",
        "m_ucBelongType": "0x6",
        "m_szName": "体力",
        "m_iIcon": "3006",
        "m_iMinClientVersion": "23010001"
    },
    {
        "@version": "1",
        "m_ucBelongType": "0x7",
        "m_szName": "限时角色",
        "m_iIcon": "3007",
        "m_iMinClientVersion": "23010001"
    },
    {
        "@version": "1",
        "m_ucBelongType": "0x8",
        "m_szName": "限时歌曲",
        "m_iIcon": "3008",
        "m_iMinClientVersion": "23010001"
    }
]