[
    {
        "@version": "1",
        "m_uItemID": "0",
        "m_uType": "0",
        "m_ucSubType": "0x0",
        "m_szItemName": "0 显示名称",
        "m_szDescription": "0 显示描述(背包",
        "m_szBeginTime": "0 道具开始启用的时间",
        "m_szEndTime": "0 道具到期后只能卖",
        "m_iSellCoin": "0",
        "m_iSellDiamond": "0",
        "m_iIconID": "0",
        "m_szResourceName": "0 Prefab 名称",
        "m_ucIsOpen": "0x0"
    },
    {
        "@version": "1",
        "m_uItemID": "21001",
        "m_uType": "1",
        "m_ucSubType": "0x1",
        "m_szItemName": "无",
        "m_szDescription": "无",
        "m_szBeginTime": "2020-01-01 00:00:00",
        "m_szEndTime": null,
        "m_iSellCoin": "0",
        "m_iSellDiamond": "0",
        "m_iIconID": "21001",
        "m_szResourceName": "1",
        "m_ucIsOpen": "0x1"
    },
    {
        "@version": "1",
        "m_uItemID": "21002",
        "m_uType": "1",
        "m_ucSubType": "0x1",
        "m_szItemName": "闯关能手",
        "m_szDescription": "老版本 999",
        "m_szBeginTime": "2020-01-01 00:00:00",
        "m_szEndTime": null,
        "m_iSellCoin": "0",
        "m_iSellDiamond": "0",
        "m_iIconID": "21002",
        "m_szResourceName": "2",
        "m_ucIsOpen": "0x0"
    },
    {
        "@version": "1",
        "m_uItemID": "21003",
        "m_uType": "1",
        "m_ucSubType": "0x1",
        "m_szItemName": "闯关能手",
        "m_szDescription": "老版本 999",
        "m_szBeginTime": "2020-01-01 00:00:00",
        "m_szEndTime": null,
        "m_iSellCoin": "0",
        "m_iSellDiamond": "0",
        "m_iIconID": "21003",
        "m_szResourceName": "3",
        "m_ucIsOpen": "0x0"
    },
    {
        "@version": "1",
        "m_uItemID": "21004",
        "m_uType": "1",
        "m_ucSubType": "0x1",
        "m_szItemName": "闯关能手",
        "m_szDescription": "老版本 999",
        "m_szBeginTime": "2020-01-01 00:00:00",
        "m_szEndTime": null,
        "m_iSellCoin": "0",
        "m_iSellDiamond": "0",
        "m_iIconID": "21004",
        "m_szResourceName": "2",
        "m_ucIsOpen": "0x0"
    },
    {
        "@version": "1",
        "m_uItemID": "21011",
        "m_uType": "1",
        "m_ucSubType": "0x1",
        "m_szItemName": "小白",
        "m_szDescription": "老版本段位",
        "m_szBeginTime": "2020-01-01 00:00:00",
        "m_szEndTime": null,
        "m_iSellCoin": "0",
        "m_iSellDiamond": "0",
        "m_iIconID": "21011",
        "m_szResourceName": "3",
        "m_ucIsOpen": "0x0"
    },
    {
        "@version": "1",
        "m_uItemID": "21012",
        "m_uType": "1",
        "m_ucSubType": "0x1",
        "m_szItemName": "入门",
        "m_szDescription": "老版本段位",
        "m_szBeginTime": "2020-01-01 00:00:00",
        "m_szEndTime": null,
        "m_iSellCoin": "0",
        "m_iSellDiamond": "0",
        "m_iIconID": "21012",
        "m_szResourceName": "2",
        "m_ucIsOpen": "0x0"
    },
    {
        "@version": "1",
        "m_uItemID": "21013",
        "m_uType": "1",
        "m_ucSubType": "0x1",
        "m_szItemName": "进阶",
        "m_szDescription": "老版本段位",
        "m_szBeginTime": "2020-01-01 00:00:00",
        "m_szEndTime": null,
        "m_iSellCoin": "0",
        "m_iSellDiamond": "0",
        "m_iIconID": "21013",
        "m_szResourceName": "3",
        "m_ucIsOpen": "0x0"
    },
    {
        "@version": "1",
        "m_uItemID": "21014",
        "m_uType": "1",
        "m_ucSubType": "0x1",
        "m_szItemName": "普通",
        "m_szDescription": "老版本段位",
        "m_szBeginTime": "2020-01-01 00:00:00",
        "m_szEndTime": null,
        "m_iSellCoin": "0",
        "m_iSellDiamond": "0",
        "m_iIconID": "21014",
        "m_szResourceName": "2",
        "m_ucIsOpen": "0x0"
    },
    {
        "@version": "1",
        "m_uItemID": "21015",
        "m_uType": "1",
        "m_ucSubType": "0x1",
        "m_szItemName": "高手",
        "m_szDescription": "老版本段位",
        "m_szBeginTime": "2020-01-01 00:00:00",
        "m_szEndTime": null,
        "m_iSellCoin": "0",
        "m_iSellDiamond": "0",
        "m_iIconID": "21015",
        "m_szResourceName": "3",
        "m_ucIsOpen": "0x0"
    },
    {
        "@version": "1",
        "m_uItemID": "21016",
        "m_uType": "1",
        "m_ucSubType": "0x1",
        "m_szItemName": "专业",
        "m_szDescription": "老版本段位",
        "m_szBeginTime": "2020-01-01 00:00:00",
        "m_szEndTime": null,
        "m_iSellCoin": "0",
        "m_iSellDiamond": "0",
        "m_iIconID": "21016",
        "m_szResourceName": "2",
        "m_ucIsOpen": "0x0"
    },
    {
        "@version": "1",
        "m_uItemID": "21017",
        "m_uType": "1",
        "m_ucSubType": "0x1",
        "m_szItemName": "大师",
        "m_szDescription": "老版本段位",
        "m_szBeginTime": "2020-01-01 00:00:00",
        "m_szEndTime": null,
        "m_iSellCoin": "0",
        "m_iSellDiamond": "0",
        "m_iIconID": "21017",
        "m_szResourceName": "3",
        "m_ucIsOpen": "0x0"
    },
    {
        "@version": "1",
        "m_uItemID": "21101",
        "m_uType": "1",
        "m_ucSubType": "0x1",
        "m_szItemName": "头像框1",
        "m_szDescription": "头像框1",
        "m_szBeginTime": "2020-01-01 00:00:00",
        "m_szEndTime": null,
        "m_iSellCoin": "0",
        "m_iSellDiamond": "0",
        "m_iIconID": "21101",
        "m_szResourceName": "2",
        "m_ucIsOpen": "0x1"
    },
    {
        "@version": "1",
        "m_uItemID": "21102",
        "m_uType": "1",
        "m_ucSubType": "0x1",
        "m_szItemName": "头像框2",
        "m_szDescription": "头像框2",
        "m_szBeginTime": "2020-01-01 00:00:00",
        "m_szEndTime": null,
        "m_iSellCoin": "0",
        "m_iSellDiamond": "0",
        "m_iIconID": "21102",
        "m_szResourceName": "3",
        "m_ucIsOpen": "0x1"
    },
    {
        "@version": "1",
        "m_uItemID": "22001",
        "m_uType": "1",
        "m_ucSubType": "0x2",
        "m_szItemName": "默认名牌背景",
        "m_szDescription": "默认名牌背景",
        "m_szBeginTime": "2020-01-01 00:00:00",
        "m_szEndTime": null,
        "m_iSellCoin": "0",
        "m_iSellDiamond": "0",
        "m_iIconID": "22001",
        "m_szResourceName": "1",
        "m_ucIsOpen": "0x1"
    },
    {
        "@version": "1",
        "m_uItemID": "22002",
        "m_uType": "1",
        "m_ucSubType": "0x2",
        "m_szItemName": "闯关精英",
        "m_szDescription": "老版本 1299",
        "m_szBeginTime": "2020-01-01 00:00:00",
        "m_szEndTime": null,
        "m_iSellCoin": "0",
        "m_iSellDiamond": "0",
        "m_iIconID": "22002",
        "m_szResourceName": "2",
        "m_ucIsOpen": "0x0"
    },
    {
        "@version": "1",
        "m_uItemID": "22003",
        "m_uType": "1",
        "m_ucSubType": "0x2",
        "m_szItemName": "闯关精英",
        "m_szDescription": "老版本 1299",
        "m_szBeginTime": "2020-01-01 00:00:00",
        "m_szEndTime": null,
        "m_iSellCoin": "0",
        "m_iSellDiamond": "0",
        "m_iIconID": "22003",
        "m_szResourceName": "3",
        "m_ucIsOpen": "0x0"
    },
    {
        "@version": "1",
        "m_uItemID": "22004",
        "m_uType": "1",
        "m_ucSubType": "0x2",
        "m_szItemName": "闯关精英",
        "m_szDescription": "老版本 1299",
        "m_szBeginTime": "2020-01-01 00:00:00",
        "m_szEndTime": null,
        "m_iSellCoin": "0",
        "m_iSellDiamond": "0",
        "m_iIconID": "22004",
        "m_szResourceName": "2",
        "m_ucIsOpen": "0x0"
    },
    {
        "@version": "1",
        "m_uItemID": "22011",
        "m_uType": "1",
        "m_ucSubType": "0x2",
        "m_szItemName": "小白",
        "m_szDescription": "老版本段位",
        "m_szBeginTime": "2020-01-01 00:00:00",
        "m_szEndTime": null,
        "m_iSellCoin": "0",
        "m_iSellDiamond": "0",
        "m_iIconID": "22011",
        "m_szResourceName": "3",
        "m_ucIsOpen": "0x0"
    },
    {
        "@version": "1",
        "m_uItemID": "22012",
        "m_uType": "1",
        "m_ucSubType": "0x2",
        "m_szItemName": "小白",
        "m_szDescription": "老版本段位",
        "m_szBeginTime": "2020-01-01 00:00:00",
        "m_szEndTime": null,
        "m_iSellCoin": "0",
        "m_iSellDiamond": "0",
        "m_iIconID": "22012",
        "m_szResourceName": "2",
        "m_ucIsOpen": "0x0"
    },
    {
        "@version": "1",
        "m_uItemID": "22013",
        "m_uType": "1",
        "m_ucSubType": "0x2",
        "m_szItemName": "进阶",
        "m_szDescription": "老版本段位",
        "m_szBeginTime": "2020-01-01 00:00:00",
        "m_szEndTime": null,
        "m_iSellCoin": "0",
        "m_iSellDiamond": "0",
        "m_iIconID": "22013",
        "m_szResourceName": "3",
        "m_ucIsOpen": "0x0"
    },
    {
        "@version": "1",
        "m_uItemID": "22014",
        "m_uType": "1",
        "m_ucSubType": "0x2",
        "m_szItemName": "进阶",
        "m_szDescription": "老版本段位",
        "m_szBeginTime": "2020-01-01 00:00:00",
        "m_szEndTime": null,
        "m_iSellCoin": "0",
        "m_iSellDiamond": "0",
        "m_iIconID": "22014",
        "m_szResourceName": "2",
        "m_ucIsOpen": "0x0"
    },
    {
        "@version": "1",
        "m_uItemID": "22015",
        "m_uType": "1",
        "m_ucSubType": "0x2",
        "m_szItemName": "高手",
        "m_szDescription": "老版本段位",
        "m_szBeginTime": "2020-01-01 00:00:00",
        "m_szEndTime": null,
        "m_iSellCoin": "0",
        "m_iSellDiamond": "0",
        "m_iIconID": "22015",
        "m_szResourceName": "3",
        "m_ucIsOpen": "0x0"
    },
    {
        "@version": "1",
        "m_uItemID": "22016",
        "m_uType": "1",
        "m_ucSubType": "0x2",
        "m_szItemName": "专业",
        "m_szDescription": "老版本段位",
        "m_szBeginTime": "2020-01-01 00:00:00",
        "m_szEndTime": null,
        "m_iSellCoin": "0",
        "m_iSellDiamond": "0",
        "m_iIconID": "22016",
        "m_szResourceName": "2",
        "m_ucIsOpen": "0x0"
    },
    {
        "@version": "1",
        "m_uItemID": "22017",
        "m_uType": "1",
        "m_ucSubType": "0x2",
        "m_szItemName": "大师",
        "m_szDescription": "老版本段位",
        "m_szBeginTime": "2020-01-01 00:00:00",
        "m_szEndTime": null,
        "m_iSellCoin": "0",
        "m_iSellDiamond": "0",
        "m_iIconID": "22017",
        "m_szResourceName": "3",
        "m_ucIsOpen": "0x0"
    },
    {
        "@version": "1",
        "m_uItemID": "22101",
        "m_uType": "1",
        "m_ucSubType": "0x2",
        "m_szItemName": "名牌背景1",
        "m_szDescription": "名牌背景1",
        "m_szBeginTime": "2020-01-01 00:00:00",
        "m_szEndTime": null,
        "m_iSellCoin": "0",
        "m_iSellDiamond": "0",
        "m_iIconID": "22101",
        "m_szResourceName": "2",
        "m_ucIsOpen": "0x1"
    },
    {
        "@version": "1",
        "m_uItemID": "22102",
        "m_uType": "1",
        "m_ucSubType": "0x2",
        "m_szItemName": "名牌背景2",
        "m_szDescription": "名牌背景2",
        "m_szBeginTime": "2020-01-01 00:00:00",
        "m_szEndTime": null,
        "m_iSellCoin": "0",
        "m_iSellDiamond": "0",
        "m_iIconID": "22102",
        "m_szResourceName": "3",
        "m_ucIsOpen": "0x1"
    },
    {
        "@version": "1",
        "m_uItemID": "23001",
        "m_uType": "1",
        "m_ucSubType": "0x3",
        "m_szItemName": "无",
        "m_szDescription": "无",
        "m_szBeginTime": "2020-01-01 00:00:00",
        "m_szEndTime": null,
        "m_iSellCoin": "0",
        "m_iSellDiamond": "0",
        "m_iIconID": "23001",
        "m_szResourceName": "1",
        "m_ucIsOpen": "0x1"
    },
    {
        "@version": "1",
        "m_uItemID": "23002",
        "m_uType": "1",
        "m_ucSubType": "0x3",
        "m_szItemName": "闯关大师",
        "m_szDescription": "老版本 1699",
        "m_szBeginTime": "2020-01-01 00:00:00",
        "m_szEndTime": null,
        "m_iSellCoin": "0",
        "m_iSellDiamond": "0",
        "m_iIconID": "23002",
        "m_szResourceName": "2",
        "m_ucIsOpen": "0x0"
    },
    {
        "@version": "1",
        "m_uItemID": "23003",
        "m_uType": "1",
        "m_ucSubType": "0x3",
        "m_szItemName": "闯关大师",
        "m_szDescription": "老版本 1699",
        "m_szBeginTime": "2020-01-01 00:00:00",
        "m_szEndTime": null,
        "m_iSellCoin": "0",
        "m_iSellDiamond": "0",
        "m_iIconID": "23003",
        "m_szResourceName": "3",
        "m_ucIsOpen": "0x0"
    },
    {
        "@version": "1",
        "m_uItemID": "23005",
        "m_uType": "1",
        "m_ucSubType": "0x3",
        "m_szItemName": "闯关大师",
        "m_szDescription": "老版本 1699",
        "m_szBeginTime": "2020-01-01 00:00:00",
        "m_szEndTime": null,
        "m_iSellCoin": "0",
        "m_iSellDiamond": "0",
        "m_iIconID": "23005",
        "m_szResourceName": "2",
        "m_ucIsOpen": "0x0"
    },
    {
        "@version": "1",
        "m_uItemID": "23011",
        "m_uType": "1",
        "m_ucSubType": "0x3",
        "m_szItemName": "小白",
        "m_szDescription": "老版本段位",
        "m_szBeginTime": "2020-01-01 00:00:00",
        "m_szEndTime": null,
        "m_iSellCoin": "0",
        "m_iSellDiamond": "0",
        "m_iIconID": "23011",
        "m_szResourceName": "3",
        "m_ucIsOpen": "0x0"
    },
    {
        "@version": "1",
        "m_uItemID": "23012",
        "m_uType": "1",
        "m_ucSubType": "0x3",
        "m_szItemName": "小白",
        "m_szDescription": "老版本段位",
        "m_szBeginTime": "2020-01-01 00:00:00",
        "m_szEndTime": null,
        "m_iSellCoin": "0",
        "m_iSellDiamond": "0",
        "m_iIconID": "23012",
        "m_szResourceName": "2",
        "m_ucIsOpen": "0x0"
    },
    {
        "@version": "1",
        "m_uItemID": "23013",
        "m_uType": "1",
        "m_ucSubType": "0x3",
        "m_szItemName": "进阶",
        "m_szDescription": "老版本段位",
        "m_szBeginTime": "2020-01-01 00:00:00",
        "m_szEndTime": null,
        "m_iSellCoin": "0",
        "m_iSellDiamond": "0",
        "m_iIconID": "23013",
        "m_szResourceName": "3",
        "m_ucIsOpen": "0x0"
    },
    {
        "@version": "1",
        "m_uItemID": "23014",
        "m_uType": "1",
        "m_ucSubType": "0x3",
        "m_szItemName": "普通",
        "m_szDescription": "老版本段位",
        "m_szBeginTime": "2020-01-01 00:00:00",
        "m_szEndTime": null,
        "m_iSellCoin": "0",
        "m_iSellDiamond": "0",
        "m_iIconID": "23014",
        "m_szResourceName": "2",
        "m_ucIsOpen": "0x0"
    },
    {
        "@version": "1",
        "m_uItemID": "23015",
        "m_uType": "1",
        "m_ucSubType": "0x3",
        "m_szItemName": "高手",
        "m_szDescription": "老版本段位",
        "m_szBeginTime": "2020-01-01 00:00:00",
        "m_szEndTime": null,
        "m_iSellCoin": "0",
        "m_iSellDiamond": "0",
        "m_iIconID": "23015",
        "m_szResourceName": "3",
        "m_ucIsOpen": "0x0"
    },
    {
        "@version": "1",
        "m_uItemID": "23016",
        "m_uType": "1",
        "m_ucSubType": "0x3",
        "m_szItemName": "专业",
        "m_szDescription": "老版本段位",
        "m_szBeginTime": "2020-01-01 00:00:00",
        "m_szEndTime": null,
        "m_iSellCoin": "0",
        "m_iSellDiamond": "0",
        "m_iIconID": "23016",
        "m_szResourceName": "2",
        "m_ucIsOpen": "0x0"
    },
    {
        "@version": "1",
        "m_uItemID": "23017",
        "m_uType": "1",
        "m_ucSubType": "0x3",
        "m_szItemName": "大师",
        "m_szDescription": "老版本段位",
        "m_szBeginTime": "2020-01-01 00:00:00",
        "m_szEndTime": null,
        "m_iSellCoin": "0",
        "m_iSellDiamond": "0",
        "m_iIconID": "23017",
        "m_szResourceName": "3",
        "m_ucIsOpen": "0x0"
    },
    {
        "@version": "1",
        "m_uItemID": "23101",
        "m_uType": "1",
        "m_ucSubType": "0x3",
        "m_szItemName": "你好",
        "m_szDescription": null,
        "m_szBeginTime": "2020-01-01 00:00:00",
        "m_szEndTime": null,
        "m_iSellCoin": "0",
        "m_iSellDiamond": "0",
        "m_iIconID": "23101",
        "m_szResourceName": "1",
        "m_ucIsOpen": "0x0"
    },
    {
        "@version": "1",
        "m_uItemID": "23102",
        "m_uType": "1",
        "m_ucSubType": "0x3",
        "m_szItemName": "我是新手",
        "m_szDescription": null,
        "m_szBeginTime": "2020-01-01 00:00:00",
        "m_szEndTime": null,
        "m_iSellCoin": "0",
        "m_iSellDiamond": "0",
        "m_iIconID": "23102",
        "m_szResourceName": "2",
        "m_ucIsOpen": "0x1"
    },
    {
        "@version": "1",
        "m_uItemID": "23103",
        "m_uType": "1",
        "m_ucSubType": "0x3",
        "m_szItemName": "喜爱4键",
        "m_szDescription": null,
        "m_szBeginTime": "2020-01-01 00:00:00",
        "m_szEndTime": null,
        "m_iSellCoin": "0",
        "m_iSellDiamond": "0",
        "m_iIconID": "23103",
        "m_szResourceName": "3",
        "m_ucIsOpen": "0x1"
    },
    {
        "@version": "1",
        "m_uItemID": "23104",
        "m_uType": "1",
        "m_ucSubType": "0x3",
        "m_szItemName": "喜爱5键",
        "m_szDescription": null,
        "m_szBeginTime": "2020-01-01 00:00:00",
        "m_szEndTime": null,
        "m_iSellCoin": "0",
        "m_iSellDiamond": "0",
        "m_iIconID": "23104",
        "m_szResourceName": "1",
        "m_ucIsOpen": "0x1"
    },
    {
        "@version": "1",
        "m_uItemID": "23105",
        "m_uType": "1",
        "m_ucSubType": "0x3",
        "m_szItemName": "喜爱6键",
        "m_szDescription": null,
        "m_szBeginTime": "2020-01-01 00:00:00",
        "m_szEndTime": null,
        "m_iSellCoin": "0",
        "m_iSellDiamond": "0",
        "m_iIconID": "23105",
        "m_szResourceName": "2",
        "m_ucIsOpen": "0x1"
    }
]