[
    {
        "@version": "1",
        "m_ushIndex": "1",
        "m_szDesc": "经典动漫音乐包",
        "m_iIconID": "1",
        "m_ucIsNew": "1",
        "m_ucIsHot": "0",
        "m_bPriceType": "0x2",
        "m_ushDiscount": "80",
        "m_iNum": "0x2",
        "m_astSongs": [
            {
                "@type": "PackSong",
                "m_iSongID": "158",
                "m_bCanBuy": "0x1"
            },
            {
                "@type": "PackSong",
                "m_iSongID": "168",
                "m_bCanBuy": "0x1"
            }
        ]
    },
    {
        "@version": "1",
        "m_ushIndex": "2",
        "m_szDesc": "节奏大师原创包",
        "m_iIconID": "2",
        "m_ucIsNew": "1",
        "m_ucIsHot": "0",
        "m_bPriceType": "0x3",
        "m_ushDiscount": "80",
        "m_iNum": "0x6",
        "m_astSongs": [
            {
                "@type": "PackSong",
                "m_iSongID": "15",
                "m_bCanBuy": "0x0"
            },
            {
                "@type": "PackSong",
                "m_iSongID": "16",
                "m_bCanBuy": "0x0"
            },
            {
                "@type": "PackSong",
                "m_iSongID": "37",
                "m_bCanBuy": "0x0"
            },
            {
                "@type": "PackSong",
                "m_iSongID": "89",
                "m_bCanBuy": "0x0"
            },
            {
                "@type": "PackSong",
                "m_iSongID": "112",
                "m_bCanBuy": "0x0"
            },
            {
                "@type": "PackSong",
                "m_iSongID": "237",
                "m_bCanBuy": "0x0"
            }
        ]
    },
    {
        "@version": "1",
        "m_ushIndex": "3",
        "m_szDesc": "节奏大师原创包2",
        "m_iIconID": "3",
        "m_ucIsNew": "1",
        "m_ucIsHot": "0",
        "m_bPriceType": "0x3",
        "m_ushDiscount": "80",
        "m_iNum": "0x6",
        "m_astSongs": [
            {
                "@type": "PackSong",
                "m_iSongID": "315",
                "m_bCanBuy": "0x1"
            },
            {
                "@type": "PackSong",
                "m_iSongID": "316",
                "m_bCanBuy": "0x1"
            },
            {
                "@type": "PackSong",
                "m_iSongID": "317",
                "m_bCanBuy": "0x1"
            },
            {
                "@type": "PackSong",
                "m_iSongID": "438",
                "m_bCanBuy": "0x1"
            },
            {
                "@type": "PackSong",
                "m_iSongID": "475",
                "m_bCanBuy": "0x1"
            },
            {
                "@type": "PackSong",
                "m_iSongID": "514",
                "m_bCanBuy": "0x1"
            }
        ]
    }
]