[
    {
        "@version": "1",
        "m_ushChargeID": "0",
        "m_ucType": "0x0",
        "m_iThingID": "0",
        "m_szItemName": "0显示名称",
        "m_iThingNumber": "0",
        "m_iBounsNumber": "0",
        "m_iIOSMoney": "0",
        "m_iAndroidMoney": "0",
        "m_iDiamonds": "0",
        "m_iCoupon": "0",
        "m_iRMB": "0",
        "m_szDescriptionName": "0描述",
        "m_szProductIDiOS": "0米大师ID IOS",
        "m_szProductIDAndroid": "0米大师ID Android",
        "m_iIconID": "0",
        "m_iSequence": "0",
        "m_iIsopen": "0",
        "m_iIsone": "0",
        "m_iIsShowInGame": "0x0",
        "m_iIsShowInShop": "0x0",
        "m_szStartTime": null,
        "m_szEndTime": null,
        "m_ucLimitType": "0x0",
        "m_ucLimitNum": "0"
    },
    {
        "@version": "1",
        "m_ushChargeID": "1",
        "m_ucType": "0x12",
        "m_iThingID": "0",
        "m_szItemName": "10点券",
        "m_iThingNumber": "10",
        "m_iBounsNumber": "0",
        "m_iIOSMoney": "0",
        "m_iAndroidMoney": "0",
        "m_iDiamonds": "0",
        "m_iCoupon": "0",
        "m_iRMB": "1",
        "m_szDescriptionName": "10点券",
        "m_szProductIDiOS": null,
        "m_szProductIDAndroid": "PRO-I5NCK75BIBLR",
        "m_iIconID": "40001",
        "m_iSequence": "1",
        "m_iIsopen": "1",
        "m_iIsone": "1",
        "m_iIsShowInGame": "0x0",
        "m_iIsShowInShop": "0x1",
        "m_szStartTime": null,
        "m_szEndTime": null,
        "m_ucLimitType": "0x0",
        "m_ucLimitNum": "0"
    },
    {
        "@version": "1",
        "m_ushChargeID": "2",
        "m_ucType": "0x12",
        "m_iThingID": "0",
        "m_szItemName": "60点券",
        "m_iThingNumber": "60",
        "m_iBounsNumber": "0",
        "m_iIOSMoney": "0",
        "m_iAndroidMoney": "0",
        "m_iDiamonds": "0",
        "m_iCoupon": "0",
        "m_iRMB": "6",
        "m_szDescriptionName": "60点券",
        "m_szProductIDiOS": null,
        "m_szProductIDAndroid": "PRO-GB65SS12ILPH",
        "m_iIconID": "40002",
        "m_iSequence": "2",
        "m_iIsopen": "1",
        "m_iIsone": "1",
        "m_iIsShowInGame": "0x0",
        "m_iIsShowInShop": "0x1",
        "m_szStartTime": null,
        "m_szEndTime": null,
        "m_ucLimitType": "0x0",
        "m_ucLimitNum": "0"
    },
    {
        "@version": "1",
        "m_ushChargeID": "3",
        "m_ucType": "0x12",
        "m_iThingID": "0",
        "m_szItemName": "300点券",
        "m_iThingNumber": "300",
        "m_iBounsNumber": "0",
        "m_iIOSMoney": "0",
        "m_iAndroidMoney": "0",
        "m_iDiamonds": "0",
        "m_iCoupon": "0",
        "m_iRMB": "30",
        "m_szDescriptionName": "300点券",
        "m_szProductIDiOS": null,
        "m_szProductIDAndroid": "PRO-E5O11ICDBKBH",
        "m_iIconID": "40003",
        "m_iSequence": "3",
        "m_iIsopen": "1",
        "m_iIsone": "1",
        "m_iIsShowInGame": "0x0",
        "m_iIsShowInShop": "0x1",
        "m_szStartTime": null,
        "m_szEndTime": null,
        "m_ucLimitType": "0x0",
        "m_ucLimitNum": "0"
    },
    {
        "@version": "1",
        "m_ushChargeID": "4",
        "m_ucType": "0x12",
        "m_iThingID": "0",
        "m_szItemName": "680点券",
        "m_iThingNumber": "680",
        "m_iBounsNumber": "0",
        "m_iIOSMoney": "0",
        "m_iAndroidMoney": "0",
        "m_iDiamonds": "0",
        "m_iCoupon": "0",
        "m_iRMB": "68",
        "m_szDescriptionName": "680点券",
        "m_szProductIDiOS": null,
        "m_szProductIDAndroid": "PRO-D8FLKN14BMNL",
        "m_iIconID": "40004",
        "m_iSequence": "4",
        "m_iIsopen": "1",
        "m_iIsone": "1",
        "m_iIsShowInGame": "0x0",
        "m_iIsShowInShop": "0x1",
        "m_szStartTime": null,
        "m_szEndTime": null,
        "m_ucLimitType": "0x0",
        "m_ucLimitNum": "0"
    },
    {
        "@version": "1",
        "m_ushChargeID": "5",
        "m_ucType": "0x12",
        "m_iThingID": "0",
        "m_szItemName": "1280点券",
        "m_iThingNumber": "1280",
        "m_iBounsNumber": "60",
        "m_iIOSMoney": "0",
        "m_iAndroidMoney": "0",
        "m_iDiamonds": "0",
        "m_iCoupon": "0",
        "m_iRMB": "128",
        "m_szDescriptionName": "1280点券 额外赠送60点券",
        "m_szProductIDiOS": null,
        "m_szProductIDAndroid": "PRO-61VBJSP1AQQQ",
        "m_iIconID": "40005",
        "m_iSequence": "5",
        "m_iIsopen": "1",
        "m_iIsone": "1",
        "m_iIsShowInGame": "0x0",
        "m_iIsShowInShop": "0x1",
        "m_szStartTime": null,
        "m_szEndTime": null,
        "m_ucLimitType": "0x0",
        "m_ucLimitNum": "0"
    },
    {
        "@version": "1",
        "m_ushChargeID": "6",
        "m_ucType": "0x12",
        "m_iThingID": "0",
        "m_szItemName": "1980点券",
        "m_iThingNumber": "1980",
        "m_iBounsNumber": "120",
        "m_iIOSMoney": "0",
        "m_iAndroidMoney": "0",
        "m_iDiamonds": "0",
        "m_iCoupon": "0",
        "m_iRMB": "198",
        "m_szDescriptionName": "1980点券 额外赠送120点券",
        "m_szProductIDiOS": null,
        "m_szProductIDAndroid": "PRO-92KBL9BQKJPN",
        "m_iIconID": "40006",
        "m_iSequence": "6",
        "m_iIsopen": "1",
        "m_iIsone": "1",
        "m_iIsShowInGame": "0x0",
        "m_iIsShowInShop": "0x1",
        "m_szStartTime": null,
        "m_szEndTime": null,
        "m_ucLimitType": "0x0",
        "m_ucLimitNum": "0"
    },
    {
        "@version": "1",
        "m_ushChargeID": "7",
        "m_ucType": "0x12",
        "m_iThingID": "0",
        "m_szItemName": "3280点券",
        "m_iThingNumber": "3280",
        "m_iBounsNumber": "240",
        "m_iIOSMoney": "0",
        "m_iAndroidMoney": "0",
        "m_iDiamonds": "0",
        "m_iCoupon": "0",
        "m_iRMB": "328",
        "m_szDescriptionName": "3280点券 额外赠送240点券",
        "m_szProductIDiOS": null,
        "m_szProductIDAndroid": "PRO-ASL4JHEQNJQN",
        "m_iIconID": "40007",
        "m_iSequence": "7",
        "m_iIsopen": "1",
        "m_iIsone": "1",
        "m_iIsShowInGame": "0x0",
        "m_iIsShowInShop": "0x1",
        "m_szStartTime": null,
        "m_szEndTime": null,
        "m_ucLimitType": "0x0",
        "m_ucLimitNum": "0"
    },
    {
        "@version": "1",
        "m_ushChargeID": "8",
        "m_ucType": "0x12",
        "m_iThingID": "0",
        "m_szItemName": "6480点券",
        "m_iThingNumber": "6480",
        "m_iBounsNumber": "600",
        "m_iIOSMoney": "0",
        "m_iAndroidMoney": "0",
        "m_iDiamonds": "0",
        "m_iCoupon": "0",
        "m_iRMB": "648",
        "m_szDescriptionName": "6480点券 额外赠送600点券",
        "m_szProductIDiOS": null,
        "m_szProductIDAndroid": "PRO-SRCCHKDMASCF",
        "m_iIconID": "40008",
        "m_iSequence": "8",
        "m_iIsopen": "1",
        "m_iIsone": "1",
        "m_iIsShowInGame": "0x0",
        "m_iIsShowInShop": "0x1",
        "m_szStartTime": null,
        "m_szEndTime": null,
        "m_ucLimitType": "0x0",
        "m_ucLimitNum": "0"
    }
]