[
    {
        "@version": "1",
        "m_iID": "0",
        "m_szName": "0勋章名称",
        "m_iStarValue": "0",
        "m_szIconID": "0图标ID",
        "m_iVersion": "0"
    },
    {
        "@version": "1",
        "m_iID": "1",
        "m_szName": "乐坛新兵",
        "m_iStarValue": "300",
        "m_szIconID": "star_01",
        "m_iVersion": "0"
    },
    {
        "@version": "1",
        "m_iID": "2",
        "m_szName": "崭露头角",
        "m_iStarValue": "1000",
        "m_szIconID": "star_02",
        "m_iVersion": "0"
    },
    {
        "@version": "1",
        "m_iID": "3",
        "m_szName": "新人偶像",
        "m_iStarValue": "2400",
        "m_szIconID": "star_03",
        "m_iVersion": "0"
    },
    {
        "@version": "1",
        "m_iID": "4",
        "m_szName": "乐坛名人",
        "m_iStarValue": "4800",
        "m_szIconID": "star_04",
        "m_iVersion": "0"
    },
    {
        "@version": "1",
        "m_iID": "5",
        "m_szName": "皇家乐师",
        "m_iStarValue": "10000",
        "m_szIconID": "star_05",
        "m_iVersion": "0"
    },
    {
        "@version": "1",
        "m_iID": "6",
        "m_szName": "节奏达人",
        "m_iStarValue": "18000",
        "m_szIconID": "star_06",
        "m_iVersion": "0"
    },
    {
        "@version": "1",
        "m_iID": "7",
        "m_szName": "传奇巨星",
        "m_iStarValue": "27000",
        "m_szIconID": "star_07",
        "m_iVersion": "0"
    },
    {
        "@version": "1",
        "m_iID": "8",
        "m_szName": "灵魂乐者",
        "m_iStarValue": "40000",
        "m_szIconID": "star_08",
        "m_iVersion": "0"
    },
    {
        "@version": "1",
        "m_iID": "9",
        "m_szName": "音乐之王",
        "m_iStarValue": "60000",
        "m_szIconID": "star_09",
        "m_iVersion": "0"
    }
]