[
    {
        "@version": "1",
        "m_iParamID": "0",
        "m_iParamValue": "0"
    },
    {
        "@version": "1",
        "m_iParamID": "1",
        "m_iParamValue": "288"
    },
    {
        "@version": "1",
        "m_iParamID": "2",
        "m_iParamValue": "25"
    },
    {
        "@version": "1",
        "m_iParamID": "3",
        "m_iParamValue": "288"
    },
    {
        "@version": "1",
        "m_iParamID": "4",
        "m_iParamValue": "25"
    },
    {
        "@version": "1",
        "m_iParamID": "5",
        "m_iParamValue": "80"
    },
    {
        "@version": "1",
        "m_iParamID": "6",
        "m_iParamValue": "19"
    },
    {
        "@version": "1",
        "m_iParamID": "7",
        "m_iParamValue": "9"
    },
    {
        "@version": "1",
        "m_iParamID": "8",
        "m_iParamValue": "5"
    },
    {
        "@version": "1",
        "m_iParamID": "9",
        "m_iParamValue": "1"
    },
    {
        "@version": "1",
        "m_iParamID": "10",
        "m_iParamValue": "100"
    },
    {
        "@version": "1",
        "m_iParamID": "11",
        "m_iParamValue": "100"
    },
    {
        "@version": "1",
        "m_iParamID": "13",
        "m_iParamValue": "0"
    },
    {
        "@version": "1",
        "m_iParamID": "14",
        "m_iParamValue": "0"
    },
    {
        "@version": "1",
        "m_iParamID": "15",
        "m_iParamValue": "300"
    },
    {
        "@version": "1",
        "m_iParamID": "16",
        "m_iParamValue": "11000"
    },
    {
        "@version": "1",
        "m_iParamID": "17",
        "m_iParamValue": "19"
    },
    {
        "@version": "1",
        "m_iParamID": "18",
        "m_iParamValue": "300"
    },
    {
        "@version": "1",
        "m_iParamID": "19",
        "m_iParamValue": "15000"
    },
    {
        "@version": "1",
        "m_iParamID": "20",
        "m_iParamValue": "12000"
    },
    {
        "@version": "1",
        "m_iParamID": "21",
        "m_iParamValue": "10000"
    },
    {
        "@version": "1",
        "m_iParamID": "22",
        "m_iParamValue": "8000"
    },
    {
        "@version": "1",
        "m_iParamID": "23",
        "m_iParamValue": "5000"
    },
    {
        "@version": "1",
        "m_iParamID": "24",
        "m_iParamValue": "2000"
    },
    {
        "@version": "1",
        "m_iParamID": "25",
        "m_iParamValue": "0"
    },
    {
        "@version": "1",
        "m_iParamID": "26",
        "m_iParamValue": "100"
    },
    {
        "@version": "1",
        "m_iParamID": "27",
        "m_iParamValue": "100"
    },
    {
        "@version": "1",
        "m_iParamID": "28",
        "m_iParamValue": "50"
    },
    {
        "@version": "1",
        "m_iParamID": "29",
        "m_iParamValue": "0"
    },
    {
        "@version": "1",
        "m_iParamID": "30",
        "m_iParamValue": "0"
    },
    {
        "@version": "1",
        "m_iParamID": "31",
        "m_iParamValue": "100"
    },
    {
        "@version": "1",
        "m_iParamID": "32",
        "m_iParamValue": "5"
    },
    {
        "@version": "1",
        "m_iParamID": "33",
        "m_iParamValue": "5"
    },
    {
        "@version": "1",
        "m_iParamID": "34",
        "m_iParamValue": "60"
    },
    {
        "@version": "1",
        "m_iParamID": "35",
        "m_iParamValue": "6"
    },
    {
        "@version": "1",
        "m_iParamID": "36",
        "m_iParamValue": "6"
    },
    {
        "@version": "1",
        "m_iParamID": "37",
        "m_iParamValue": "0"
    },
    {
        "@version": "1",
        "m_iParamID": "38",
        "m_iParamValue": "2"
    },
    {
        "@version": "1",
        "m_iParamID": "39",
        "m_iParamValue": "500"
    },
    {
        "@version": "1",
        "m_iParamID": "40",
        "m_iParamValue": "116"
    },
    {
        "@version": "1",
        "m_iParamID": "41",
        "m_iParamValue": "4"
    },
    {
        "@version": "1",
        "m_iParamID": "42",
        "m_iParamValue": "500"
    },
    {
        "@version": "1",
        "m_iParamID": "43",
        "m_iParamValue": "15000"
    },
    {
        "@version": "1",
        "m_iParamID": "44",
        "m_iParamValue": "20000"
    },
    {
        "@version": "1",
        "m_iParamID": "45",
        "m_iParamValue": "9000"
    },
    {
        "@version": "1",
        "m_iParamID": "46",
        "m_iParamValue": "0"
    },
    {
        "@version": "1",
        "m_iParamID": "47",
        "m_iParamValue": "30"
    },
    {
        "@version": "1",
        "m_iParamID": "48",
        "m_iParamValue": "40"
    },
    {
        "@version": "1",
        "m_iParamID": "49",
        "m_iParamValue": "50"
    },
    {
        "@version": "1",
        "m_iParamID": "50",
        "m_iParamValue": "60"
    },
    {
        "@version": "1",
        "m_iParamID": "51",
        "m_iParamValue": "80"
    },
    {
        "@version": "1",
        "m_iParamID": "52",
        "m_iParamValue": "5"
    },
    {
        "@version": "1",
        "m_iParamID": "53",
        "m_iParamValue": "3"
    },
    {
        "@version": "1",
        "m_iParamID": "54",
        "m_iParamValue": "1"
    },
    {
        "@version": "1",
        "m_iParamID": "55",
        "m_iParamValue": "52"
    },
    {
        "@version": "1",
        "m_iParamID": "56",
        "m_iParamValue": "20"
    },
    {
        "@version": "1",
        "m_iParamID": "57",
        "m_iParamValue": "36"
    },
    {
        "@version": "1",
        "m_iParamID": "58",
        "m_iParamValue": "10000"
    },
    {
        "@version": "1",
        "m_iParamID": "59",
        "m_iParamValue": "0"
    },
    {
        "@version": "1",
        "m_iParamID": "60",
        "m_iParamValue": "1"
    },
    {
        "@version": "1",
        "m_iParamID": "61",
        "m_iParamValue": "100"
    },
    {
        "@version": "1",
        "m_iParamID": "62",
        "m_iParamValue": "150"
    },
    {
        "@version": "1",
        "m_iParamID": "63",
        "m_iParamValue": "200"
    },
    {
        "@version": "1",
        "m_iParamID": "64",
        "m_iParamValue": "250"
    },
    {
        "@version": "1",
        "m_iParamID": "65",
        "m_iParamValue": "300"
    },
    {
        "@version": "1",
        "m_iParamID": "66",
        "m_iParamValue": "10"
    },
    {
        "@version": "1",
        "m_iParamID": "67",
        "m_iParamValue": "3000"
    },
    {
        "@version": "1",
        "m_iParamID": "68",
        "m_iParamValue": "3600"
    },
    {
        "@version": "1",
        "m_iParamID": "69",
        "m_iParamValue": "2"
    },
    {
        "@version": "1",
        "m_iParamID": "70",
        "m_iParamValue": "2"
    },
    {
        "@version": "1",
        "m_iParamID": "71",
        "m_iParamValue": "2"
    },
    {
        "@version": "1",
        "m_iParamID": "72",
        "m_iParamValue": "18"
    },
    {
        "@version": "1",
        "m_iParamID": "73",
        "m_iParamValue": "3"
    },
    {
        "@version": "1",
        "m_iParamID": "74",
        "m_iParamValue": "10"
    },
    {
        "@version": "1",
        "m_iParamID": "75",
        "m_iParamValue": "60"
    },
    {
        "@version": "1",
        "m_iParamID": "76",
        "m_iParamValue": "999"
    },
    {
        "@version": "1",
        "m_iParamID": "77",
        "m_iParamValue": "1500"
    },
    {
        "@version": "1",
        "m_iParamID": "78",
        "m_iParamValue": "1600"
    },
    {
        "@version": "1",
        "m_iParamID": "79",
        "m_iParamValue": "1700"
    },
    {
        "@version": "1",
        "m_iParamID": "80",
        "m_iParamValue": "1800"
    },
    {
        "@version": "1",
        "m_iParamID": "81",
        "m_iParamValue": "1900"
    },
    {
        "@version": "1",
        "m_iParamID": "82",
        "m_iParamValue": "1000"
    },
    {
        "@version": "1",
        "m_iParamID": "83",
        "m_iParamValue": "3"
    },
    {
        "@version": "1",
        "m_iParamID": "84",
        "m_iParamValue": "4"
    },
    {
        "@version": "1",
        "m_iParamID": "85",
        "m_iParamValue": "5"
    },
    {
        "@version": "1",
        "m_iParamID": "86",
        "m_iParamValue": "7"
    },
    {
        "@version": "1",
        "m_iParamID": "87",
        "m_iParamValue": "7"
    },
    {
        "@version": "1",
        "m_iParamID": "88",
        "m_iParamValue": "6"
    },
    {
        "@version": "1",
        "m_iParamID": "89",
        "m_iParamValue": "6"
    },
    {
        "@version": "1",
        "m_iParamID": "90",
        "m_iParamValue": "10"
    },
    {
        "@version": "1",
        "m_iParamID": "91",
        "m_iParamValue": "10"
    },
    {
        "@version": "1",
        "m_iParamID": "92",
        "m_iParamValue": "50"
    },
    {
        "@version": "1",
        "m_iParamID": "93",
        "m_iParamValue": "20"
    },
    {
        "@version": "1",
        "m_iParamID": "94",
        "m_iParamValue": "3"
    },
    {
        "@version": "1",
        "m_iParamID": "95",
        "m_iParamValue": "3"
    },
    {
        "@version": "1",
        "m_iParamID": "96",
        "m_iParamValue": "0"
    },
    {
        "@version": "1",
        "m_iParamID": "97",
        "m_iParamValue": "2"
    },
    {
        "@version": "1",
        "m_iParamID": "98",
        "m_iParamValue": "588"
    },
    {
        "@version": "1",
        "m_iParamID": "99",
        "m_iParamValue": "1"
    },
    {
        "@version": "1",
        "m_iParamID": "100",
        "m_iParamValue": "1"
    },
    {
        "@version": "1",
        "m_iParamID": "101",
        "m_iParamValue": "5"
    },
    {
        "@version": "1",
        "m_iParamID": "102",
        "m_iParamValue": "10"
    },
    {
        "@version": "1",
        "m_iParamID": "103",
        "m_iParamValue": "20"
    },
    {
        "@version": "1",
        "m_iParamID": "104",
        "m_iParamValue": "3"
    },
    {
        "@version": "1",
        "m_iParamID": "105",
        "m_iParamValue": "1001"
    },
    {
        "@version": "1",
        "m_iParamID": "106",
        "m_iParamValue": "23010001"
    },
    {
        "@version": "1",
        "m_iParamID": "107",
        "m_iParamValue": "10"
    },
    {
        "@version": "1",
        "m_iParamID": "108",
        "m_iParamValue": "20"
    },
    {
        "@version": "1",
        "m_iParamID": "109",
        "m_iParamValue": "301"
    },
    {
        "@version": "1",
        "m_iParamID": "110",
        "m_iParamValue": "10"
    },
    {
        "@version": "1",
        "m_iParamID": "111",
        "m_iParamValue": "1"
    },
    {
        "@version": "1",
        "m_iParamID": "112",
        "m_iParamValue": "200"
    },
    {
        "@version": "1",
        "m_iParamID": "113",
        "m_iParamValue": "10005"
    },
    {
        "@version": "1",
        "m_iParamID": "114",
        "m_iParamValue": "28800"
    },
    {
        "@version": "1",
        "m_iParamID": "115",
        "m_iParamValue": "0"
    },
    {
        "@version": "1",
        "m_iParamID": "116",
        "m_iParamValue": "1"
    },
    {
        "@version": "1",
        "m_iParamID": "117",
        "m_iParamValue": "50"
    },
    {
        "@version": "1",
        "m_iParamID": "118",
        "m_iParamValue": "414"
    },
    {
        "@version": "1",
        "m_iParamID": "119",
        "m_iParamValue": "25120001"
    },
    {
        "@version": "1",
        "m_iParamID": "120",
        "m_iParamValue": "1006"
    },
    {
        "@version": "1",
        "m_iParamID": "121",
        "m_iParamValue": "13"
    },
    {
        "@version": "1",
        "m_iParamID": "122",
        "m_iParamValue": "22"
    },
    {
        "@version": "1",
        "m_iParamID": "123",
        "m_iParamValue": "7"
    },
    {
        "@version": "1",
        "m_iParamID": "124",
        "m_iParamValue": "20"
    },
    {
        "@version": "1",
        "m_iParamID": "125",
        "m_iParamValue": "3"
    },
    {
        "@version": "1",
        "m_iParamID": "126",
        "m_iParamValue": "2"
    },
    {
        "@version": "1",
        "m_iParamID": "127",
        "m_iParamValue": "50"
    },
    {
        "@version": "1",
        "m_iParamID": "128",
        "m_iParamValue": "1"
    },
    {
        "@version": "1",
        "m_iParamID": "129",
        "m_iParamValue": "1"
    },
    {
        "@version": "1",
        "m_iParamID": "130",
        "m_iParamValue": "100"
    },
    {
        "@version": "1",
        "m_iParamID": "131",
        "m_iParamValue": "2"
    },
    {
        "@version": "1",
        "m_iParamID": "132",
        "m_iParamValue": "5"
    },
    {
        "@version": "1",
        "m_iParamID": "133",
        "m_iParamValue": "2"
    },
    {
        "@version": "1",
        "m_iParamID": "134",
        "m_iParamValue": "6"
    },
    {
        "@version": "1",
        "m_iParamID": "135",
        "m_iParamValue": "10"
    },
    {
        "@version": "1",
        "m_iParamID": "136",
        "m_iParamValue": "20"
    },
    {
        "@version": "1",
        "m_iParamID": "137",
        "m_iParamValue": "1"
    },
    {
        "@version": "1",
        "m_iParamID": "138",
        "m_iParamValue": "0"
    },
    {
        "@version": "1",
        "m_iParamID": "139",
        "m_iParamValue": "0"
    },
    {
        "@version": "1",
        "m_iParamID": "140",
        "m_iParamValue": "1"
    },
    {
        "@version": "1",
        "m_iParamID": "141",
        "m_iParamValue": "1398873600"
    },
    {
        "@version": "1",
        "m_iParamID": "142",
        "m_iParamValue": "1401551999"
    },
    {
        "@version": "1",
        "m_iParamID": "143",
        "m_iParamValue": "1002"
    },
    {
        "@version": "1",
        "m_iParamID": "144",
        "m_iParamValue": "218"
    },
    {
        "@version": "1",
        "m_iParamID": "145",
        "m_iParamValue": "219"
    },
    {
        "@version": "1",
        "m_iParamID": "146",
        "m_iParamValue": "30"
    },
    {
        "@version": "1",
        "m_iParamID": "147",
        "m_iParamValue": "10000"
    },
    {
        "@version": "1",
        "m_iParamID": "148",
        "m_iParamValue": "100"
    },
    {
        "@version": "1",
        "m_iParamID": "149",
        "m_iParamValue": "427"
    },
    {
        "@version": "1",
        "m_iParamID": "150",
        "m_iParamValue": "213"
    },
    {
        "@version": "1",
        "m_iParamID": "151",
        "m_iParamValue": "427"
    },
    {
        "@version": "1",
        "m_iParamID": "152",
        "m_iParamValue": "2"
    },
    {
        "@version": "1",
        "m_iParamID": "153",
        "m_iParamValue": "24020001"
    },
    {
        "@version": "1",
        "m_iParamID": "154",
        "m_iParamValue": "96"
    },
    {
        "@version": "1",
        "m_iParamID": "155",
        "m_iParamValue": "512"
    },
    {
        "@version": "1",
        "m_iParamID": "156",
        "m_iParamValue": "10"
    },
    {
        "@version": "1",
        "m_iParamID": "157",
        "m_iParamValue": "1"
    },
    {
        "@version": "1",
        "m_iParamID": "158",
        "m_iParamValue": "1"
    },
    {
        "@version": "1",
        "m_iParamID": "159",
        "m_iParamValue": "10"
    },
    {
        "@version": "1",
        "m_iParamID": "160",
        "m_iParamValue": "10"
    },
    {
        "@version": "1",
        "m_iParamID": "161",
        "m_iParamValue": "5"
    },
    {
        "@version": "1",
        "m_iParamID": "162",
        "m_iParamValue": "1"
    },
    {
        "@version": "1",
        "m_iParamID": "163",
        "m_iParamValue": "1"
    },
    {
        "@version": "1",
        "m_iParamID": "164",
        "m_iParamValue": "50"
    },
    {
        "@version": "1",
        "m_iParamID": "165",
        "m_iParamValue": "30"
    },
    {
        "@version": "1",
        "m_iParamID": "166",
        "m_iParamValue": "3"
    },
    {
        "@version": "1",
        "m_iParamID": "167",
        "m_iParamValue": "500"
    },
    {
        "@version": "1",
        "m_iParamID": "168",
        "m_iParamValue": "10"
    },
    {
        "@version": "1",
        "m_iParamID": "169",
        "m_iParamValue": "1"
    },
    {
        "@version": "1",
        "m_iParamID": "170",
        "m_iParamValue": "20"
    },
    {
        "@version": "1",
        "m_iParamID": "171",
        "m_iParamValue": "10"
    },
    {
        "@version": "1",
        "m_iParamID": "172",
        "m_iParamValue": "0"
    },
    {
        "@version": "1",
        "m_iParamID": "173",
        "m_iParamValue": "0"
    },
    {
        "@version": "1",
        "m_iParamID": "174",
        "m_iParamValue": "0"
    },
    {
        "@version": "1",
        "m_iParamID": "175",
        "m_iParamValue": "0"
    },
    {
        "@version": "1",
        "m_iParamID": "176",
        "m_iParamValue": "400"
    },
    {
        "@version": "1",
        "m_iParamID": "177",
        "m_iParamValue": "0"
    },
    {
        "@version": "1",
        "m_iParamID": "178",
        "m_iParamValue": "30"
    },
    {
        "@version": "1",
        "m_iParamID": "179",
        "m_iParamValue": "0"
    },
    {
        "@version": "1",
        "m_iParamID": "180",
        "m_iParamValue": "30"
    },
    {
        "@version": "1",
        "m_iParamID": "181",
        "m_iParamValue": "30"
    },
    {
        "@version": "1",
        "m_iParamID": "182",
        "m_iParamValue": "30"
    },
    {
        "@version": "1",
        "m_iParamID": "183",
        "m_iParamValue": "30"
    },
    {
        "@version": "1",
        "m_iParamID": "184",
        "m_iParamValue": "0"
    },
    {
        "@version": "1",
        "m_iParamID": "185",
        "m_iParamValue": "0"
    },
    {
        "@version": "1",
        "m_iParamID": "186",
        "m_iParamValue": "1"
    },
    {
        "@version": "1",
        "m_iParamID": "187",
        "m_iParamValue": "1"
    },
    {
        "@version": "1",
        "m_iParamID": "188",
        "m_iParamValue": "3"
    },
    {
        "@version": "1",
        "m_iParamID": "189",
        "m_iParamValue": "300"
    },
    {
        "@version": "1",
        "m_iParamID": "190",
        "m_iParamValue": "0"
    },
    {
        "@version": "1",
        "m_iParamID": "191",
        "m_iParamValue": "1"
    },
    {
        "@version": "1",
        "m_iParamID": "192",
        "m_iParamValue": "0"
    },
    {
        "@version": "1",
        "m_iParamID": "193",
        "m_iParamValue": "1"
    },
    {
        "@version": "1",
        "m_iParamID": "194",
        "m_iParamValue": "1"
    },
    {
        "@version": "1",
        "m_iParamID": "195",
        "m_iParamValue": "500"
    },
    {
        "@version": "1",
        "m_iParamID": "196",
        "m_iParamValue": "500"
    },
    {
        "@version": "1",
        "m_iParamID": "197",
        "m_iParamValue": "30"
    },
    {
        "@version": "1",
        "m_iParamID": "198",
        "m_iParamValue": "50"
    },
    {
        "@version": "1",
        "m_iParamID": "199",
        "m_iParamValue": "80"
    },
    {
        "@version": "1",
        "m_iParamID": "200",
        "m_iParamValue": "100"
    },
    {
        "@version": "1",
        "m_iParamID": "201",
        "m_iParamValue": "0"
    },
    {
        "@version": "1",
        "m_iParamID": "202",
        "m_iParamValue": "24020001"
    },
    {
        "@version": "1",
        "m_iParamID": "203",
        "m_iParamValue": "24020001"
    },
    {
        "@version": "1",
        "m_iParamID": "204",
        "m_iParamValue": "0"
    },
    {
        "@version": "1",
        "m_iParamID": "205",
        "m_iParamValue": "1"
    },
    {
        "@version": "1",
        "m_iParamID": "206",
        "m_iParamValue": "0"
    },
    {
        "@version": "1",
        "m_iParamID": "207",
        "m_iParamValue": "152"
    },
    {
        "@version": "1",
        "m_iParamID": "208",
        "m_iParamValue": "600"
    },
    {
        "@version": "1",
        "m_iParamID": "209",
        "m_iParamValue": "21000"
    },
    {
        "@version": "1",
        "m_iParamID": "210",
        "m_iParamValue": "900"
    },
    {
        "@version": "1",
        "m_iParamID": "212",
        "m_iParamValue": "1"
    },
    {
        "@version": "1",
        "m_iParamID": "213",
        "m_iParamValue": "30"
    },
    {
        "@version": "1",
        "m_iParamID": "214",
        "m_iParamValue": "0"
    },
    {
        "@version": "1",
        "m_iParamID": "215",
        "m_iParamValue": "1"
    },
    {
        "@version": "1",
        "m_iParamID": "216",
        "m_iParamValue": "1"
    },
    {
        "@version": "1",
        "m_iParamID": "217",
        "m_iParamValue": "1"
    },
    {
        "@version": "1",
        "m_iParamID": "218",
        "m_iParamValue": "2"
    },
    {
        "@version": "1",
        "m_iParamID": "219",
        "m_iParamValue": "1800"
    },
    {
        "@version": "1",
        "m_iParamID": "220",
        "m_iParamValue": "0"
    },
    {
        "@version": "1",
        "m_iParamID": "221",
        "m_iParamValue": "15"
    },
    {
        "@version": "1",
        "m_iParamID": "222",
        "m_iParamValue": "10"
    },
    {
        "@version": "1",
        "m_iParamID": "223",
        "m_iParamValue": "30"
    },
    {
        "@version": "1",
        "m_iParamID": "224",
        "m_iParamValue": "10"
    }
]