[
    {
        "@version": "1",
        "m_iMainClass": "0x0",
        "m_iSubClass": "0x0",
        "m_szClassName": "0段位",
        "m_iLowLimit": "0",
        "m_iUpLimit": "0",
        "m_iProtect": "0x0"
    },
    {
        "@version": "1",
        "m_iMainClass": "0x1",
        "m_iSubClass": "0x4",
        "m_szClassName": "新手四段",
        "m_iLowLimit": "180",
        "m_iUpLimit": "239",
        "m_iProtect": "0x1"
    },
    {
        "@version": "1",
        "m_iMainClass": "0x1",
        "m_iSubClass": "0x5",
        "m_szClassName": "新手五段",
        "m_iLowLimit": "240",
        "m_iUpLimit": "299",
        "m_iProtect": "0x1"
    },
    {
        "@version": "1",
        "m_iMainClass": "0x1",
        "m_iSubClass": "0x1",
        "m_szClassName": "新手一段",
        "m_iLowLimit": "0",
        "m_iUpLimit": "59",
        "m_iProtect": "0x1"
    },
    {
        "@version": "1",
        "m_iMainClass": "0x1",
        "m_iSubClass": "0x3",
        "m_szClassName": "新手三段",
        "m_iLowLimit": "120",
        "m_iUpLimit": "179",
        "m_iProtect": "0x1"
    },
    {
        "@version": "1",
        "m_iMainClass": "0x1",
        "m_iSubClass": "0x2",
        "m_szClassName": "新手二段",
        "m_iLowLimit": "60",
        "m_iUpLimit": "119",
        "m_iProtect": "0x1"
    },
    {
        "@version": "1",
        "m_iMainClass": "0x2",
        "m_iSubClass": "0x5",
        "m_szClassName": "入门五段",
        "m_iLowLimit": "540",
        "m_iUpLimit": "599",
        "m_iProtect": "0x1"
    },
    {
        "@version": "1",
        "m_iMainClass": "0x2",
        "m_iSubClass": "0x4",
        "m_szClassName": "入门四段",
        "m_iLowLimit": "480",
        "m_iUpLimit": "539",
        "m_iProtect": "0x1"
    },
    {
        "@version": "1",
        "m_iMainClass": "0x2",
        "m_iSubClass": "0x2",
        "m_szClassName": "入门二段",
        "m_iLowLimit": "360",
        "m_iUpLimit": "419",
        "m_iProtect": "0x1"
    },
    {
        "@version": "1",
        "m_iMainClass": "0x2",
        "m_iSubClass": "0x3",
        "m_szClassName": "入门三段",
        "m_iLowLimit": "420",
        "m_iUpLimit": "479",
        "m_iProtect": "0x1"
    },
    {
        "@version": "1",
        "m_iMainClass": "0x2",
        "m_iSubClass": "0x1",
        "m_szClassName": "入门一段",
        "m_iLowLimit": "300",
        "m_iUpLimit": "359",
        "m_iProtect": "0x1"
    },
    {
        "@version": "1",
        "m_iMainClass": "0x3",
        "m_iSubClass": "0x3",
        "m_szClassName": "进阶三段",
        "m_iLowLimit": "720",
        "m_iUpLimit": "779",
        "m_iProtect": "0x1"
    },
    {
        "@version": "1",
        "m_iMainClass": "0x3",
        "m_iSubClass": "0x5",
        "m_szClassName": "进阶五段",
        "m_iLowLimit": "840",
        "m_iUpLimit": "899",
        "m_iProtect": "0x1"
    },
    {
        "@version": "1",
        "m_iMainClass": "0x3",
        "m_iSubClass": "0x4",
        "m_szClassName": "进阶四段",
        "m_iLowLimit": "780",
        "m_iUpLimit": "839",
        "m_iProtect": "0x1"
    },
    {
        "@version": "1",
        "m_iMainClass": "0x3",
        "m_iSubClass": "0x2",
        "m_szClassName": "进阶二段",
        "m_iLowLimit": "660",
        "m_iUpLimit": "719",
        "m_iProtect": "0x1"
    },
    {
        "@version": "1",
        "m_iMainClass": "0x3",
        "m_iSubClass": "0x1",
        "m_szClassName": "进阶一段",
        "m_iLowLimit": "600",
        "m_iUpLimit": "659",
        "m_iProtect": "0x1"
    },
    {
        "@version": "1",
        "m_iMainClass": "0x4",
        "m_iSubClass": "0x5",
        "m_szClassName": "高手五段",
        "m_iLowLimit": "1140",
        "m_iUpLimit": "1199",
        "m_iProtect": "0x1"
    },
    {
        "@version": "1",
        "m_iMainClass": "0x4",
        "m_iSubClass": "0x4",
        "m_szClassName": "高手四段",
        "m_iLowLimit": "1080",
        "m_iUpLimit": "1139",
        "m_iProtect": "0x1"
    },
    {
        "@version": "1",
        "m_iMainClass": "0x4",
        "m_iSubClass": "0x2",
        "m_szClassName": "高手二段",
        "m_iLowLimit": "960",
        "m_iUpLimit": "1019",
        "m_iProtect": "0x1"
    },
    {
        "@version": "1",
        "m_iMainClass": "0x4",
        "m_iSubClass": "0x3",
        "m_szClassName": "高手三段",
        "m_iLowLimit": "1020",
        "m_iUpLimit": "1079",
        "m_iProtect": "0x1"
    },
    {
        "@version": "1",
        "m_iMainClass": "0x4",
        "m_iSubClass": "0x1",
        "m_szClassName": "高手一段",
        "m_iLowLimit": "900",
        "m_iUpLimit": "959",
        "m_iProtect": "0x1"
    },
    {
        "@version": "1",
        "m_iMainClass": "0x5",
        "m_iSubClass": "0x3",
        "m_szClassName": "专业三段",
        "m_iLowLimit": "1320",
        "m_iUpLimit": "1379",
        "m_iProtect": "0x0"
    },
    {
        "@version": "1",
        "m_iMainClass": "0x5",
        "m_iSubClass": "0x5",
        "m_szClassName": "专业五段",
        "m_iLowLimit": "1440",
        "m_iUpLimit": "1499",
        "m_iProtect": "0x0"
    },
    {
        "@version": "1",
        "m_iMainClass": "0x5",
        "m_iSubClass": "0x4",
        "m_szClassName": "专业四段",
        "m_iLowLimit": "1380",
        "m_iUpLimit": "1439",
        "m_iProtect": "0x0"
    },
    {
        "@version": "1",
        "m_iMainClass": "0x5",
        "m_iSubClass": "0x2",
        "m_szClassName": "专业二段",
        "m_iLowLimit": "1260",
        "m_iUpLimit": "1319",
        "m_iProtect": "0x0"
    },
    {
        "@version": "1",
        "m_iMainClass": "0x5",
        "m_iSubClass": "0x1",
        "m_szClassName": "专业一段",
        "m_iLowLimit": "1200",
        "m_iUpLimit": "1259",
        "m_iProtect": "0x0"
    },
    {
        "@version": "1",
        "m_iMainClass": "0x6",
        "m_iSubClass": "0x3",
        "m_szClassName": "传奇三段",
        "m_iLowLimit": "1620",
        "m_iUpLimit": "1679",
        "m_iProtect": "0x0"
    },
    {
        "@version": "1",
        "m_iMainClass": "0x6",
        "m_iSubClass": "0x5",
        "m_szClassName": "传奇五段",
        "m_iLowLimit": "1740",
        "m_iUpLimit": "1799",
        "m_iProtect": "0x0"
    },
    {
        "@version": "1",
        "m_iMainClass": "0x6",
        "m_iSubClass": "0x4",
        "m_szClassName": "传奇四段",
        "m_iLowLimit": "1680",
        "m_iUpLimit": "1739",
        "m_iProtect": "0x0"
    },
    {
        "@version": "1",
        "m_iMainClass": "0x6",
        "m_iSubClass": "0x1",
        "m_szClassName": "传奇一段",
        "m_iLowLimit": "1500",
        "m_iUpLimit": "1559",
        "m_iProtect": "0x0"
    },
    {
        "@version": "1",
        "m_iMainClass": "0x6",
        "m_iSubClass": "0x2",
        "m_szClassName": "传奇二段",
        "m_iLowLimit": "1560",
        "m_iUpLimit": "1619",
        "m_iProtect": "0x0"
    },
    {
        "@version": "1",
        "m_iMainClass": "0x7",
        "m_iSubClass": "0x3",
        "m_szClassName": "大师三段",
        "m_iLowLimit": "1920",
        "m_iUpLimit": "1979",
        "m_iProtect": "0x0"
    },
    {
        "@version": "1",
        "m_iMainClass": "0x7",
        "m_iSubClass": "0x5",
        "m_szClassName": "大师五段",
        "m_iLowLimit": "2040",
        "m_iUpLimit": "2099",
        "m_iProtect": "0x0"
    },
    {
        "@version": "1",
        "m_iMainClass": "0x7",
        "m_iSubClass": "0x4",
        "m_szClassName": "大师四段",
        "m_iLowLimit": "1980",
        "m_iUpLimit": "2039",
        "m_iProtect": "0x0"
    },
    {
        "@version": "1",
        "m_iMainClass": "0x7",
        "m_iSubClass": "0x2",
        "m_szClassName": "大师二段",
        "m_iLowLimit": "1860",
        "m_iUpLimit": "1919",
        "m_iProtect": "0x0"
    },
    {
        "@version": "1",
        "m_iMainClass": "0x7",
        "m_iSubClass": "0x1",
        "m_szClassName": "大师一段",
        "m_iLowLimit": "1800",
        "m_iUpLimit": "1859",
        "m_iProtect": "0x0"
    },
    {
        "@version": "1",
        "m_iMainClass": "0x8",
        "m_iSubClass": "0x1",
        "m_szClassName": "宗师",
        "m_iLowLimit": "2100",
        "m_iUpLimit": "9999",
        "m_iProtect": "0x0"
    }
]