[
    {
        "@version": "1",
        "m_ushSongID": "107",
        "m_iVersion": "0",
        "m_szSongName": null,
        "m_szPath": "mingzhentankenan",
        "m_szArtist": null,
        "m_szComposer": null,
        "m_szSongTime": "0.104861",
        "m_iGameTime": "151",
        "m_iRegion": "3",
        "m_iStyle": "1",
        "m_ucIsNew": "0",
        "m_ucIsHot": "0",
        "m_ucIsRecommend": "0",
        "m_szBPM": "135",
        "m_ucIsOpen": "1",
        "m_ucCanBuy": "0x0",
        "m_iOrderIndex": "0",
        "m_bIsFree": "0x1",
        "m_bSongPkg": "0x0",
        "m_szFreeBeginTime": null,
        "m_szFreeEndTime": null,
        "m_ush4KeyEasy": "3",
        "m_ush4KeyNormal": "5",
        "m_ush4KeyHard": "7",
        "m_ush5KeyEasy": "3",
        "m_ush5KeyNormal": "5",
        "m_ush5KeyHard": "7",
        "m_ush6KeyEasy": "3",
        "m_ush6KeyNormal": "5",
        "m_ush6KeyHard": "7",
        "m_iPrice": "0",
        "m_szNoteNumber": "543,1096,1286,543,1096,1286,543,1096,1286",
        "m_szProductID": null,
        "m_iVipFlag": "0",
        "m_bIsHide": "0x0",
        "m_bIsReward": "0x0",
        "m_bIsLevelReward": "0x1"
    },
    {
        "@version": "1",
        "m_ushSongID": "109",
        "m_iVersion": "0",
        "m_szSongName": null,
        "m_szPath": "rewrite",
        "m_szArtist": null,
        "m_szComposer": null,
        "m_szSongTime": "0.090278",
        "m_iGameTime": "130",
        "m_iRegion": "3",
        "m_iStyle": "1",
        "m_ucIsNew": "0",
        "m_ucIsHot": "0",
        "m_ucIsRecommend": "0",
        "m_szBPM": "179.05",
        "m_ucIsOpen": "1",
        "m_ucCanBuy": "0x0",
        "m_iOrderIndex": "0",
        "m_bIsFree": "0x1",
        "m_bSongPkg": "0x0",
        "m_szFreeBeginTime": null,
        "m_szFreeEndTime": null,
        "m_ush4KeyEasy": "3",
        "m_ush4KeyNormal": "5",
        "m_ush4KeyHard": "7",
        "m_ush5KeyEasy": "3",
        "m_ush5KeyNormal": "5",
        "m_ush5KeyHard": "7",
        "m_ush6KeyEasy": "3",
        "m_ush6KeyNormal": "5",
        "m_ush6KeyHard": "7",
        "m_iPrice": "0",
        "m_szNoteNumber": "584,1080,1349,584,1080,1349,584,1080,1349",
        "m_szProductID": null,
        "m_iVipFlag": "0",
        "m_bIsHide": "0x0",
        "m_bIsReward": "0x0",
        "m_bIsLevelReward": "0x1"
    },
    {
        "@version": "1",
        "m_ushSongID": "147",
        "m_iVersion": "0",
        "m_szSongName": null,
        "m_szPath": "giveittome",
        "m_szArtist": null,
        "m_szComposer": null,
        "m_szSongTime": "0.1",
        "m_iGameTime": "144",
        "m_iRegion": "3",
        "m_iStyle": "1",
        "m_ucIsNew": "0",
        "m_ucIsHot": "0",
        "m_ucIsRecommend": "0",
        "m_szBPM": "136",
        "m_ucIsOpen": "1",
        "m_ucCanBuy": "0x0",
        "m_iOrderIndex": "0",
        "m_bIsFree": "0x1",
        "m_bSongPkg": "0x0",
        "m_szFreeBeginTime": null,
        "m_szFreeEndTime": null,
        "m_ush4KeyEasy": "3",
        "m_ush4KeyNormal": "5",
        "m_ush4KeyHard": "8",
        "m_ush5KeyEasy": "3",
        "m_ush5KeyNormal": "5",
        "m_ush5KeyHard": "8",
        "m_ush6KeyEasy": "3",
        "m_ush6KeyNormal": "5",
        "m_ush6KeyHard": "8",
        "m_iPrice": "0",
        "m_szNoteNumber": "546,936,1590,546,939,1596,546,939,1596",
        "m_szProductID": null,
        "m_iVipFlag": "0",
        "m_bIsHide": "0x0",
        "m_bIsReward": "0x0",
        "m_bIsLevelReward": "0x1"
    },
    {
        "@version": "1",
        "m_ushSongID": "153",
        "m_iVersion": "0",
        "m_szSongName": null,
        "m_szPath": "xianliezhilong",
        "m_szArtist": null,
        "m_szComposer": null,
        "m_szSongTime": "0.077778",
        "m_iGameTime": "112",
        "m_iRegion": "3",
        "m_iStyle": "3",
        "m_ucIsNew": "0",
        "m_ucIsHot": "0",
        "m_ucIsRecommend": "0",
        "m_szBPM": "150",
        "m_ucIsOpen": "1",
        "m_ucCanBuy": "0x0",
        "m_iOrderIndex": "0",
        "m_bIsFree": "0x1",
        "m_bSongPkg": "0x0",
        "m_szFreeBeginTime": null,
        "m_szFreeEndTime": null,
        "m_ush4KeyEasy": "5",
        "m_ush4KeyNormal": "7",
        "m_ush4KeyHard": "10",
        "m_ush5KeyEasy": "5",
        "m_ush5KeyNormal": "7",
        "m_ush5KeyHard": "10",
        "m_ush6KeyEasy": "5",
        "m_ush6KeyNormal": "7",
        "m_ush6KeyHard": "10",
        "m_iPrice": "0",
        "m_szNoteNumber": "496,797,1300,496,801,1375,496,805,1388",
        "m_szProductID": null,
        "m_iVipFlag": "0",
        "m_bIsHide": "0x0",
        "m_bIsReward": "0x0",
        "m_bIsLevelReward": "0x1"
    },
    {
        "@version": "1",
        "m_ushSongID": "165",
        "m_iVersion": "0",
        "m_szSongName": null,
        "m_szPath": "sugarglitter",
        "m_szArtist": null,
        "m_szComposer": null,
        "m_szSongTime": "0.096528",
        "m_iGameTime": "139",
        "m_iRegion": "3",
        "m_iStyle": "4",
        "m_ucIsNew": "0",
        "m_ucIsHot": "0",
        "m_ucIsRecommend": "0",
        "m_szBPM": "128",
        "m_ucIsOpen": "1",
        "m_ucCanBuy": "0x0",
        "m_iOrderIndex": "0",
        "m_bIsFree": "0x1",
        "m_bSongPkg": "0x0",
        "m_szFreeBeginTime": null,
        "m_szFreeEndTime": null,
        "m_ush4KeyEasy": "3",
        "m_ush4KeyNormal": "5",
        "m_ush4KeyHard": "7",
        "m_ush5KeyEasy": "3",
        "m_ush5KeyNormal": "5",
        "m_ush5KeyHard": "7",
        "m_ush6KeyEasy": "3",
        "m_ush6KeyNormal": "5",
        "m_ush6KeyHard": "7",
        "m_iPrice": "0",
        "m_szNoteNumber": "479,975,1215,479,975,1221,479,975,1221",
        "m_szProductID": null,
        "m_iVipFlag": "0",
        "m_bIsHide": "0x0",
        "m_bIsReward": "0x0",
        "m_bIsLevelReward": "0x1"
    },
    {
        "@version": "1",
        "m_ushSongID": "174",
        "m_iVersion": "0",
        "m_szSongName": null,
        "m_szPath": "rolypoly",
        "m_szArtist": null,
        "m_szComposer": null,
        "m_szSongTime": "0.076389",
        "m_iGameTime": "110",
        "m_iRegion": "3",
        "m_iStyle": "1",
        "m_ucIsNew": "0",
        "m_ucIsHot": "0",
        "m_ucIsRecommend": "0",
        "m_szBPM": "130",
        "m_ucIsOpen": "1",
        "m_ucCanBuy": "0x0",
        "m_iOrderIndex": "0",
        "m_bIsFree": "0x1",
        "m_bSongPkg": "0x0",
        "m_szFreeBeginTime": null,
        "m_szFreeEndTime": null,
        "m_ush4KeyEasy": "3",
        "m_ush4KeyNormal": "5",
        "m_ush4KeyHard": "8",
        "m_ush5KeyEasy": "3",
        "m_ush5KeyNormal": "5",
        "m_ush5KeyHard": "8",
        "m_ush6KeyEasy": "3",
        "m_ush6KeyNormal": "5",
        "m_ush6KeyHard": "8",
        "m_iPrice": "0",
        "m_szNoteNumber": "378,766,1080,378,766,1091,378,766,1091",
        "m_szProductID": null,
        "m_iVipFlag": "0",
        "m_bIsHide": "0x0",
        "m_bIsReward": "0x0",
        "m_bIsLevelReward": "0x1"
    },
    {
        "@version": "1",
        "m_ushSongID": "176",
        "m_iVersion": "0",
        "m_szSongName": null,
        "m_szPath": "rollingstar",
        "m_szArtist": null,
        "m_szComposer": null,
        "m_szSongTime": "0.102083",
        "m_iGameTime": "147",
        "m_iRegion": "3",
        "m_iStyle": "1",
        "m_ucIsNew": "0",
        "m_ucIsHot": "0",
        "m_ucIsRecommend": "0",
        "m_szBPM": "161",
        "m_ucIsOpen": "1",
        "m_ucCanBuy": "0x0",
        "m_iOrderIndex": "0",
        "m_bIsFree": "0x1",
        "m_bSongPkg": "0x0",
        "m_szFreeBeginTime": null,
        "m_szFreeEndTime": null,
        "m_ush4KeyEasy": "3",
        "m_ush4KeyNormal": "6",
        "m_ush4KeyHard": "7",
        "m_ush5KeyEasy": "3",
        "m_ush5KeyNormal": "6",
        "m_ush5KeyHard": "7",
        "m_ush6KeyEasy": "3",
        "m_ush6KeyNormal": "6",
        "m_ush6KeyHard": "7",
        "m_iPrice": "0",
        "m_szNoteNumber": "605,1235,1400,605,1235,1401,605,1235,1401",
        "m_szProductID": null,
        "m_iVipFlag": "0",
        "m_bIsHide": "0x0",
        "m_bIsReward": "0x0",
        "m_bIsLevelReward": "0x1"
    },
    {
        "@version": "1",
        "m_ushSongID": "177",
        "m_iVersion": "0",
        "m_szSongName": null,
        "m_szPath": "faraway",
        "m_szArtist": null,
        "m_szComposer": null,
        "m_szSongTime": "0.1125",
        "m_iGameTime": "162",
        "m_iRegion": "4",
        "m_iStyle": "1",
        "m_ucIsNew": "0",
        "m_ucIsHot": "0",
        "m_ucIsRecommend": "0",
        "m_szBPM": "144",
        "m_ucIsOpen": "1",
        "m_ucCanBuy": "0x0",
        "m_iOrderIndex": "0",
        "m_bIsFree": "0x1",
        "m_bSongPkg": "0x0",
        "m_szFreeBeginTime": null,
        "m_szFreeEndTime": null,
        "m_ush4KeyEasy": "3",
        "m_ush4KeyNormal": "5",
        "m_ush4KeyHard": "7",
        "m_ush5KeyEasy": "3",
        "m_ush5KeyNormal": "5",
        "m_ush5KeyHard": "7",
        "m_ush6KeyEasy": "3",
        "m_ush6KeyNormal": "5",
        "m_ush6KeyHard": "7",
        "m_iPrice": "0",
        "m_szNoteNumber": "787,1087,1389,787,1087,1390,787,1087,1391",
        "m_szProductID": null,
        "m_iVipFlag": "0",
        "m_bIsHide": "0x0",
        "m_bIsReward": "0x0",
        "m_bIsLevelReward": "0x1"
    },
    {
        "@version": "1",
        "m_ushSongID": "181",
        "m_iVersion": "0",
        "m_szSongName": null,
        "m_szPath": "no1",
        "m_szArtist": null,
        "m_szComposer": null,
        "m_szSongTime": "0.077083",
        "m_iGameTime": "111",
        "m_iRegion": "3",
        "m_iStyle": "1",
        "m_ucIsNew": "0",
        "m_ucIsHot": "0",
        "m_ucIsRecommend": "0",
        "m_szBPM": "103",
        "m_ucIsOpen": "1",
        "m_ucCanBuy": "0x0",
        "m_iOrderIndex": "0",
        "m_bIsFree": "0x1",
        "m_bSongPkg": "0x0",
        "m_szFreeBeginTime": null,
        "m_szFreeEndTime": null,
        "m_ush4KeyEasy": "2",
        "m_ush4KeyNormal": "4",
        "m_ush4KeyHard": "7",
        "m_ush5KeyEasy": "2",
        "m_ush5KeyNormal": "4",
        "m_ush5KeyHard": "7",
        "m_ush6KeyEasy": "2",
        "m_ush6KeyNormal": "4",
        "m_ush6KeyHard": "7",
        "m_iPrice": "0",
        "m_szNoteNumber": "259,689,1151,259,727,1150,259,727,1150",
        "m_szProductID": null,
        "m_iVipFlag": "0",
        "m_bIsHide": "0x0",
        "m_bIsReward": "0x0",
        "m_bIsLevelReward": "0x1"
    },
    {
        "@version": "1",
        "m_ushSongID": "197",
        "m_iVersion": "0",
        "m_szSongName": null,
        "m_szPath": "flowerdance",
        "m_szArtist": null,
        "m_szComposer": null,
        "m_szSongTime": "0.097917",
        "m_iGameTime": "141",
        "m_iRegion": "3",
        "m_iStyle": "1",
        "m_ucIsNew": "0",
        "m_ucIsHot": "0",
        "m_ucIsRecommend": "0",
        "m_szBPM": "100",
        "m_ucIsOpen": "1",
        "m_ucCanBuy": "0x0",
        "m_iOrderIndex": "0",
        "m_bIsFree": "0x1",
        "m_bSongPkg": "0x0",
        "m_szFreeBeginTime": null,
        "m_szFreeEndTime": null,
        "m_ush4KeyEasy": "2",
        "m_ush4KeyNormal": "4",
        "m_ush4KeyHard": "7",
        "m_ush5KeyEasy": "2",
        "m_ush5KeyNormal": "4",
        "m_ush5KeyHard": "7",
        "m_ush6KeyEasy": "2",
        "m_ush6KeyNormal": "4",
        "m_ush6KeyHard": "7",
        "m_iPrice": "0",
        "m_szNoteNumber": "225,427,888,225,427,888,225,427,889",
        "m_szProductID": null,
        "m_iVipFlag": "0",
        "m_bIsHide": "0x0",
        "m_bIsReward": "0x0",
        "m_bIsLevelReward": "0x1"
    },
    {
        "@version": "1",
        "m_ushSongID": "202",
        "m_iVersion": "0",
        "m_szSongName": null,
        "m_szPath": "target",
        "m_szArtist": null,
        "m_szComposer": null,
        "m_szSongTime": "0.099306",
        "m_iGameTime": "143",
        "m_iRegion": "3",
        "m_iStyle": "1",
        "m_ucIsNew": "0",
        "m_ucIsHot": "0",
        "m_ucIsRecommend": "0",
        "m_szBPM": "160",
        "m_ucIsOpen": "1",
        "m_ucCanBuy": "0x0",
        "m_iOrderIndex": "0",
        "m_bIsFree": "0x1",
        "m_bSongPkg": "0x0",
        "m_szFreeBeginTime": null,
        "m_szFreeEndTime": null,
        "m_ush4KeyEasy": "2",
        "m_ush4KeyNormal": "4",
        "m_ush4KeyHard": "6",
        "m_ush5KeyEasy": "2",
        "m_ush5KeyNormal": "4",
        "m_ush5KeyHard": "6",
        "m_ush6KeyEasy": "2",
        "m_ush6KeyNormal": "4",
        "m_ush6KeyHard": "6",
        "m_iPrice": "0",
        "m_szNoteNumber": "532,928,1488,532,925,1488,532,925,1488",
        "m_szProductID": null,
        "m_iVipFlag": "0",
        "m_bIsHide": "0x0",
        "m_bIsReward": "0x0",
        "m_bIsLevelReward": "0x1"
    },
    {
        "@version": "1",
        "m_ushSongID": "205",
        "m_iVersion": "0",
        "m_szSongName": null,
        "m_szPath": "4minuteshm",
        "m_szArtist": null,
        "m_szComposer": null,
        "m_szSongTime": "0.088889",
        "m_iGameTime": "128",
        "m_iRegion": "3",
        "m_iStyle": "1",
        "m_ucIsNew": "0",
        "m_ucIsHot": "0",
        "m_ucIsRecommend": "0",
        "m_szBPM": "125",
        "m_ucIsOpen": "1",
        "m_ucCanBuy": "0x0",
        "m_iOrderIndex": "0",
        "m_bIsFree": "0x1",
        "m_bSongPkg": "0x0",
        "m_szFreeBeginTime": null,
        "m_szFreeEndTime": null,
        "m_ush4KeyEasy": "2",
        "m_ush4KeyNormal": "4",
        "m_ush4KeyHard": "6",
        "m_ush5KeyEasy": "2",
        "m_ush5KeyNormal": "4",
        "m_ush5KeyHard": "6",
        "m_ush6KeyEasy": "2",
        "m_ush6KeyNormal": "4",
        "m_ush6KeyHard": "6",
        "m_iPrice": "0",
        "m_szNoteNumber": "436,724,1132,436,724,1132,436,724,1132",
        "m_szProductID": null,
        "m_iVipFlag": "0",
        "m_bIsHide": "0x0",
        "m_bIsReward": "0x0",
        "m_bIsLevelReward": "0x1"
    }
]