[
    {
        "@version": "1",
        "m_iExchangeID": "0",
        "m_ucItemType": "0x0",
        "m_iItemID": "0",
        "m_iItemValue": "0",
        "m_iScoreCost": "0",
        "m_iVersion": "0"
    },
    {
        "@version": "1",
        "m_iExchangeID": "1",
        "m_ucItemType": "0x9",
        "m_iItemID": "1004",
        "m_iItemValue": "1",
        "m_iScoreCost": "28888",
        "m_iVersion": "0"
    },
    {
        "@version": "1",
        "m_iExchangeID": "88",
        "m_ucItemType": "0x3",
        "m_iItemID": "566",
        "m_iItemValue": "1",
        "m_iScoreCost": "5888",
        "m_iVersion": "0"
    },
    {
        "@version": "1",
        "m_iExchangeID": "89",
        "m_ucItemType": "0x3",
        "m_iItemID": "1",
        "m_iItemValue": "1",
        "m_iScoreCost": "4888",
        "m_iVersion": "0"
    },
    {
        "@version": "1",
        "m_iExchangeID": "90",
        "m_ucItemType": "0x3",
        "m_iItemID": "1",
        "m_iItemValue": "1",
        "m_iScoreCost": "4888",
        "m_iVersion": "0"
    },
    {
        "@version": "1",
        "m_iExchangeID": "91",
        "m_ucItemType": "0x3",
        "m_iItemID": "438",
        "m_iItemValue": "1",
        "m_iScoreCost": "4888",
        "m_iVersion": "0"
    },
    {
        "@version": "1",
        "m_iExchangeID": "92",
        "m_ucItemType": "0x3",
        "m_iItemID": "327",
        "m_iItemValue": "1",
        "m_iScoreCost": "4888",
        "m_iVersion": "0"
    },
    {
        "@version": "1",
        "m_iExchangeID": "93",
        "m_ucItemType": "0x3",
        "m_iItemID": "1",
        "m_iItemValue": "1",
        "m_iScoreCost": "4888",
        "m_iVersion": "0"
    }
]