[
    {
        "@version": "1",
        "m_iLevel": "0",
        "m_iLevelUpExp": "0",
        "m_iRewardEnergyFill": "0",
        "m_iRewardGold": "0",
        "m_iFloorBonus": "0",
        "m_iRewardUnlockSong": "0"
    },
    {
        "@version": "1",
        "m_iLevel": "1",
        "m_iLevelUpExp": "0",
        "m_iRewardEnergyFill": "0",
        "m_iRewardGold": "0",
        "m_iFloorBonus": "100",
        "m_iRewardUnlockSong": "0"
    },
    {
        "@version": "1",
        "m_iLevel": "2",
        "m_iLevelUpExp": "270",
        "m_iRewardEnergyFill": "-1",
        "m_iRewardGold": "0",
        "m_iFloorBonus": "200",
        "m_iRewardUnlockSong": "0"
    },
    {
        "@version": "1",
        "m_iLevel": "3",
        "m_iLevelUpExp": "310",
        "m_iRewardEnergyFill": "-1",
        "m_iRewardGold": "0",
        "m_iFloorBonus": "200",
        "m_iRewardUnlockSong": "0"
    },
    {
        "@version": "1",
        "m_iLevel": "4",
        "m_iLevelUpExp": "350",
        "m_iRewardEnergyFill": "-1",
        "m_iRewardGold": "0",
        "m_iFloorBonus": "300",
        "m_iRewardUnlockSong": "0"
    },
    {
        "@version": "1",
        "m_iLevel": "5",
        "m_iLevelUpExp": "390",
        "m_iRewardEnergyFill": "2",
        "m_iRewardGold": "0",
        "m_iFloorBonus": "300",
        "m_iRewardUnlockSong": "1"
    },
    {
        "@version": "1",
        "m_iLevel": "6",
        "m_iLevelUpExp": "430",
        "m_iRewardEnergyFill": "-1",
        "m_iRewardGold": "0",
        "m_iFloorBonus": "400",
        "m_iRewardUnlockSong": "0"
    },
    {
        "@version": "1",
        "m_iLevel": "7",
        "m_iLevelUpExp": "470",
        "m_iRewardEnergyFill": "-1",
        "m_iRewardGold": "0",
        "m_iFloorBonus": "400",
        "m_iRewardUnlockSong": "0"
    },
    {
        "@version": "1",
        "m_iLevel": "8",
        "m_iLevelUpExp": "510",
        "m_iRewardEnergyFill": "-1",
        "m_iRewardGold": "0",
        "m_iFloorBonus": "500",
        "m_iRewardUnlockSong": "0"
    },
    {
        "@version": "1",
        "m_iLevel": "9",
        "m_iLevelUpExp": "550",
        "m_iRewardEnergyFill": "-1",
        "m_iRewardGold": "0",
        "m_iFloorBonus": "500",
        "m_iRewardUnlockSong": "0"
    },
    {
        "@version": "1",
        "m_iLevel": "10",
        "m_iLevelUpExp": "590",
        "m_iRewardEnergyFill": "2",
        "m_iRewardGold": "0",
        "m_iFloorBonus": "600",
        "m_iRewardUnlockSong": "1"
    },
    {
        "@version": "1",
        "m_iLevel": "11",
        "m_iLevelUpExp": "780",
        "m_iRewardEnergyFill": "-1",
        "m_iRewardGold": "0",
        "m_iFloorBonus": "600",
        "m_iRewardUnlockSong": "0"
    },
    {
        "@version": "1",
        "m_iLevel": "12",
        "m_iLevelUpExp": "910",
        "m_iRewardEnergyFill": "-1",
        "m_iRewardGold": "0",
        "m_iFloorBonus": "700",
        "m_iRewardUnlockSong": "0"
    },
    {
        "@version": "1",
        "m_iLevel": "13",
        "m_iLevelUpExp": "1040",
        "m_iRewardEnergyFill": "-1",
        "m_iRewardGold": "0",
        "m_iFloorBonus": "700",
        "m_iRewardUnlockSong": "0"
    },
    {
        "@version": "1",
        "m_iLevel": "14",
        "m_iLevelUpExp": "1170",
        "m_iRewardEnergyFill": "-1",
        "m_iRewardGold": "0",
        "m_iFloorBonus": "800",
        "m_iRewardUnlockSong": "0"
    },
    {
        "@version": "1",
        "m_iLevel": "15",
        "m_iLevelUpExp": "1300",
        "m_iRewardEnergyFill": "2",
        "m_iRewardGold": "0",
        "m_iFloorBonus": "800",
        "m_iRewardUnlockSong": "1"
    },
    {
        "@version": "1",
        "m_iLevel": "16",
        "m_iLevelUpExp": "1430",
        "m_iRewardEnergyFill": "-1",
        "m_iRewardGold": "0",
        "m_iFloorBonus": "900",
        "m_iRewardUnlockSong": "0"
    },
    {
        "@version": "1",
        "m_iLevel": "17",
        "m_iLevelUpExp": "1560",
        "m_iRewardEnergyFill": "-1",
        "m_iRewardGold": "0",
        "m_iFloorBonus": "900",
        "m_iRewardUnlockSong": "0"
    },
    {
        "@version": "1",
        "m_iLevel": "18",
        "m_iLevelUpExp": "1690",
        "m_iRewardEnergyFill": "-1",
        "m_iRewardGold": "0",
        "m_iFloorBonus": "1000",
        "m_iRewardUnlockSong": "0"
    },
    {
        "@version": "1",
        "m_iLevel": "19",
        "m_iLevelUpExp": "1820",
        "m_iRewardEnergyFill": "-1",
        "m_iRewardGold": "0",
        "m_iFloorBonus": "1000",
        "m_iRewardUnlockSong": "0"
    },
    {
        "@version": "1",
        "m_iLevel": "20",
        "m_iLevelUpExp": "1950",
        "m_iRewardEnergyFill": "2",
        "m_iRewardGold": "0",
        "m_iFloorBonus": "1100",
        "m_iRewardUnlockSong": "1"
    },
    {
        "@version": "1",
        "m_iLevel": "21",
        "m_iLevelUpExp": "2080",
        "m_iRewardEnergyFill": "-1",
        "m_iRewardGold": "0",
        "m_iFloorBonus": "1100",
        "m_iRewardUnlockSong": "0"
    },
    {
        "@version": "1",
        "m_iLevel": "22",
        "m_iLevelUpExp": "2210",
        "m_iRewardEnergyFill": "-1",
        "m_iRewardGold": "0",
        "m_iFloorBonus": "1200",
        "m_iRewardUnlockSong": "0"
    },
    {
        "@version": "1",
        "m_iLevel": "23",
        "m_iLevelUpExp": "2340",
        "m_iRewardEnergyFill": "-1",
        "m_iRewardGold": "0",
        "m_iFloorBonus": "1200",
        "m_iRewardUnlockSong": "0"
    },
    {
        "@version": "1",
        "m_iLevel": "24",
        "m_iLevelUpExp": "2470",
        "m_iRewardEnergyFill": "-1",
        "m_iRewardGold": "0",
        "m_iFloorBonus": "1300",
        "m_iRewardUnlockSong": "0"
    },
    {
        "@version": "1",
        "m_iLevel": "25",
        "m_iLevelUpExp": "2600",
        "m_iRewardEnergyFill": "2",
        "m_iRewardGold": "0",
        "m_iFloorBonus": "1300",
        "m_iRewardUnlockSong": "1"
    },
    {
        "@version": "1",
        "m_iLevel": "26",
        "m_iLevelUpExp": "2730",
        "m_iRewardEnergyFill": "-1",
        "m_iRewardGold": "0",
        "m_iFloorBonus": "1400",
        "m_iRewardUnlockSong": "0"
    },
    {
        "@version": "1",
        "m_iLevel": "27",
        "m_iLevelUpExp": "2860",
        "m_iRewardEnergyFill": "-1",
        "m_iRewardGold": "0",
        "m_iFloorBonus": "1400",
        "m_iRewardUnlockSong": "0"
    },
    {
        "@version": "1",
        "m_iLevel": "28",
        "m_iLevelUpExp": "2990",
        "m_iRewardEnergyFill": "-1",
        "m_iRewardGold": "0",
        "m_iFloorBonus": "1500",
        "m_iRewardUnlockSong": "0"
    },
    {
        "@version": "1",
        "m_iLevel": "29",
        "m_iLevelUpExp": "3120",
        "m_iRewardEnergyFill": "-1",
        "m_iRewardGold": "0",
        "m_iFloorBonus": "1500",
        "m_iRewardUnlockSong": "0"
    },
    {
        "@version": "1",
        "m_iLevel": "30",
        "m_iLevelUpExp": "3250",
        "m_iRewardEnergyFill": "2",
        "m_iRewardGold": "0",
        "m_iFloorBonus": "1600",
        "m_iRewardUnlockSong": "1"
    },
    {
        "@version": "1",
        "m_iLevel": "31",
        "m_iLevelUpExp": "6500",
        "m_iRewardEnergyFill": "-1",
        "m_iRewardGold": "0",
        "m_iFloorBonus": "1600",
        "m_iRewardUnlockSong": "0"
    },
    {
        "@version": "1",
        "m_iLevel": "32",
        "m_iLevelUpExp": "7840",
        "m_iRewardEnergyFill": "-1",
        "m_iRewardGold": "0",
        "m_iFloorBonus": "1700",
        "m_iRewardUnlockSong": "0"
    },
    {
        "@version": "1",
        "m_iLevel": "33",
        "m_iLevelUpExp": "9300",
        "m_iRewardEnergyFill": "-1",
        "m_iRewardGold": "0",
        "m_iFloorBonus": "1700",
        "m_iRewardUnlockSong": "0"
    },
    {
        "@version": "1",
        "m_iLevel": "34",
        "m_iLevelUpExp": "10900",
        "m_iRewardEnergyFill": "-1",
        "m_iRewardGold": "0",
        "m_iFloorBonus": "1800",
        "m_iRewardUnlockSong": "0"
    },
    {
        "@version": "1",
        "m_iLevel": "35",
        "m_iLevelUpExp": "12630",
        "m_iRewardEnergyFill": "2",
        "m_iRewardGold": "0",
        "m_iFloorBonus": "1800",
        "m_iRewardUnlockSong": "1"
    },
    {
        "@version": "1",
        "m_iLevel": "36",
        "m_iLevelUpExp": "14490",
        "m_iRewardEnergyFill": "-1",
        "m_iRewardGold": "0",
        "m_iFloorBonus": "1900",
        "m_iRewardUnlockSong": "0"
    },
    {
        "@version": "1",
        "m_iLevel": "37",
        "m_iLevelUpExp": "16490",
        "m_iRewardEnergyFill": "-1",
        "m_iRewardGold": "0",
        "m_iFloorBonus": "1900",
        "m_iRewardUnlockSong": "0"
    },
    {
        "@version": "1",
        "m_iLevel": "38",
        "m_iLevelUpExp": "18620",
        "m_iRewardEnergyFill": "-1",
        "m_iRewardGold": "0",
        "m_iFloorBonus": "2000",
        "m_iRewardUnlockSong": "0"
    },
    {
        "@version": "1",
        "m_iLevel": "39",
        "m_iLevelUpExp": "20890",
        "m_iRewardEnergyFill": "-1",
        "m_iRewardGold": "0",
        "m_iFloorBonus": "2000",
        "m_iRewardUnlockSong": "0"
    },
    {
        "@version": "1",
        "m_iLevel": "40",
        "m_iLevelUpExp": "23300",
        "m_iRewardEnergyFill": "2",
        "m_iRewardGold": "0",
        "m_iFloorBonus": "2100",
        "m_iRewardUnlockSong": "1"
    },
    {
        "@version": "1",
        "m_iLevel": "41",
        "m_iLevelUpExp": "25840",
        "m_iRewardEnergyFill": "-1",
        "m_iRewardGold": "0",
        "m_iFloorBonus": "2100",
        "m_iRewardUnlockSong": "0"
    },
    {
        "@version": "1",
        "m_iLevel": "42",
        "m_iLevelUpExp": "28530",
        "m_iRewardEnergyFill": "-1",
        "m_iRewardGold": "0",
        "m_iFloorBonus": "2200",
        "m_iRewardUnlockSong": "0"
    },
    {
        "@version": "1",
        "m_iLevel": "43",
        "m_iLevelUpExp": "31350",
        "m_iRewardEnergyFill": "-1",
        "m_iRewardGold": "0",
        "m_iFloorBonus": "2200",
        "m_iRewardUnlockSong": "0"
    },
    {
        "@version": "1",
        "m_iLevel": "44",
        "m_iLevelUpExp": "34310",
        "m_iRewardEnergyFill": "-1",
        "m_iRewardGold": "0",
        "m_iFloorBonus": "2300",
        "m_iRewardUnlockSong": "0"
    },
    {
        "@version": "1",
        "m_iLevel": "45",
        "m_iLevelUpExp": "37410",
        "m_iRewardEnergyFill": "2",
        "m_iRewardGold": "0",
        "m_iFloorBonus": "2300",
        "m_iRewardUnlockSong": "1"
    },
    {
        "@version": "1",
        "m_iLevel": "46",
        "m_iLevelUpExp": "40660",
        "m_iRewardEnergyFill": "-1",
        "m_iRewardGold": "0",
        "m_iFloorBonus": "2400",
        "m_iRewardUnlockSong": "0"
    },
    {
        "@version": "1",
        "m_iLevel": "47",
        "m_iLevelUpExp": "44040",
        "m_iRewardEnergyFill": "-1",
        "m_iRewardGold": "0",
        "m_iFloorBonus": "2400",
        "m_iRewardUnlockSong": "0"
    },
    {
        "@version": "1",
        "m_iLevel": "48",
        "m_iLevelUpExp": "47570",
        "m_iRewardEnergyFill": "-1",
        "m_iRewardGold": "0",
        "m_iFloorBonus": "2500",
        "m_iRewardUnlockSong": "0"
    },
    {
        "@version": "1",
        "m_iLevel": "49",
        "m_iLevelUpExp": "51240",
        "m_iRewardEnergyFill": "-1",
        "m_iRewardGold": "0",
        "m_iFloorBonus": "2500",
        "m_iRewardUnlockSong": "0"
    },
    {
        "@version": "1",
        "m_iLevel": "50",
        "m_iLevelUpExp": "55050",
        "m_iRewardEnergyFill": "2",
        "m_iRewardGold": "0",
        "m_iFloorBonus": "2600",
        "m_iRewardUnlockSong": "1"
    },
    {
        "@version": "1",
        "m_iLevel": "51",
        "m_iLevelUpExp": "59010",
        "m_iRewardEnergyFill": "-1",
        "m_iRewardGold": "0",
        "m_iFloorBonus": "2600",
        "m_iRewardUnlockSong": "0"
    },
    {
        "@version": "1",
        "m_iLevel": "52",
        "m_iLevelUpExp": "63110",
        "m_iRewardEnergyFill": "-1",
        "m_iRewardGold": "0",
        "m_iFloorBonus": "2700",
        "m_iRewardUnlockSong": "0"
    },
    {
        "@version": "1",
        "m_iLevel": "53",
        "m_iLevelUpExp": "67350",
        "m_iRewardEnergyFill": "-1",
        "m_iRewardGold": "0",
        "m_iFloorBonus": "2700",
        "m_iRewardUnlockSong": "0"
    },
    {
        "@version": "1",
        "m_iLevel": "54",
        "m_iLevelUpExp": "71740",
        "m_iRewardEnergyFill": "-1",
        "m_iRewardGold": "0",
        "m_iFloorBonus": "2800",
        "m_iRewardUnlockSong": "0"
    },
    {
        "@version": "1",
        "m_iLevel": "55",
        "m_iLevelUpExp": "76280",
        "m_iRewardEnergyFill": "2",
        "m_iRewardGold": "0",
        "m_iFloorBonus": "2800",
        "m_iRewardUnlockSong": "1"
    },
    {
        "@version": "1",
        "m_iLevel": "56",
        "m_iLevelUpExp": "80960",
        "m_iRewardEnergyFill": "-1",
        "m_iRewardGold": "0",
        "m_iFloorBonus": "2900",
        "m_iRewardUnlockSong": "0"
    },
    {
        "@version": "1",
        "m_iLevel": "57",
        "m_iLevelUpExp": "85790",
        "m_iRewardEnergyFill": "-1",
        "m_iRewardGold": "0",
        "m_iFloorBonus": "2900",
        "m_iRewardUnlockSong": "0"
    },
    {
        "@version": "1",
        "m_iLevel": "58",
        "m_iLevelUpExp": "90760",
        "m_iRewardEnergyFill": "-1",
        "m_iRewardGold": "0",
        "m_iFloorBonus": "3000",
        "m_iRewardUnlockSong": "0"
    },
    {
        "@version": "1",
        "m_iLevel": "59",
        "m_iLevelUpExp": "95880",
        "m_iRewardEnergyFill": "-1",
        "m_iRewardGold": "0",
        "m_iFloorBonus": "3000",
        "m_iRewardUnlockSong": "0"
    },
    {
        "@version": "1",
        "m_iLevel": "60",
        "m_iLevelUpExp": "101150",
        "m_iRewardEnergyFill": "2",
        "m_iRewardGold": "0",
        "m_iFloorBonus": "3000",
        "m_iRewardUnlockSong": "1"
    }
]