[
    {
        "@version": "1",
        "m_ushID": "1",
        "m_ucType": "0x2",
        "m_iThingID": "0",
        "m_szItemName": null,
        "m_iThingNumber": "5",
        "m_iIOSMoney": "100",
        "m_iAndroidMoney": "100",
        "m_iDiamonds": "0",
        "m_szDescriptionName": null,
        "m_iIconID": "0",
        "m_iRaretype": "0",
        "m_iIshot": "0",
        "m_iIsnew": "0",
        "m_iDiscount": "0",
        "m_iIsopen": "0",
        "m_iSequence": "0",
        "m_iIsone": "0",
        "m_iIsShowInGame": "0x0",
        "m_iIsShowInShop": "0x0",
        "m_szStartTime": null,
        "m_szEndTime": null,
        "m_ucLimitType": "0x0",
        "m_ucLimitNum": "0"
    },
    {
        "@version": "1",
        "m_ushID": "2",
        "m_ucType": "0x2",
        "m_iThingID": "0",
        "m_szItemName": null,
        "m_iThingNumber": "11",
        "m_iIOSMoney": "200",
        "m_iAndroidMoney": "200",
        "m_iDiamonds": "0",
        "m_szDescriptionName": null,
        "m_iIconID": "0",
        "m_iRaretype": "0",
        "m_iIshot": "0",
        "m_iIsnew": "0",
        "m_iDiscount": "0",
        "m_iIsopen": "0",
        "m_iSequence": "0",
        "m_iIsone": "0",
        "m_iIsShowInGame": "0x0",
        "m_iIsShowInShop": "0x0",
        "m_szStartTime": null,
        "m_szEndTime": null,
        "m_ucLimitType": "0x0",
        "m_ucLimitNum": "0"
    },
    {
        "@version": "1",
        "m_ushID": "3",
        "m_ucType": "0x2",
        "m_iThingID": "0",
        "m_szItemName": null,
        "m_iThingNumber": "23",
        "m_iIOSMoney": "400",
        "m_iAndroidMoney": "400",
        "m_iDiamonds": "0",
        "m_szDescriptionName": null,
        "m_iIconID": "0",
        "m_iRaretype": "0",
        "m_iIshot": "0",
        "m_iIsnew": "0",
        "m_iDiscount": "0",
        "m_iIsopen": "0",
        "m_iSequence": "0",
        "m_iIsone": "0",
        "m_iIsShowInGame": "0x0",
        "m_iIsShowInShop": "0x0",
        "m_szStartTime": null,
        "m_szEndTime": null,
        "m_ucLimitType": "0x0",
        "m_ucLimitNum": "0"
    },
    {
        "@version": "1",
        "m_ushID": "4",
        "m_ucType": "0x2",
        "m_iThingID": "0",
        "m_szItemName": null,
        "m_iThingNumber": "60",
        "m_iIOSMoney": "1000",
        "m_iAndroidMoney": "1000",
        "m_iDiamonds": "0",
        "m_szDescriptionName": null,
        "m_iIconID": "0",
        "m_iRaretype": "0",
        "m_iIshot": "0",
        "m_iIsnew": "0",
        "m_iDiscount": "0",
        "m_iIsopen": "0",
        "m_iSequence": "0",
        "m_iIsone": "0",
        "m_iIsShowInGame": "0x0",
        "m_iIsShowInShop": "0x0",
        "m_szStartTime": null,
        "m_szEndTime": null,
        "m_ucLimitType": "0x0",
        "m_ucLimitNum": "0"
    },
    {
        "@version": "1",
        "m_ushID": "5",
        "m_ucType": "0x5",
        "m_iThingID": "1",
        "m_szItemName": "[漏击]消除",
        "m_iThingNumber": "1",
        "m_iIOSMoney": "15",
        "m_iAndroidMoney": "15",
        "m_iDiamonds": "0",
        "m_szDescriptionName": "使用后可抵消3次[漏击]判定",
        "m_iIconID": "1",
        "m_iRaretype": "0",
        "m_iIshot": "0",
        "m_iIsnew": "0",
        "m_iDiscount": "0",
        "m_iIsopen": "1",
        "m_iSequence": "2",
        "m_iIsone": "0",
        "m_iIsShowInGame": "0x1",
        "m_iIsShowInShop": "0x0",
        "m_szStartTime": null,
        "m_szEndTime": null,
        "m_ucLimitType": "0x0",
        "m_ucLimitNum": "0"
    },
    {
        "@version": "1",
        "m_ushID": "6",
        "m_ucType": "0x5",
        "m_iThingID": "4",
        "m_szItemName": "防护罩",
        "m_iThingNumber": "1",
        "m_iIOSMoney": "15",
        "m_iAndroidMoney": "15",
        "m_iDiamonds": "0",
        "m_szDescriptionName": "血量低于10%时进入10秒无敌状态",
        "m_iIconID": "0",
        "m_iRaretype": "0",
        "m_iIshot": "0",
        "m_iIsnew": "0",
        "m_iDiscount": "0",
        "m_iIsopen": "0",
        "m_iSequence": "0",
        "m_iIsone": "0",
        "m_iIsShowInGame": "0x0",
        "m_iIsShowInShop": "0x0",
        "m_szStartTime": null,
        "m_szEndTime": null,
        "m_ucLimitType": "0x0",
        "m_ucLimitNum": "0"
    },
    {
        "@version": "1",
        "m_ushID": "7",
        "m_ucType": "0x5",
        "m_iThingID": "2",
        "m_szItemName": "血量回复",
        "m_iThingNumber": "1",
        "m_iIOSMoney": "10",
        "m_iAndroidMoney": "10",
        "m_iDiamonds": "0",
        "m_szDescriptionName": "血量低于20%时自动补满",
        "m_iIconID": "2",
        "m_iRaretype": "0",
        "m_iIshot": "0",
        "m_iIsnew": "0",
        "m_iDiscount": "0",
        "m_iIsopen": "1",
        "m_iSequence": "1",
        "m_iIsone": "0",
        "m_iIsShowInGame": "0x0",
        "m_iIsShowInShop": "0x0",
        "m_szStartTime": null,
        "m_szEndTime": null,
        "m_ucLimitType": "0x0",
        "m_ucLimitNum": "0"
    },
    {
        "@version": "1",
        "m_ushID": "8",
        "m_ucType": "0x5",
        "m_iThingID": "3",
        "m_szItemName": "血量增加",
        "m_iThingNumber": "1",
        "m_iIOSMoney": "10",
        "m_iAndroidMoney": "10",
        "m_iDiamonds": "0",
        "m_szDescriptionName": "增加50%生命值上限",
        "m_iIconID": "0",
        "m_iRaretype": "0",
        "m_iIshot": "0",
        "m_iIsnew": "0",
        "m_iDiscount": "0",
        "m_iIsopen": "0",
        "m_iSequence": "0",
        "m_iIsone": "0",
        "m_iIsShowInGame": "0x0",
        "m_iIsShowInShop": "0x0",
        "m_szStartTime": null,
        "m_szEndTime": null,
        "m_ucLimitType": "0x0",
        "m_ucLimitNum": "0"
    },
    {
        "@version": "1",
        "m_ushID": "9",
        "m_ucType": "0x5",
        "m_iThingID": "6",
        "m_szItemName": "抵消[很棒]",
        "m_iThingNumber": "1",
        "m_iIOSMoney": "50",
        "m_iAndroidMoney": "50",
        "m_iDiamonds": "0",
        "m_szDescriptionName": "将五个[很棒]修改为[完美]判定",
        "m_iIconID": "6",
        "m_iRaretype": "0",
        "m_iIshot": "0",
        "m_iIsnew": "0",
        "m_iDiscount": "0",
        "m_iIsopen": "1",
        "m_iSequence": "3",
        "m_iIsone": "0",
        "m_iIsShowInGame": "0x1",
        "m_iIsShowInShop": "0x0",
        "m_szStartTime": null,
        "m_szEndTime": null,
        "m_ucLimitType": "0x0",
        "m_ucLimitNum": "0"
    },
    {
        "@version": "1",
        "m_ushID": "10",
        "m_ucType": "0x5",
        "m_iThingID": "7",
        "m_szItemName": "双倍经验",
        "m_iThingNumber": "1",
        "m_iIOSMoney": "50",
        "m_iAndroidMoney": "50",
        "m_iDiamonds": "0",
        "m_szDescriptionName": "本局游戏获得基础经验提高100%",
        "m_iIconID": "7",
        "m_iRaretype": "0",
        "m_iIshot": "0",
        "m_iIsnew": "0",
        "m_iDiscount": "0",
        "m_iIsopen": "1",
        "m_iSequence": "5",
        "m_iIsone": "1",
        "m_iIsShowInGame": "0x0",
        "m_iIsShowInShop": "0x0",
        "m_szStartTime": null,
        "m_szEndTime": null,
        "m_ucLimitType": "0x0",
        "m_ucLimitNum": "0"
    },
    {
        "@version": "1",
        "m_ushID": "11",
        "m_ucType": "0x5",
        "m_iThingID": "8",
        "m_szItemName": "不死鸟",
        "m_iThingNumber": "1",
        "m_iIOSMoney": "80",
        "m_iAndroidMoney": "80",
        "m_iDiamonds": "0",
        "m_szDescriptionName": "本局游戏不会中途死亡",
        "m_iIconID": "8",
        "m_iRaretype": "0",
        "m_iIshot": "0",
        "m_iIsnew": "0",
        "m_iDiscount": "0",
        "m_iIsopen": "1",
        "m_iSequence": "6",
        "m_iIsone": "1",
        "m_iIsShowInGame": "0x0",
        "m_iIsShowInShop": "0x0",
        "m_szStartTime": null,
        "m_szEndTime": null,
        "m_ucLimitType": "0x0",
        "m_ucLimitNum": "0"
    },
    {
        "@version": "1",
        "m_ushID": "12",
        "m_ucType": "0x5",
        "m_iThingID": "9",
        "m_szItemName": "普通幸运道具",
        "m_iThingNumber": "1",
        "m_iIOSMoney": "50",
        "m_iAndroidMoney": "50",
        "m_iDiamonds": "0",
        "m_szDescriptionName": "随机获得神秘效果",
        "m_iIconID": "122",
        "m_iRaretype": "0",
        "m_iIshot": "0",
        "m_iIsnew": "0",
        "m_iDiscount": "0",
        "m_iIsopen": "1",
        "m_iSequence": "0",
        "m_iIsone": "0",
        "m_iIsShowInGame": "0x0",
        "m_iIsShowInShop": "0x0",
        "m_szStartTime": null,
        "m_szEndTime": null,
        "m_ucLimitType": "0x0",
        "m_ucLimitNum": "0"
    },
    {
        "@version": "1",
        "m_ushID": "101",
        "m_ucType": "0x5",
        "m_iThingID": "101",
        "m_szItemName": "超级连击",
        "m_iThingNumber": "1",
        "m_iIOSMoney": "50",
        "m_iAndroidMoney": "50",
        "m_iDiamonds": "0",
        "m_szDescriptionName": "使用后可抵消五次[漏击]判定",
        "m_iIconID": "101",
        "m_iRaretype": "0",
        "m_iIshot": "0",
        "m_iIsnew": "0",
        "m_iDiscount": "0",
        "m_iIsopen": "1",
        "m_iSequence": "1",
        "m_iIsone": "0",
        "m_iIsShowInGame": "0x1",
        "m_iIsShowInShop": "0x0",
        "m_szStartTime": null,
        "m_szEndTime": null,
        "m_ucLimitType": "0x0",
        "m_ucLimitNum": "0"
    },
    {
        "@version": "1",
        "m_ushID": "102",
        "m_ucType": "0x5",
        "m_iThingID": "102",
        "m_szItemName": "完美判定",
        "m_iThingNumber": "1",
        "m_iIOSMoney": "50",
        "m_iAndroidMoney": "50",
        "m_iDiamonds": "0",
        "m_szDescriptionName": "将五个[很棒]修改为[完美]判定",
        "m_iIconID": "102",
        "m_iRaretype": "0",
        "m_iIshot": "0",
        "m_iIsnew": "0",
        "m_iDiscount": "0",
        "m_iIsopen": "1",
        "m_iSequence": "2",
        "m_iIsone": "0",
        "m_iIsShowInGame": "0x1",
        "m_iIsShowInShop": "0x0",
        "m_szStartTime": null,
        "m_szEndTime": null,
        "m_ucLimitType": "0x0",
        "m_ucLimitNum": "0"
    },
    {
        "@version": "1",
        "m_ushID": "103",
        "m_ucType": "0x5",
        "m_iThingID": "103",
        "m_szItemName": "五星达人",
        "m_iThingNumber": "1",
        "m_iIOSMoney": "60",
        "m_iAndroidMoney": "60",
        "m_iDiamonds": "0",
        "m_szDescriptionName": "使用后更容易获得星星评价",
        "m_iIconID": "103",
        "m_iRaretype": "0",
        "m_iIshot": "0",
        "m_iIsnew": "0",
        "m_iDiscount": "0",
        "m_iIsopen": "1",
        "m_iSequence": "3",
        "m_iIsone": "1",
        "m_iIsShowInGame": "0x0",
        "m_iIsShowInShop": "0x0",
        "m_szStartTime": null,
        "m_szEndTime": null,
        "m_ucLimitType": "0x0",
        "m_ucLimitNum": "0"
    },
    {
        "@version": "1",
        "m_ushID": "104",
        "m_ucType": "0x5",
        "m_iThingID": "104",
        "m_szItemName": "无敌幸运星",
        "m_iThingNumber": "1",
        "m_iIOSMoney": "60",
        "m_iAndroidMoney": "60",
        "m_iDiamonds": "0",
        "m_szDescriptionName": "[幸运]出现几率提升200%",
        "m_iIconID": "104",
        "m_iRaretype": "0",
        "m_iIshot": "0",
        "m_iIsnew": "0",
        "m_iDiscount": "0",
        "m_iIsopen": "1",
        "m_iSequence": "5",
        "m_iIsone": "1",
        "m_iIsShowInGame": "0x0",
        "m_iIsShowInShop": "0x0",
        "m_szStartTime": null,
        "m_szEndTime": null,
        "m_ucLimitType": "0x0",
        "m_ucLimitNum": "0"
    },
    {
        "@version": "1",
        "m_ushID": "105",
        "m_ucType": "0x5",
        "m_iThingID": "105",
        "m_szItemName": "得分提升",
        "m_iThingNumber": "1",
        "m_iIOSMoney": "100",
        "m_iAndroidMoney": "100",
        "m_iDiamonds": "0",
        "m_szDescriptionName": "[完美]判定获得分数提升10%",
        "m_iIconID": "105",
        "m_iRaretype": "0",
        "m_iIshot": "0",
        "m_iIsnew": "0",
        "m_iDiscount": "0",
        "m_iIsopen": "1",
        "m_iSequence": "6",
        "m_iIsone": "1",
        "m_iIsShowInGame": "0x0",
        "m_iIsShowInShop": "0x0",
        "m_szStartTime": null,
        "m_szEndTime": null,
        "m_ucLimitType": "0x0",
        "m_ucLimitNum": "0"
    },
    {
        "@version": "1",
        "m_ushID": "121",
        "m_ucType": "0x5",
        "m_iThingID": "121",
        "m_szItemName": "人品大爆发",
        "m_iThingNumber": "1",
        "m_iIOSMoney": "300",
        "m_iAndroidMoney": "300",
        "m_iDiamonds": "0",
        "m_szDescriptionName": null,
        "m_iIconID": "121",
        "m_iRaretype": "0",
        "m_iIshot": "0",
        "m_iIsnew": "0",
        "m_iDiscount": "0",
        "m_iIsopen": "0",
        "m_iSequence": "0",
        "m_iIsone": "0",
        "m_iIsShowInGame": "0x0",
        "m_iIsShowInShop": "0x0",
        "m_szStartTime": null,
        "m_szEndTime": null,
        "m_ucLimitType": "0x0",
        "m_ucLimitNum": "0"
    },
    {
        "@version": "1",
        "m_ushID": "122",
        "m_ucType": "0x5",
        "m_iThingID": "122",
        "m_szItemName": "星动幸运道具",
        "m_iThingNumber": "1",
        "m_iIOSMoney": "50",
        "m_iAndroidMoney": "50",
        "m_iDiamonds": "0",
        "m_szDescriptionName": "随机获得神秘效果",
        "m_iIconID": "124",
        "m_iRaretype": "0",
        "m_iIshot": "0",
        "m_iIsnew": "0",
        "m_iDiscount": "0",
        "m_iIsopen": "1",
        "m_iSequence": "0",
        "m_iIsone": "0",
        "m_iIsShowInGame": "0x0",
        "m_iIsShowInShop": "0x0",
        "m_szStartTime": null,
        "m_szEndTime": null,
        "m_ucLimitType": "0x0",
        "m_ucLimitNum": "0"
    },
    {
        "@version": "1",
        "m_ushID": "123",
        "m_ucType": "0x5",
        "m_iThingID": "10",
        "m_szItemName": "大[漏击]消除",
        "m_iThingNumber": "1",
        "m_iIOSMoney": "0",
        "m_iAndroidMoney": "0",
        "m_iDiamonds": "6",
        "m_szDescriptionName": "使用后可抵消9次[漏击]判定",
        "m_iIconID": "123",
        "m_iRaretype": "0",
        "m_iIshot": "0",
        "m_iIsnew": "0",
        "m_iDiscount": "0",
        "m_iIsopen": "1",
        "m_iSequence": "4",
        "m_iIsone": "0",
        "m_iIsShowInGame": "0x1",
        "m_iIsShowInShop": "0x0",
        "m_szStartTime": null,
        "m_szEndTime": null,
        "m_ucLimitType": "0x0",
        "m_ucLimitNum": "0"
    },
    {
        "@version": "1",
        "m_ushID": "124",
        "m_ucType": "0x5",
        "m_iThingID": "123",
        "m_szItemName": "完美连击",
        "m_iThingNumber": "1",
        "m_iIOSMoney": "0",
        "m_iAndroidMoney": "0",
        "m_iDiamonds": "6",
        "m_szDescriptionName": "使用后可抵消9次[漏击]判定",
        "m_iIconID": "125",
        "m_iRaretype": "0",
        "m_iIshot": "0",
        "m_iIsnew": "0",
        "m_iDiscount": "0",
        "m_iIsopen": "1",
        "m_iSequence": "4",
        "m_iIsone": "0",
        "m_iIsShowInGame": "0x1",
        "m_iIsShowInShop": "0x0",
        "m_szStartTime": null,
        "m_szEndTime": null,
        "m_ucLimitType": "0x0",
        "m_ucLimitNum": "0"
    },
    {
        "@version": "1",
        "m_ushID": "261",
        "m_ucType": "0x1",
        "m_iThingID": "0",
        "m_szItemName": null,
        "m_iThingNumber": "100",
        "m_iIOSMoney": "0",
        "m_iAndroidMoney": "0",
        "m_iDiamonds": "10",
        "m_szDescriptionName": null,
        "m_iIconID": "0",
        "m_iRaretype": "0",
        "m_iIshot": "0",
        "m_iIsnew": "0",
        "m_iDiscount": "0",
        "m_iIsopen": "0",
        "m_iSequence": "0",
        "m_iIsone": "0",
        "m_iIsShowInGame": "0x0",
        "m_iIsShowInShop": "0x0",
        "m_szStartTime": null,
        "m_szEndTime": null,
        "m_ucLimitType": "0x0",
        "m_ucLimitNum": "0"
    },
    {
        "@version": "1",
        "m_ushID": "262",
        "m_ucType": "0x1",
        "m_iThingID": "0",
        "m_szItemName": null,
        "m_iThingNumber": "520",
        "m_iIOSMoney": "0",
        "m_iAndroidMoney": "0",
        "m_iDiamonds": "50",
        "m_szDescriptionName": null,
        "m_iIconID": "0",
        "m_iRaretype": "0",
        "m_iIshot": "0",
        "m_iIsnew": "0",
        "m_iDiscount": "0",
        "m_iIsopen": "0",
        "m_iSequence": "0",
        "m_iIsone": "0",
        "m_iIsShowInGame": "0x0",
        "m_iIsShowInShop": "0x0",
        "m_szStartTime": null,
        "m_szEndTime": null,
        "m_ucLimitType": "0x0",
        "m_ucLimitNum": "0"
    },
    {
        "@version": "1",
        "m_ushID": "263",
        "m_ucType": "0x1",
        "m_iThingID": "0",
        "m_szItemName": null,
        "m_iThingNumber": "1058",
        "m_iIOSMoney": "0",
        "m_iAndroidMoney": "0",
        "m_iDiamonds": "100",
        "m_szDescriptionName": null,
        "m_iIconID": "0",
        "m_iRaretype": "0",
        "m_iIshot": "0",
        "m_iIsnew": "0",
        "m_iDiscount": "0",
        "m_iIsopen": "0",
        "m_iSequence": "0",
        "m_iIsone": "0",
        "m_iIsShowInGame": "0x0",
        "m_iIsShowInShop": "0x0",
        "m_szStartTime": null,
        "m_szEndTime": null,
        "m_ucLimitType": "0x0",
        "m_ucLimitNum": "0"
    },
    {
        "@version": "1",
        "m_ushID": "264",
        "m_ucType": "0x1",
        "m_iThingID": "0",
        "m_szItemName": null,
        "m_iThingNumber": "5400",
        "m_iIOSMoney": "0",
        "m_iAndroidMoney": "0",
        "m_iDiamonds": "500",
        "m_szDescriptionName": null,
        "m_iIconID": "0",
        "m_iRaretype": "0",
        "m_iIshot": "0",
        "m_iIsnew": "0",
        "m_iDiscount": "0",
        "m_iIsopen": "0",
        "m_iSequence": "0",
        "m_iIsone": "0",
        "m_iIsShowInGame": "0x0",
        "m_iIsShowInShop": "0x0",
        "m_szStartTime": null,
        "m_szEndTime": null,
        "m_ucLimitType": "0x0",
        "m_ucLimitNum": "0"
    },
    {
        "@version": "1",
        "m_ushID": "265",
        "m_ucType": "0x1",
        "m_iThingID": "0",
        "m_szItemName": null,
        "m_iThingNumber": "16400",
        "m_iIOSMoney": "0",
        "m_iAndroidMoney": "0",
        "m_iDiamonds": "1500",
        "m_szDescriptionName": null,
        "m_iIconID": "0",
        "m_iRaretype": "0",
        "m_iIshot": "0",
        "m_iIsnew": "0",
        "m_iDiscount": "0",
        "m_iIsopen": "0",
        "m_iSequence": "0",
        "m_iIsone": "0",
        "m_iIsShowInGame": "0x0",
        "m_iIsShowInShop": "0x0",
        "m_szStartTime": null,
        "m_szEndTime": null,
        "m_ucLimitType": "0x0",
        "m_ucLimitNum": "0"
    },
    {
        "@version": "1",
        "m_ushID": "271",
        "m_ucType": "0x5",
        "m_iThingID": "402",
        "m_szItemName": "留声音符",
        "m_iThingNumber": "1",
        "m_iIOSMoney": "0",
        "m_iAndroidMoney": "0",
        "m_iDiamonds": "1000",
        "m_szDescriptionName": "获得一次免费积分抽奖机会",
        "m_iIconID": "402",
        "m_iRaretype": "0",
        "m_iIshot": "0",
        "m_iIsnew": "0",
        "m_iDiscount": "0",
        "m_iIsopen": "1",
        "m_iSequence": "0",
        "m_iIsone": "0",
        "m_iIsShowInGame": "0x0",
        "m_iIsShowInShop": "0x0",
        "m_szStartTime": null,
        "m_szEndTime": null,
        "m_ucLimitType": "0x0",
        "m_ucLimitNum": "0"
    },
    {
        "@version": "1",
        "m_ushID": "272",
        "m_ucType": "0x5",
        "m_iThingID": "403",
        "m_szItemName": "免费跳关",
        "m_iThingNumber": "1",
        "m_iIOSMoney": "0",
        "m_iAndroidMoney": "0",
        "m_iDiamonds": "1000",
        "m_szDescriptionName": "获得一次免费跳关机会",
        "m_iIconID": "403",
        "m_iRaretype": "0",
        "m_iIshot": "0",
        "m_iIsnew": "0",
        "m_iDiscount": "0",
        "m_iIsopen": "1",
        "m_iSequence": "0",
        "m_iIsone": "0",
        "m_iIsShowInGame": "0x0",
        "m_iIsShowInShop": "0x0",
        "m_szStartTime": null,
        "m_szEndTime": null,
        "m_ucLimitType": "0x0",
        "m_ucLimitNum": "0"
    },
    {
        "@version": "1",
        "m_ushID": "273",
        "m_ucType": "0x5",
        "m_iThingID": "404",
        "m_szItemName": "88金币入场券",
        "m_iThingNumber": "1",
        "m_iIOSMoney": "0",
        "m_iAndroidMoney": "0",
        "m_iDiamonds": "1000",
        "m_szDescriptionName": "免门票进入88金币PK场",
        "m_iIconID": "404",
        "m_iRaretype": "0",
        "m_iIshot": "0",
        "m_iIsnew": "0",
        "m_iDiscount": "0",
        "m_iIsopen": "1",
        "m_iSequence": "0",
        "m_iIsone": "0",
        "m_iIsShowInGame": "0x0",
        "m_iIsShowInShop": "0x0",
        "m_szStartTime": null,
        "m_szEndTime": null,
        "m_ucLimitType": "0x0",
        "m_ucLimitNum": "0"
    },
    {
        "@version": "1",
        "m_ushID": "274",
        "m_ucType": "0x5",
        "m_iThingID": "405",
        "m_szItemName": "398金币入场券",
        "m_iThingNumber": "1",
        "m_iIOSMoney": "0",
        "m_iAndroidMoney": "0",
        "m_iDiamonds": "1000",
        "m_szDescriptionName": "免门票进入398金币PK场",
        "m_iIconID": "405",
        "m_iRaretype": "0",
        "m_iIshot": "0",
        "m_iIsnew": "0",
        "m_iDiscount": "0",
        "m_iIsopen": "1",
        "m_iSequence": "0",
        "m_iIsone": "0",
        "m_iIsShowInGame": "0x0",
        "m_iIsShowInShop": "0x0",
        "m_szStartTime": null,
        "m_szEndTime": null,
        "m_ucLimitType": "0x0",
        "m_ucLimitNum": "0"
    },
    {
        "@version": "1",
        "m_ushID": "275",
        "m_ucType": "0x5",
        "m_iThingID": "406",
        "m_szItemName": "20钻入场券",
        "m_iThingNumber": "1",
        "m_iIOSMoney": "0",
        "m_iAndroidMoney": "0",
        "m_iDiamonds": "1000",
        "m_szDescriptionName": "免门票进入20钻石PK场",
        "m_iIconID": "406",
        "m_iRaretype": "0",
        "m_iIshot": "0",
        "m_iIsnew": "0",
        "m_iDiscount": "0",
        "m_iIsopen": "1",
        "m_iSequence": "0",
        "m_iIsone": "0",
        "m_iIsShowInGame": "0x0",
        "m_iIsShowInShop": "0x0",
        "m_szStartTime": null,
        "m_szEndTime": null,
        "m_ucLimitType": "0x0",
        "m_ucLimitNum": "0"
    },
    {
        "@version": "1",
        "m_ushID": "276",
        "m_ucType": "0x5",
        "m_iThingID": "407",
        "m_szItemName": "188钻入场券",
        "m_iThingNumber": "1",
        "m_iIOSMoney": "0",
        "m_iAndroidMoney": "0",
        "m_iDiamonds": "1000",
        "m_szDescriptionName": "免门票进入188钻石PK场",
        "m_iIconID": "407",
        "m_iRaretype": "0",
        "m_iIshot": "0",
        "m_iIsnew": "0",
        "m_iDiscount": "0",
        "m_iIsopen": "1",
        "m_iSequence": "0",
        "m_iIsone": "0",
        "m_iIsShowInGame": "0x0",
        "m_iIsShowInShop": "0x0",
        "m_szStartTime": null,
        "m_szEndTime": null,
        "m_ucLimitType": "0x0",
        "m_ucLimitNum": "0"
    },
    {
        "@version": "1",
        "m_ushID": "277",
        "m_ucType": "0x5",
        "m_iThingID": "408",
        "m_szItemName": "20钻星动入场券",
        "m_iThingNumber": "1",
        "m_iIOSMoney": "0",
        "m_iAndroidMoney": "0",
        "m_iDiamonds": "1000",
        "m_szDescriptionName": "免门票进入20钻石星动PK场",
        "m_iIconID": "408",
        "m_iRaretype": "0",
        "m_iIshot": "0",
        "m_iIsnew": "0",
        "m_iDiscount": "0",
        "m_iIsopen": "1",
        "m_iSequence": "0",
        "m_iIsone": "0",
        "m_iIsShowInGame": "0x0",
        "m_iIsShowInShop": "0x0",
        "m_szStartTime": null,
        "m_szEndTime": null,
        "m_ucLimitType": "0x0",
        "m_ucLimitNum": "0"
    },
    {
        "@version": "1",
        "m_ushID": "278",
        "m_ucType": "0x5",
        "m_iThingID": "409",
        "m_szItemName": "无道具入场券",
        "m_iThingNumber": "1",
        "m_iIOSMoney": "0",
        "m_iAndroidMoney": "0",
        "m_iDiamonds": "1000",
        "m_szDescriptionName": "免门票进入88金币无道具PK场",
        "m_iIconID": "409",
        "m_iRaretype": "0",
        "m_iIshot": "0",
        "m_iIsnew": "0",
        "m_iDiscount": "0",
        "m_iIsopen": "1",
        "m_iSequence": "0",
        "m_iIsone": "0",
        "m_iIsShowInGame": "0x0",
        "m_iIsShowInShop": "0x0",
        "m_szStartTime": null,
        "m_szEndTime": null,
        "m_ucLimitType": "0x0",
        "m_ucLimitNum": "0"
    },
    {
        "@version": "1",
        "m_ushID": "279",
        "m_ucType": "0x5",
        "m_iThingID": "414",
        "m_szItemName": "旋转音符",
        "m_iThingNumber": "1",
        "m_iIOSMoney": "0",
        "m_iAndroidMoney": "0",
        "m_iDiamonds": "1000",
        "m_szDescriptionName": "礼从天降活动中开启转盘",
        "m_iIconID": "410",
        "m_iRaretype": "0",
        "m_iIshot": "0",
        "m_iIsnew": "0",
        "m_iDiscount": "0",
        "m_iIsopen": "1",
        "m_iSequence": "0",
        "m_iIsone": "0",
        "m_iIsShowInGame": "0x0",
        "m_iIsShowInShop": "0x0",
        "m_szStartTime": null,
        "m_szEndTime": null,
        "m_ucLimitType": "0x0",
        "m_ucLimitNum": "0"
    },
    {
        "@version": "1",
        "m_ushID": "301",
        "m_ucType": "0x5",
        "m_iThingID": "301",
        "m_szItemName": "6[漏击]消除",
        "m_iThingNumber": "1",
        "m_iIOSMoney": "30",
        "m_iAndroidMoney": "30",
        "m_iDiamonds": "0",
        "m_szDescriptionName": "使用后可抵消6次[漏击]判定",
        "m_iIconID": "301",
        "m_iRaretype": "0",
        "m_iIshot": "0",
        "m_iIsnew": "0",
        "m_iDiscount": "0",
        "m_iIsopen": "1",
        "m_iSequence": "1",
        "m_iIsone": "0",
        "m_iIsShowInGame": "0x1",
        "m_iIsShowInShop": "0x0",
        "m_szStartTime": null,
        "m_szEndTime": null,
        "m_ucLimitType": "0x0",
        "m_ucLimitNum": "0"
    },
    {
        "@version": "1",
        "m_ushID": "302",
        "m_ucType": "0x5",
        "m_iThingID": "302",
        "m_szItemName": "12[漏击]消除",
        "m_iThingNumber": "1",
        "m_iIOSMoney": "60",
        "m_iAndroidMoney": "60",
        "m_iDiamonds": "0",
        "m_szDescriptionName": "使用后可抵消12次[漏击]判定",
        "m_iIconID": "302",
        "m_iRaretype": "0",
        "m_iIshot": "0",
        "m_iIsnew": "0",
        "m_iDiscount": "0",
        "m_iIsopen": "1",
        "m_iSequence": "2",
        "m_iIsone": "0",
        "m_iIsShowInGame": "0x1",
        "m_iIsShowInShop": "0x0",
        "m_szStartTime": null,
        "m_szEndTime": null,
        "m_ucLimitType": "0x0",
        "m_ucLimitNum": "0"
    },
    {
        "@version": "1",
        "m_ushID": "303",
        "m_ucType": "0x5",
        "m_iThingID": "303",
        "m_szItemName": "极限生存",
        "m_iThingNumber": "1",
        "m_iIOSMoney": "60",
        "m_iAndroidMoney": "60",
        "m_iDiamonds": "0",
        "m_szDescriptionName": "使用后可抵消3次[漏击]判定,每次抵消时获得3秒无敌",
        "m_iIconID": "303",
        "m_iRaretype": "0",
        "m_iIshot": "0",
        "m_iIsnew": "0",
        "m_iDiscount": "0",
        "m_iIsopen": "1",
        "m_iSequence": "3",
        "m_iIsone": "0",
        "m_iIsShowInGame": "0x1",
        "m_iIsShowInShop": "0x0",
        "m_szStartTime": null,
        "m_szEndTime": null,
        "m_ucLimitType": "0x0",
        "m_ucLimitNum": "0"
    },
    {
        "@version": "1",
        "m_ushID": "304",
        "m_ucType": "0x5",
        "m_iThingID": "304",
        "m_szItemName": "自动音符2号",
        "m_iThingNumber": "1",
        "m_iIOSMoney": "0",
        "m_iAndroidMoney": "0",
        "m_iDiamonds": "10",
        "m_szDescriptionName": "自动击打2号键位的所有单键",
        "m_iIconID": "304",
        "m_iRaretype": "0",
        "m_iIshot": "0",
        "m_iIsnew": "0",
        "m_iDiscount": "0",
        "m_iIsopen": "1",
        "m_iSequence": "4",
        "m_iIsone": "1",
        "m_iIsShowInGame": "0x0",
        "m_iIsShowInShop": "0x0",
        "m_szStartTime": null,
        "m_szEndTime": null,
        "m_ucLimitType": "0x0",
        "m_ucLimitNum": "0"
    },
    {
        "@version": "1",
        "m_ushID": "305",
        "m_ucType": "0x5",
        "m_iThingID": "305",
        "m_szItemName": "自动音符3号",
        "m_iThingNumber": "1",
        "m_iIOSMoney": "0",
        "m_iAndroidMoney": "0",
        "m_iDiamonds": "10",
        "m_szDescriptionName": "自动击打3号键位的所有单键",
        "m_iIconID": "305",
        "m_iRaretype": "0",
        "m_iIshot": "0",
        "m_iIsnew": "0",
        "m_iDiscount": "0",
        "m_iIsopen": "1",
        "m_iSequence": "5",
        "m_iIsone": "1",
        "m_iIsShowInGame": "0x0",
        "m_iIsShowInShop": "0x0",
        "m_szStartTime": null,
        "m_szEndTime": null,
        "m_ucLimitType": "0x0",
        "m_ucLimitNum": "0"
    },
    {
        "@version": "1",
        "m_ushID": "306",
        "m_ucType": "0x5",
        "m_iThingID": "306",
        "m_szItemName": "幸运道具(极限）",
        "m_iThingNumber": "1",
        "m_iIOSMoney": "50",
        "m_iAndroidMoney": "50",
        "m_iDiamonds": "0",
        "m_szDescriptionName": "随机获得神秘效果",
        "m_iIconID": "306",
        "m_iRaretype": "0",
        "m_iIshot": "0",
        "m_iIsnew": "0",
        "m_iDiscount": "0",
        "m_iIsopen": "1",
        "m_iSequence": "0",
        "m_iIsone": "0",
        "m_iIsShowInGame": "0x0",
        "m_iIsShowInShop": "0x0",
        "m_szStartTime": null,
        "m_szEndTime": null,
        "m_ucLimitType": "0x0",
        "m_ucLimitNum": "0"
    },
    {
        "@version": "1",
        "m_ushID": "351",
        "m_ucType": "0xd",
        "m_iThingID": "11002",
        "m_szItemName": "怀旧打歌面板",
        "m_iThingNumber": "1",
        "m_iIOSMoney": "0",
        "m_iAndroidMoney": "0",
        "m_iDiamonds": "200",
        "m_szDescriptionName": "熟悉的感觉,它回来了。",
        "m_iIconID": "11002",
        "m_iRaretype": "0",
        "m_iIshot": "1",
        "m_iIsnew": "0",
        "m_iDiscount": "100",
        "m_iIsopen": "1",
        "m_iSequence": "0",
        "m_iIsone": "1",
        "m_iIsShowInGame": "0x0",
        "m_iIsShowInShop": "0x1",
        "m_szStartTime": null,
        "m_szEndTime": null,
        "m_ucLimitType": "0x0",
        "m_ucLimitNum": "0"
    },
    {
        "@version": "1",
        "m_ushID": "352",
        "m_ucType": "0xd",
        "m_iThingID": "12002",
        "m_szItemName": "怀旧音符",
        "m_iThingNumber": "1",
        "m_iIOSMoney": "0",
        "m_iAndroidMoney": "0",
        "m_iDiamonds": "200",
        "m_szDescriptionName": "熟悉的感觉,它回来了。",
        "m_iIconID": "12002",
        "m_iRaretype": "0",
        "m_iIshot": "0",
        "m_iIsnew": "0",
        "m_iDiscount": "100",
        "m_iIsopen": "1",
        "m_iSequence": "0",
        "m_iIsone": "1",
        "m_iIsShowInGame": "0x0",
        "m_iIsShowInShop": "0x1",
        "m_szStartTime": null,
        "m_szEndTime": null,
        "m_ucLimitType": "0x0",
        "m_ucLimitNum": "0"
    },
    {
        "@version": "1",
        "m_ushID": "353",
        "m_ucType": "0xd",
        "m_iThingID": "13002",
        "m_szItemName": "怀旧打击效果",
        "m_iThingNumber": "1",
        "m_iIOSMoney": "0",
        "m_iAndroidMoney": "0",
        "m_iDiamonds": "200",
        "m_szDescriptionName": "熟悉的感觉,它回来了。",
        "m_iIconID": "13002",
        "m_iRaretype": "0",
        "m_iIshot": "1",
        "m_iIsnew": "0",
        "m_iDiscount": "100",
        "m_iIsopen": "1",
        "m_iSequence": "0",
        "m_iIsone": "1",
        "m_iIsShowInGame": "0x0",
        "m_iIsShowInShop": "0x1",
        "m_szStartTime": null,
        "m_szEndTime": null,
        "m_ucLimitType": "0x0",
        "m_ucLimitNum": "0"
    },
    {
        "@version": "1",
        "m_ushID": "354",
        "m_ucType": "0xd",
        "m_iThingID": "14002",
        "m_szItemName": "怀旧连击文字",
        "m_iThingNumber": "1",
        "m_iIOSMoney": "0",
        "m_iAndroidMoney": "0",
        "m_iDiamonds": "200",
        "m_szDescriptionName": "熟悉的感觉,它回来了。",
        "m_iIconID": "14002",
        "m_iRaretype": "0",
        "m_iIshot": "0",
        "m_iIsnew": "1",
        "m_iDiscount": "100",
        "m_iIsopen": "1",
        "m_iSequence": "0",
        "m_iIsone": "1",
        "m_iIsShowInGame": "0x0",
        "m_iIsShowInShop": "0x1",
        "m_szStartTime": null,
        "m_szEndTime": null,
        "m_ucLimitType": "0x0",
        "m_ucLimitNum": "0"
    },
    {
        "@version": "1",
        "m_ushID": "355",
        "m_ucType": "0xd",
        "m_iThingID": "15002",
        "m_szItemName": "怀旧判定文字",
        "m_iThingNumber": "1",
        "m_iIOSMoney": "0",
        "m_iAndroidMoney": "0",
        "m_iDiamonds": "200",
        "m_szDescriptionName": "熟悉的感觉,它回来了。",
        "m_iIconID": "15002",
        "m_iRaretype": "0",
        "m_iIshot": "0",
        "m_iIsnew": "0",
        "m_iDiscount": "100",
        "m_iIsopen": "1",
        "m_iSequence": "0",
        "m_iIsone": "1",
        "m_iIsShowInGame": "0x0",
        "m_iIsShowInShop": "0x1",
        "m_szStartTime": null,
        "m_szEndTime": null,
        "m_ucLimitType": "0x0",
        "m_ucLimitNum": "0"
    },
    {
        "@version": "1",
        "m_ushID": "356",
        "m_ucType": "0xf",
        "m_iThingID": "23103",
        "m_szItemName": "喜爱4键",
        "m_iThingNumber": "1",
        "m_iIOSMoney": "0",
        "m_iAndroidMoney": "0",
        "m_iDiamonds": "100",
        "m_szDescriptionName": "我喜欢玩4键。",
        "m_iIconID": "23003",
        "m_iRaretype": "0",
        "m_iIshot": "1",
        "m_iIsnew": "0",
        "m_iDiscount": "100",
        "m_iIsopen": "1",
        "m_iSequence": "0",
        "m_iIsone": "1",
        "m_iIsShowInGame": "0x0",
        "m_iIsShowInShop": "0x1",
        "m_szStartTime": null,
        "m_szEndTime": null,
        "m_ucLimitType": "0x0",
        "m_ucLimitNum": "0"
    },
    {
        "@version": "1",
        "m_ushID": "357",
        "m_ucType": "0xf",
        "m_iThingID": "23104",
        "m_szItemName": "喜爱5键",
        "m_iThingNumber": "1",
        "m_iIOSMoney": "0",
        "m_iAndroidMoney": "0",
        "m_iDiamonds": "100",
        "m_szDescriptionName": "我喜欢玩5键。",
        "m_iIconID": "23001",
        "m_iRaretype": "0",
        "m_iIshot": "0",
        "m_iIsnew": "0",
        "m_iDiscount": "100",
        "m_iIsopen": "1",
        "m_iSequence": "0",
        "m_iIsone": "1",
        "m_iIsShowInGame": "0x0",
        "m_iIsShowInShop": "0x1",
        "m_szStartTime": null,
        "m_szEndTime": null,
        "m_ucLimitType": "0x0",
        "m_ucLimitNum": "0"
    },
    {
        "@version": "1",
        "m_ushID": "358",
        "m_ucType": "0xf",
        "m_iThingID": "23105",
        "m_szItemName": "喜爱6键",
        "m_iThingNumber": "1",
        "m_iIOSMoney": "0",
        "m_iAndroidMoney": "0",
        "m_iDiamonds": "100",
        "m_szDescriptionName": "我喜欢玩6键。",
        "m_iIconID": "23002",
        "m_iRaretype": "0",
        "m_iIshot": "0",
        "m_iIsnew": "1",
        "m_iDiscount": "100",
        "m_iIsopen": "1",
        "m_iSequence": "0",
        "m_iIsone": "1",
        "m_iIsShowInGame": "0x0",
        "m_iIsShowInShop": "0x1",
        "m_szStartTime": null,
        "m_szEndTime": null,
        "m_ucLimitType": "0x0",
        "m_ucLimitNum": "0"
    },
    {
        "@version": "1",
        "m_ushID": "359",
        "m_ucType": "0xf",
        "m_iThingID": "21102",
        "m_szItemName": "头像框2",
        "m_iThingNumber": "1",
        "m_iIOSMoney": "0",
        "m_iAndroidMoney": "0",
        "m_iDiamonds": "200",
        "m_szDescriptionName": "头像框2",
        "m_iIconID": "21102",
        "m_iRaretype": "0",
        "m_iIshot": "0",
        "m_iIsnew": "0",
        "m_iDiscount": "100",
        "m_iIsopen": "1",
        "m_iSequence": "0",
        "m_iIsone": "1",
        "m_iIsShowInGame": "0x0",
        "m_iIsShowInShop": "0x0",
        "m_szStartTime": null,
        "m_szEndTime": null,
        "m_ucLimitType": "0x0",
        "m_ucLimitNum": "0"
    },
    {
        "@version": "1",
        "m_ushID": "360",
        "m_ucType": "0xf",
        "m_iThingID": "22102",
        "m_szItemName": "名牌背景2",
        "m_iThingNumber": "1",
        "m_iIOSMoney": "0",
        "m_iAndroidMoney": "0",
        "m_iDiamonds": "200",
        "m_szDescriptionName": "名牌背景2",
        "m_iIconID": "22102",
        "m_iRaretype": "0",
        "m_iIshot": "0",
        "m_iIsnew": "0",
        "m_iDiscount": "100",
        "m_iIsopen": "1",
        "m_iSequence": "0",
        "m_iIsone": "1",
        "m_iIsShowInGame": "0x0",
        "m_iIsShowInShop": "0x0",
        "m_szStartTime": null,
        "m_szEndTime": null,
        "m_ucLimitType": "0x0",
        "m_ucLimitNum": "0"
    },
    {
        "@version": "1",
        "m_ushID": "361",
        "m_ucType": "0x9",
        "m_iThingID": "1010",
        "m_szItemName": "大小姐",
        "m_iThingNumber": "1",
        "m_iIOSMoney": "0",
        "m_iAndroidMoney": "0",
        "m_iDiamonds": "388",
        "m_szDescriptionName": "大小姐",
        "m_iIconID": "1010",
        "m_iRaretype": "0",
        "m_iIshot": "0",
        "m_iIsnew": "0",
        "m_iDiscount": "100",
        "m_iIsopen": "1",
        "m_iSequence": "0",
        "m_iIsone": "1",
        "m_iIsShowInGame": "0x0",
        "m_iIsShowInShop": "0x1",
        "m_szStartTime": null,
        "m_szEndTime": null,
        "m_ucLimitType": "0x0",
        "m_ucLimitNum": "0"
    },
    {
        "@version": "1",
        "m_ushID": "362",
        "m_ucType": "0x9",
        "m_iThingID": "1015",
        "m_szItemName": "糯米船长",
        "m_iThingNumber": "1",
        "m_iIOSMoney": "0",
        "m_iAndroidMoney": "0",
        "m_iDiamonds": "998",
        "m_szDescriptionName": "糯米船长",
        "m_iIconID": "1015",
        "m_iRaretype": "0",
        "m_iIshot": "0",
        "m_iIsnew": "0",
        "m_iDiscount": "100",
        "m_iIsopen": "1",
        "m_iSequence": "0",
        "m_iIsone": "1",
        "m_iIsShowInGame": "0x0",
        "m_iIsShowInShop": "0x1",
        "m_szStartTime": null,
        "m_szEndTime": null,
        "m_ucLimitType": "0x0",
        "m_ucLimitNum": "0"
    },
    {
        "@version": "1",
        "m_ushID": "363",
        "m_ucType": "0x9",
        "m_iThingID": "1016",
        "m_szItemName": "电音女王",
        "m_iThingNumber": "1",
        "m_iIOSMoney": "0",
        "m_iAndroidMoney": "0",
        "m_iDiamonds": "680",
        "m_szDescriptionName": "电音女王",
        "m_iIconID": "1016",
        "m_iRaretype": "0",
        "m_iIshot": "1",
        "m_iIsnew": "0",
        "m_iDiscount": "100",
        "m_iIsopen": "1",
        "m_iSequence": "0",
        "m_iIsone": "1",
        "m_iIsShowInGame": "0x0",
        "m_iIsShowInShop": "0x1",
        "m_szStartTime": null,
        "m_szEndTime": null,
        "m_ucLimitType": "0x0",
        "m_ucLimitNum": "0"
    },
    {
        "@version": "1",
        "m_ushID": "364",
        "m_ucType": "0x11",
        "m_iThingID": "30004",
        "m_szItemName": "每日礼包",
        "m_iThingNumber": "1",
        "m_iIOSMoney": "0",
        "m_iAndroidMoney": "0",
        "m_iDiamonds": "388",
        "m_szDescriptionName": "给你500金币和50钻石",
        "m_iIconID": "30011",
        "m_iRaretype": "0",
        "m_iIshot": "0",
        "m_iIsnew": "1",
        "m_iDiscount": "100",
        "m_iIsopen": "1",
        "m_iSequence": "0",
        "m_iIsone": "0",
        "m_iIsShowInGame": "0x0",
        "m_iIsShowInShop": "0x0",
        "m_szStartTime": null,
        "m_szEndTime": null,
        "m_ucLimitType": "0x1",
        "m_ucLimitNum": "10"
    },
    {
        "@version": "1",
        "m_ushID": "365",
        "m_ucType": "0x11",
        "m_iThingID": "30005",
        "m_szItemName": "每周礼包",
        "m_iThingNumber": "1",
        "m_iIOSMoney": "0",
        "m_iAndroidMoney": "0",
        "m_iDiamonds": "998",
        "m_szDescriptionName": "给你1000金币和200钻石",
        "m_iIconID": "30005",
        "m_iRaretype": "0",
        "m_iIshot": "0",
        "m_iIsnew": "0",
        "m_iDiscount": "100",
        "m_iIsopen": "1",
        "m_iSequence": "0",
        "m_iIsone": "0",
        "m_iIsShowInGame": "0x0",
        "m_iIsShowInShop": "0x0",
        "m_szStartTime": "2022-06-23 00:00:00",
        "m_szEndTime": null,
        "m_ucLimitType": "0x2",
        "m_ucLimitNum": "2"
    },
    {
        "@version": "1",
        "m_ushID": "366",
        "m_ucType": "0x11",
        "m_iThingID": "30006",
        "m_szItemName": "每月礼包",
        "m_iThingNumber": "1",
        "m_iIOSMoney": "0",
        "m_iAndroidMoney": "0",
        "m_iDiamonds": "680",
        "m_szDescriptionName": "给你2000金币和300钻石",
        "m_iIconID": "30006",
        "m_iRaretype": "0",
        "m_iIshot": "1",
        "m_iIsnew": "0",
        "m_iDiscount": "100",
        "m_iIsopen": "1",
        "m_iSequence": "0",
        "m_iIsone": "0",
        "m_iIsShowInGame": "0x0",
        "m_iIsShowInShop": "0x0",
        "m_szStartTime": null,
        "m_szEndTime": null,
        "m_ucLimitType": "0x3",
        "m_ucLimitNum": "3"
    },
    {
        "@version": "1",
        "m_ushID": "367",
        "m_ucType": "0x11",
        "m_iThingID": "30007",
        "m_szItemName": "终身礼包",
        "m_iThingNumber": "1",
        "m_iIOSMoney": "0",
        "m_iAndroidMoney": "0",
        "m_iDiamonds": "680",
        "m_szDescriptionName": "奖励一套新皮肤",
        "m_iIconID": "30007",
        "m_iRaretype": "0",
        "m_iIshot": "0",
        "m_iIsnew": "0",
        "m_iDiscount": "100",
        "m_iIsopen": "1",
        "m_iSequence": "0",
        "m_iIsone": "0",
        "m_iIsShowInGame": "0x0",
        "m_iIsShowInShop": "0x0",
        "m_szStartTime": "2022-06-23 00:00:00",
        "m_szEndTime": "2022-06-24 00:00:00",
        "m_ucLimitType": "0x4",
        "m_ucLimitNum": "1"
    },
    {
        "@version": "1",
        "m_ushID": "371",
        "m_ucType": "0xf",
        "m_iThingID": "21201",
        "m_szItemName": "汪汪汪头像框",
        "m_iThingNumber": "1",
        "m_iIOSMoney": "0",
        "m_iAndroidMoney": "0",
        "m_iDiamonds": "200",
        "m_szDescriptionName": "可爱的小狗最能治愈所有不开心。",
        "m_iIconID": "21201",
        "m_iRaretype": "0",
        "m_iIshot": "0",
        "m_iIsnew": "0",
        "m_iDiscount": "100",
        "m_iIsopen": "1",
        "m_iSequence": "0",
        "m_iIsone": "1",
        "m_iIsShowInGame": "0x0",
        "m_iIsShowInShop": "0x1",
        "m_szStartTime": null,
        "m_szEndTime": null,
        "m_ucLimitType": "0x0",
        "m_ucLimitNum": "0"
    },
    {
        "@version": "1",
        "m_ushID": "372",
        "m_ucType": "0xf",
        "m_iThingID": "21202",
        "m_szItemName": "忆海烁光头像框",
        "m_iThingNumber": "1",
        "m_iIOSMoney": "0",
        "m_iAndroidMoney": "0",
        "m_iDiamonds": "200",
        "m_szDescriptionName": "徜徉在忆海之上，繁星闪烁，与鲸翱翔。",
        "m_iIconID": "21202",
        "m_iRaretype": "0",
        "m_iIshot": "0",
        "m_iIsnew": "0",
        "m_iDiscount": "100",
        "m_iIsopen": "1",
        "m_iSequence": "0",
        "m_iIsone": "1",
        "m_iIsShowInGame": "0x0",
        "m_iIsShowInShop": "0x1",
        "m_szStartTime": null,
        "m_szEndTime": null,
        "m_ucLimitType": "0x0",
        "m_ucLimitNum": "0"
    },
    {
        "@version": "1",
        "m_ushID": "373",
        "m_ucType": "0xf",
        "m_iThingID": "21203",
        "m_szItemName": "馥郁芳香头像框",
        "m_iThingNumber": "1",
        "m_iIOSMoney": "0",
        "m_iAndroidMoney": "0",
        "m_iDiamonds": "200",
        "m_szDescriptionName": "晴空下的花朵唱着春日的歌谣。",
        "m_iIconID": "21203",
        "m_iRaretype": "0",
        "m_iIshot": "0",
        "m_iIsnew": "0",
        "m_iDiscount": "100",
        "m_iIsopen": "1",
        "m_iSequence": "0",
        "m_iIsone": "1",
        "m_iIsShowInGame": "0x0",
        "m_iIsShowInShop": "0x1",
        "m_szStartTime": null,
        "m_szEndTime": null,
        "m_ucLimitType": "0x0",
        "m_ucLimitNum": "0"
    },
    {
        "@version": "1",
        "m_ushID": "374",
        "m_ucType": "0xf",
        "m_iThingID": "21204",
        "m_szItemName": "搞怪乐园头像框",
        "m_iThingNumber": "1",
        "m_iIOSMoney": "0",
        "m_iAndroidMoney": "0",
        "m_iDiamonds": "200",
        "m_szDescriptionName": "汇聚所有快乐因子将欢乐带给人们。",
        "m_iIconID": "21204",
        "m_iRaretype": "0",
        "m_iIshot": "0",
        "m_iIsnew": "0",
        "m_iDiscount": "100",
        "m_iIsopen": "1",
        "m_iSequence": "0",
        "m_iIsone": "1",
        "m_iIsShowInGame": "0x0",
        "m_iIsShowInShop": "0x1",
        "m_szStartTime": null,
        "m_szEndTime": null,
        "m_ucLimitType": "0x0",
        "m_ucLimitNum": "0"
    },
    {
        "@version": "1",
        "m_ushID": "375",
        "m_ucType": "0xf",
        "m_iThingID": "21205",
        "m_szItemName": "像素大战头像框",
        "m_iThingNumber": "1",
        "m_iIOSMoney": "0",
        "m_iAndroidMoney": "0",
        "m_iDiamonds": "200",
        "m_szDescriptionName": "像素大战一触即发。",
        "m_iIconID": "21205",
        "m_iRaretype": "0",
        "m_iIshot": "0",
        "m_iIsnew": "1",
        "m_iDiscount": "100",
        "m_iIsopen": "1",
        "m_iSequence": "0",
        "m_iIsone": "1",
        "m_iIsShowInGame": "0x0",
        "m_iIsShowInShop": "0x0",
        "m_szStartTime": null,
        "m_szEndTime": null,
        "m_ucLimitType": "0x0",
        "m_ucLimitNum": "0"
    },
    {
        "@version": "1",
        "m_ushID": "376",
        "m_ucType": "0xf",
        "m_iThingID": "22201",
        "m_szItemName": "假日沙滩名牌",
        "m_iThingNumber": "1",
        "m_iIOSMoney": "0",
        "m_iAndroidMoney": "0",
        "m_iDiamonds": "200",
        "m_szDescriptionName": "大海晚霞，沙滩黄昏。",
        "m_iIconID": "22201",
        "m_iRaretype": "0",
        "m_iIshot": "0",
        "m_iIsnew": "0",
        "m_iDiscount": "100",
        "m_iIsopen": "1",
        "m_iSequence": "0",
        "m_iIsone": "1",
        "m_iIsShowInGame": "0x0",
        "m_iIsShowInShop": "0x1",
        "m_szStartTime": null,
        "m_szEndTime": null,
        "m_ucLimitType": "0x0",
        "m_ucLimitNum": "0"
    },
    {
        "@version": "1",
        "m_ushID": "377",
        "m_ucType": "0xf",
        "m_iThingID": "22202",
        "m_szItemName": "盛夏之旅名牌",
        "m_iThingNumber": "1",
        "m_iIOSMoney": "0",
        "m_iAndroidMoney": "0",
        "m_iDiamonds": "200",
        "m_szDescriptionName": "海风会吹走所有烦恼。",
        "m_iIconID": "22202",
        "m_iRaretype": "0",
        "m_iIshot": "0",
        "m_iIsnew": "0",
        "m_iDiscount": "100",
        "m_iIsopen": "1",
        "m_iSequence": "0",
        "m_iIsone": "1",
        "m_iIsShowInGame": "0x0",
        "m_iIsShowInShop": "0x1",
        "m_szStartTime": null,
        "m_szEndTime": null,
        "m_ucLimitType": "0x0",
        "m_ucLimitNum": "0"
    },
    {
        "@version": "1",
        "m_ushID": "378",
        "m_ucType": "0xf",
        "m_iThingID": "22203",
        "m_szItemName": "梦幻渐变名牌",
        "m_iThingNumber": "1",
        "m_iIOSMoney": "0",
        "m_iAndroidMoney": "0",
        "m_iDiamonds": "200",
        "m_szDescriptionName": "紫色是最梦幻的颜色。",
        "m_iIconID": "22203",
        "m_iRaretype": "0",
        "m_iIshot": "1",
        "m_iIsnew": "0",
        "m_iDiscount": "100",
        "m_iIsopen": "1",
        "m_iSequence": "0",
        "m_iIsone": "1",
        "m_iIsShowInGame": "0x0",
        "m_iIsShowInShop": "0x1",
        "m_szStartTime": null,
        "m_szEndTime": null,
        "m_ucLimitType": "0x0",
        "m_ucLimitNum": "0"
    },
    {
        "@version": "1",
        "m_ushID": "379",
        "m_ucType": "0xf",
        "m_iThingID": "22204",
        "m_szItemName": "流光幻色名牌",
        "m_iThingNumber": "1",
        "m_iIOSMoney": "0",
        "m_iAndroidMoney": "0",
        "m_iDiamonds": "200",
        "m_szDescriptionName": "如果不开心就去听歌吧。",
        "m_iIconID": "22204",
        "m_iRaretype": "0",
        "m_iIshot": "0",
        "m_iIsnew": "0",
        "m_iDiscount": "100",
        "m_iIsopen": "1",
        "m_iSequence": "0",
        "m_iIsone": "1",
        "m_iIsShowInGame": "0x0",
        "m_iIsShowInShop": "0x1",
        "m_szStartTime": null,
        "m_szEndTime": null,
        "m_ucLimitType": "0x0",
        "m_ucLimitNum": "0"
    },
    {
        "@version": "1",
        "m_ushID": "380",
        "m_ucType": "0xf",
        "m_iThingID": "22205",
        "m_szItemName": "贪吃小熊名牌",
        "m_iThingNumber": "1",
        "m_iIOSMoney": "0",
        "m_iAndroidMoney": "0",
        "m_iDiamonds": "200",
        "m_szDescriptionName": "沉浸式宅家体验。",
        "m_iIconID": "22205",
        "m_iRaretype": "0",
        "m_iIshot": "1",
        "m_iIsnew": "0",
        "m_iDiscount": "100",
        "m_iIsopen": "1",
        "m_iSequence": "0",
        "m_iIsone": "1",
        "m_iIsShowInGame": "0x0",
        "m_iIsShowInShop": "0x0",
        "m_szStartTime": null,
        "m_szEndTime": null,
        "m_ucLimitType": "0x0",
        "m_ucLimitNum": "0"
    },
    {
        "@version": "1",
        "m_ushID": "381",
        "m_ucType": "0xf",
        "m_iThingID": "22206",
        "m_szItemName": "江南烟雨名牌",
        "m_iThingNumber": "1",
        "m_iIOSMoney": "0",
        "m_iAndroidMoney": "0",
        "m_iDiamonds": "200",
        "m_szDescriptionName": "杏花微雨，山水如画。",
        "m_iIconID": "22206",
        "m_iRaretype": "0",
        "m_iIshot": "0",
        "m_iIsnew": "1",
        "m_iDiscount": "100",
        "m_iIsopen": "1",
        "m_iSequence": "0",
        "m_iIsone": "1",
        "m_iIsShowInGame": "0x0",
        "m_iIsShowInShop": "0x1",
        "m_szStartTime": null,
        "m_szEndTime": null,
        "m_ucLimitType": "0x0",
        "m_ucLimitNum": "0"
    },
    {
        "@version": "1",
        "m_ushID": "382",
        "m_ucType": "0x11",
        "m_iThingID": "30008",
        "m_szItemName": "兑换金币",
        "m_iThingNumber": "1",
        "m_iIOSMoney": "0",
        "m_iAndroidMoney": "0",
        "m_iDiamonds": "10",
        "m_szDescriptionName": "兑换100金币",
        "m_iIconID": "30008",
        "m_iRaretype": "0",
        "m_iIshot": "0",
        "m_iIsnew": "0",
        "m_iDiscount": "100",
        "m_iIsopen": "1",
        "m_iSequence": "0",
        "m_iIsone": "0",
        "m_iIsShowInGame": "0x0",
        "m_iIsShowInShop": "0x1",
        "m_szStartTime": null,
        "m_szEndTime": null,
        "m_ucLimitType": "0x0",
        "m_ucLimitNum": "0"
    },
    {
        "@version": "1",
        "m_ushID": "383",
        "m_ucType": "0x9",
        "m_iThingID": "1002",
        "m_szItemName": "喵美眉",
        "m_iThingNumber": "1",
        "m_iIOSMoney": "2888",
        "m_iAndroidMoney": "2888",
        "m_iDiamonds": "0",
        "m_szDescriptionName": "喵美眉",
        "m_iIconID": "1002",
        "m_iRaretype": "0",
        "m_iIshot": "1",
        "m_iIsnew": "0",
        "m_iDiscount": "100",
        "m_iIsopen": "1",
        "m_iSequence": "0",
        "m_iIsone": "1",
        "m_iIsShowInGame": "0x0",
        "m_iIsShowInShop": "0x1",
        "m_szStartTime": null,
        "m_szEndTime": null,
        "m_ucLimitType": "0x0",
        "m_ucLimitNum": "0"
    },
    {
        "@version": "1",
        "m_ushID": "384",
        "m_ucType": "0x9",
        "m_iThingID": "1003",
        "m_szItemName": "都教授",
        "m_iThingNumber": "1",
        "m_iIOSMoney": "0",
        "m_iAndroidMoney": "0",
        "m_iDiamonds": "680",
        "m_szDescriptionName": "都教授",
        "m_iIconID": "1003",
        "m_iRaretype": "0",
        "m_iIshot": "0",
        "m_iIsnew": "0",
        "m_iDiscount": "100",
        "m_iIsopen": "1",
        "m_iSequence": "0",
        "m_iIsone": "1",
        "m_iIsShowInGame": "0x0",
        "m_iIsShowInShop": "0x1",
        "m_szStartTime": null,
        "m_szEndTime": null,
        "m_ucLimitType": "0x0",
        "m_ucLimitNum": "0"
    },
    {
        "@version": "1",
        "m_ushID": "385",
        "m_ucType": "0x9",
        "m_iThingID": "1004",
        "m_szItemName": "魔乐师",
        "m_iThingNumber": "1",
        "m_iIOSMoney": "0",
        "m_iAndroidMoney": "0",
        "m_iDiamonds": "680",
        "m_szDescriptionName": "魔乐师",
        "m_iIconID": "1004",
        "m_iRaretype": "0",
        "m_iIshot": "0",
        "m_iIsnew": "0",
        "m_iDiscount": "100",
        "m_iIsopen": "1",
        "m_iSequence": "0",
        "m_iIsone": "1",
        "m_iIsShowInGame": "0x0",
        "m_iIsShowInShop": "0x0",
        "m_szStartTime": null,
        "m_szEndTime": null,
        "m_ucLimitType": "0x0",
        "m_ucLimitNum": "0"
    },
    {
        "@version": "1",
        "m_ushID": "386",
        "m_ucType": "0x9",
        "m_iThingID": "1005",
        "m_szItemName": "爱琴女王",
        "m_iThingNumber": "1",
        "m_iIOSMoney": "0",
        "m_iAndroidMoney": "0",
        "m_iDiamonds": "328",
        "m_szDescriptionName": "爱琴女王",
        "m_iIconID": "1005",
        "m_iRaretype": "0",
        "m_iIshot": "0",
        "m_iIsnew": "0",
        "m_iDiscount": "100",
        "m_iIsopen": "1",
        "m_iSequence": "0",
        "m_iIsone": "1",
        "m_iIsShowInGame": "0x0",
        "m_iIsShowInShop": "0x1",
        "m_szStartTime": null,
        "m_szEndTime": null,
        "m_ucLimitType": "0x0",
        "m_ucLimitNum": "0"
    },
    {
        "@version": "1",
        "m_ushID": "387",
        "m_ucType": "0x9",
        "m_iThingID": "1006",
        "m_szItemName": "暗夜王子",
        "m_iThingNumber": "1",
        "m_iIOSMoney": "6888",
        "m_iAndroidMoney": "6888",
        "m_iDiamonds": "0",
        "m_szDescriptionName": "暗夜王子",
        "m_iIconID": "1006",
        "m_iRaretype": "0",
        "m_iIshot": "1",
        "m_iIsnew": "0",
        "m_iDiscount": "100",
        "m_iIsopen": "1",
        "m_iSequence": "0",
        "m_iIsone": "1",
        "m_iIsShowInGame": "0x0",
        "m_iIsShowInShop": "0x1",
        "m_szStartTime": null,
        "m_szEndTime": null,
        "m_ucLimitType": "0x0",
        "m_ucLimitNum": "0"
    },
    {
        "@version": "1",
        "m_ushID": "388",
        "m_ucType": "0x9",
        "m_iThingID": "1007",
        "m_szItemName": "钢琴王子",
        "m_iThingNumber": "1",
        "m_iIOSMoney": "0",
        "m_iAndroidMoney": "0",
        "m_iDiamonds": "880",
        "m_szDescriptionName": "钢琴王子",
        "m_iIconID": "1007",
        "m_iRaretype": "0",
        "m_iIshot": "1",
        "m_iIsnew": "0",
        "m_iDiscount": "100",
        "m_iIsopen": "1",
        "m_iSequence": "0",
        "m_iIsone": "1",
        "m_iIsShowInGame": "0x0",
        "m_iIsShowInShop": "0x1",
        "m_szStartTime": null,
        "m_szEndTime": null,
        "m_ucLimitType": "0x0",
        "m_ucLimitNum": "0"
    },
    {
        "@version": "1",
        "m_ushID": "389",
        "m_ucType": "0x9",
        "m_iThingID": "1008",
        "m_szItemName": "鹊桥仙子",
        "m_iThingNumber": "1",
        "m_iIOSMoney": "0",
        "m_iAndroidMoney": "0",
        "m_iDiamonds": "268",
        "m_szDescriptionName": "鹊桥仙子",
        "m_iIconID": "1008",
        "m_iRaretype": "0",
        "m_iIshot": "0",
        "m_iIsnew": "0",
        "m_iDiscount": "100",
        "m_iIsopen": "1",
        "m_iSequence": "0",
        "m_iIsone": "1",
        "m_iIsShowInGame": "0x0",
        "m_iIsShowInShop": "0x1",
        "m_szStartTime": null,
        "m_szEndTime": null,
        "m_ucLimitType": "0x0",
        "m_ucLimitNum": "0"
    },
    {
        "@version": "1",
        "m_ushID": "390",
        "m_ucType": "0x9",
        "m_iThingID": "1009",
        "m_szItemName": "魔音海盗",
        "m_iThingNumber": "1",
        "m_iIOSMoney": "0",
        "m_iAndroidMoney": "0",
        "m_iDiamonds": "680",
        "m_szDescriptionName": "魔音海盗",
        "m_iIconID": "1009",
        "m_iRaretype": "0",
        "m_iIshot": "0",
        "m_iIsnew": "1",
        "m_iDiscount": "100",
        "m_iIsopen": "1",
        "m_iSequence": "0",
        "m_iIsone": "1",
        "m_iIsShowInGame": "0x0",
        "m_iIsShowInShop": "0x1",
        "m_szStartTime": null,
        "m_szEndTime": null,
        "m_ucLimitType": "0x0",
        "m_ucLimitNum": "0"
    },
    {
        "@version": "1",
        "m_ushID": "391",
        "m_ucType": "0x9",
        "m_iThingID": "1011",
        "m_szItemName": "暮光伯爵",
        "m_iThingNumber": "1",
        "m_iIOSMoney": "0",
        "m_iAndroidMoney": "0",
        "m_iDiamonds": "680",
        "m_szDescriptionName": "暮光伯爵",
        "m_iIconID": "1011",
        "m_iRaretype": "0",
        "m_iIshot": "0",
        "m_iIsnew": "1",
        "m_iDiscount": "100",
        "m_iIsopen": "1",
        "m_iSequence": "0",
        "m_iIsone": "1",
        "m_iIsShowInGame": "0x0",
        "m_iIsShowInShop": "0x1",
        "m_szStartTime": null,
        "m_szEndTime": null,
        "m_ucLimitType": "0x0",
        "m_ucLimitNum": "0"
    },
    {
        "@version": "1",
        "m_ushID": "392",
        "m_ucType": "0x9",
        "m_iThingID": "1012",
        "m_szItemName": "圣诞大师姐",
        "m_iThingNumber": "1",
        "m_iIOSMoney": "0",
        "m_iAndroidMoney": "0",
        "m_iDiamonds": "998",
        "m_szDescriptionName": "圣诞大师姐",
        "m_iIconID": "1012",
        "m_iRaretype": "0",
        "m_iIshot": "0",
        "m_iIsnew": "1",
        "m_iDiscount": "100",
        "m_iIsopen": "1",
        "m_iSequence": "0",
        "m_iIsone": "1",
        "m_iIsShowInGame": "0x0",
        "m_iIsShowInShop": "0x1",
        "m_szStartTime": null,
        "m_szEndTime": null,
        "m_ucLimitType": "0x0",
        "m_ucLimitNum": "0"
    },
    {
        "@version": "1",
        "m_ushID": "393",
        "m_ucType": "0x9",
        "m_iThingID": "1013",
        "m_szItemName": "吉娃娃",
        "m_iThingNumber": "1",
        "m_iIOSMoney": "0",
        "m_iAndroidMoney": "0",
        "m_iDiamonds": "998",
        "m_szDescriptionName": "吉娃娃",
        "m_iIconID": "1013",
        "m_iRaretype": "0",
        "m_iIshot": "0",
        "m_iIsnew": "1",
        "m_iDiscount": "100",
        "m_iIsopen": "1",
        "m_iSequence": "0",
        "m_iIsone": "1",
        "m_iIsShowInGame": "0x0",
        "m_iIsShowInShop": "0x1",
        "m_szStartTime": null,
        "m_szEndTime": null,
        "m_ucLimitType": "0x0",
        "m_ucLimitNum": "0"
    },
    {
        "@version": "1",
        "m_ushID": "394",
        "m_ucType": "0x11",
        "m_iThingID": "30009",
        "m_szItemName": "测试奖励角色",
        "m_iThingNumber": "1",
        "m_iIOSMoney": "0",
        "m_iAndroidMoney": "0",
        "m_iDiamonds": "10",
        "m_szDescriptionName": "测试奖励角色",
        "m_iIconID": "30009",
        "m_iRaretype": "0",
        "m_iIshot": "0",
        "m_iIsnew": "0",
        "m_iDiscount": "100",
        "m_iIsopen": "1",
        "m_iSequence": "0",
        "m_iIsone": "0",
        "m_iIsShowInGame": "0x0",
        "m_iIsShowInShop": "0x0",
        "m_szStartTime": null,
        "m_szEndTime": null,
        "m_ucLimitType": "0x0",
        "m_ucLimitNum": "0"
    },
    {
        "@version": "1",
        "m_ushID": "395",
        "m_ucType": "0x11",
        "m_iThingID": "30010",
        "m_szItemName": "测试奖励限时角色",
        "m_iThingNumber": "1",
        "m_iIOSMoney": "0",
        "m_iAndroidMoney": "0",
        "m_iDiamonds": "10",
        "m_szDescriptionName": "测试奖励限时角色",
        "m_iIconID": "30010",
        "m_iRaretype": "0",
        "m_iIshot": "0",
        "m_iIsnew": "0",
        "m_iDiscount": "100",
        "m_iIsopen": "1",
        "m_iSequence": "0",
        "m_iIsone": "0",
        "m_iIsShowInGame": "0x0",
        "m_iIsShowInShop": "0x0",
        "m_szStartTime": null,
        "m_szEndTime": null,
        "m_ucLimitType": "0x0",
        "m_ucLimitNum": "0"
    },
    {
        "@version": "1",
        "m_ushID": "396",
        "m_ucType": "0x11",
        "m_iThingID": "30011",
        "m_szItemName": "兑换钻石",
        "m_iThingNumber": "1",
        "m_iIOSMoney": "1000",
        "m_iAndroidMoney": "1000",
        "m_iDiamonds": "0",
        "m_szDescriptionName": "兑换100钻石",
        "m_iIconID": "30001",
        "m_iRaretype": "0",
        "m_iIshot": "0",
        "m_iIsnew": "0",
        "m_iDiscount": "100",
        "m_iIsopen": "1",
        "m_iSequence": "0",
        "m_iIsone": "0",
        "m_iIsShowInGame": "0x0",
        "m_iIsShowInShop": "0x0",
        "m_szStartTime": null,
        "m_szEndTime": null,
        "m_ucLimitType": "0x0",
        "m_ucLimitNum": "0"
    },
    {
        "@version": "1",
        "m_ushID": "397",
        "m_ucType": "0xd",
        "m_iThingID": "11003",
        "m_szItemName": "科技打歌面板",
        "m_iThingNumber": "1",
        "m_iIOSMoney": "0",
        "m_iAndroidMoney": "0",
        "m_iDiamonds": "150",
        "m_szDescriptionName": "获得科技主题的打歌面板。",
        "m_iIconID": "11003",
        "m_iRaretype": "0",
        "m_iIshot": "0",
        "m_iIsnew": "0",
        "m_iDiscount": "100",
        "m_iIsopen": "1",
        "m_iSequence": "0",
        "m_iIsone": "1",
        "m_iIsShowInGame": "0x0",
        "m_iIsShowInShop": "0x1",
        "m_szStartTime": null,
        "m_szEndTime": null,
        "m_ucLimitType": "0x0",
        "m_ucLimitNum": "0"
    },
    {
        "@version": "1",
        "m_ushID": "398",
        "m_ucType": "0xd",
        "m_iThingID": "12003",
        "m_szItemName": "科技音符",
        "m_iThingNumber": "1",
        "m_iIOSMoney": "0",
        "m_iAndroidMoney": "0",
        "m_iDiamonds": "150",
        "m_szDescriptionName": "获得科技主题的音符。",
        "m_iIconID": "12003",
        "m_iRaretype": "0",
        "m_iIshot": "0",
        "m_iIsnew": "0",
        "m_iDiscount": "100",
        "m_iIsopen": "1",
        "m_iSequence": "0",
        "m_iIsone": "1",
        "m_iIsShowInGame": "0x0",
        "m_iIsShowInShop": "0x1",
        "m_szStartTime": null,
        "m_szEndTime": null,
        "m_ucLimitType": "0x0",
        "m_ucLimitNum": "0"
    },
    {
        "@version": "1",
        "m_ushID": "399",
        "m_ucType": "0xd",
        "m_iThingID": "13003",
        "m_szItemName": "科技打击效果",
        "m_iThingNumber": "1",
        "m_iIOSMoney": "0",
        "m_iAndroidMoney": "0",
        "m_iDiamonds": "150",
        "m_szDescriptionName": "获得科技主题的打歌面板。",
        "m_iIconID": "13003",
        "m_iRaretype": "0",
        "m_iIshot": "0",
        "m_iIsnew": "0",
        "m_iDiscount": "100",
        "m_iIsopen": "1",
        "m_iSequence": "0",
        "m_iIsone": "1",
        "m_iIsShowInGame": "0x0",
        "m_iIsShowInShop": "0x1",
        "m_szStartTime": null,
        "m_szEndTime": null,
        "m_ucLimitType": "0x0",
        "m_ucLimitNum": "0"
    },
    {
        "@version": "1",
        "m_ushID": "400",
        "m_ucType": "0xd",
        "m_iThingID": "14003",
        "m_szItemName": "科技连击数字",
        "m_iThingNumber": "1",
        "m_iIOSMoney": "0",
        "m_iAndroidMoney": "0",
        "m_iDiamonds": "150",
        "m_szDescriptionName": "获得科技主题的连击数字。",
        "m_iIconID": "14003",
        "m_iRaretype": "0",
        "m_iIshot": "0",
        "m_iIsnew": "0",
        "m_iDiscount": "100",
        "m_iIsopen": "1",
        "m_iSequence": "0",
        "m_iIsone": "1",
        "m_iIsShowInGame": "0x0",
        "m_iIsShowInShop": "0x1",
        "m_szStartTime": null,
        "m_szEndTime": null,
        "m_ucLimitType": "0x0",
        "m_ucLimitNum": "0"
    },
    {
        "@version": "1",
        "m_ushID": "401",
        "m_ucType": "0xd",
        "m_iThingID": "15003",
        "m_szItemName": "科技判定文字",
        "m_iThingNumber": "1",
        "m_iIOSMoney": "0",
        "m_iAndroidMoney": "0",
        "m_iDiamonds": "150",
        "m_szDescriptionName": "获得科技主题的判定文字。",
        "m_iIconID": "15003",
        "m_iRaretype": "0",
        "m_iIshot": "0",
        "m_iIsnew": "0",
        "m_iDiscount": "100",
        "m_iIsopen": "1",
        "m_iSequence": "0",
        "m_iIsone": "1",
        "m_iIsShowInGame": "0x0",
        "m_iIsShowInShop": "0x1",
        "m_szStartTime": null,
        "m_szEndTime": null,
        "m_ucLimitType": "0x0",
        "m_ucLimitNum": "0"
    },
    {
        "@version": "1",
        "m_ushID": "402",
        "m_ucType": "0xd",
        "m_iThingID": "11016",
        "m_szItemName": "小师弟打歌面板",
        "m_iThingNumber": "1",
        "m_iIOSMoney": "0",
        "m_iAndroidMoney": "0",
        "m_iDiamonds": "150",
        "m_szDescriptionName": "小师弟在休假，先借他的打歌面板练习几天。",
        "m_iIconID": "11016",
        "m_iRaretype": "0",
        "m_iIshot": "0",
        "m_iIsnew": "0",
        "m_iDiscount": "100",
        "m_iIsopen": "1",
        "m_iSequence": "0",
        "m_iIsone": "1",
        "m_iIsShowInGame": "0x0",
        "m_iIsShowInShop": "0x0",
        "m_szStartTime": null,
        "m_szEndTime": null,
        "m_ucLimitType": "0x0",
        "m_ucLimitNum": "0"
    },
    {
        "@version": "1",
        "m_ushID": "403",
        "m_ucType": "0xd",
        "m_iThingID": "12016",
        "m_szItemName": "小师弟音符",
        "m_iThingNumber": "1",
        "m_iIOSMoney": "0",
        "m_iAndroidMoney": "0",
        "m_iDiamonds": "150",
        "m_szDescriptionName": "既然借了面板，音符也一起借走吧。",
        "m_iIconID": "12016",
        "m_iRaretype": "0",
        "m_iIshot": "0",
        "m_iIsnew": "0",
        "m_iDiscount": "100",
        "m_iIsopen": "1",
        "m_iSequence": "0",
        "m_iIsone": "1",
        "m_iIsShowInGame": "0x0",
        "m_iIsShowInShop": "0x0",
        "m_szStartTime": null,
        "m_szEndTime": null,
        "m_ucLimitType": "0x0",
        "m_ucLimitNum": "0"
    },
    {
        "@version": "1",
        "m_ushID": "404",
        "m_ucType": "0xd",
        "m_iThingID": "13016",
        "m_szItemName": "小师弟打击效果",
        "m_iThingNumber": "1",
        "m_iIOSMoney": "0",
        "m_iAndroidMoney": "0",
        "m_iDiamonds": "150",
        "m_szDescriptionName": "音符不配对应的打击效果，手感会很奇怪的，你说对吧?",
        "m_iIconID": "13016",
        "m_iRaretype": "0",
        "m_iIshot": "0",
        "m_iIsnew": "0",
        "m_iDiscount": "100",
        "m_iIsopen": "1",
        "m_iSequence": "0",
        "m_iIsone": "1",
        "m_iIsShowInGame": "0x0",
        "m_iIsShowInShop": "0x0",
        "m_szStartTime": null,
        "m_szEndTime": null,
        "m_ucLimitType": "0x0",
        "m_ucLimitNum": "0"
    },
    {
        "@version": "1",
        "m_ushID": "405",
        "m_ucType": "0xd",
        "m_iThingID": "14016",
        "m_szItemName": "小师弟连击文字",
        "m_iThingNumber": "1",
        "m_iIOSMoney": "0",
        "m_iAndroidMoney": "0",
        "m_iDiamonds": "150",
        "m_szDescriptionName": "小师弟的连击文字被他藏在了床底下，好不容易才找到。",
        "m_iIconID": "14016",
        "m_iRaretype": "0",
        "m_iIshot": "0",
        "m_iIsnew": "0",
        "m_iDiscount": "100",
        "m_iIsopen": "1",
        "m_iSequence": "0",
        "m_iIsone": "1",
        "m_iIsShowInGame": "0x0",
        "m_iIsShowInShop": "0x0",
        "m_szStartTime": null,
        "m_szEndTime": null,
        "m_ucLimitType": "0x0",
        "m_ucLimitNum": "0"
    },
    {
        "@version": "1",
        "m_ushID": "406",
        "m_ucType": "0xd",
        "m_iThingID": "15016",
        "m_szItemName": "小师弟判定文字",
        "m_iThingNumber": "1",
        "m_iIOSMoney": "0",
        "m_iAndroidMoney": "0",
        "m_iDiamonds": "150",
        "m_szDescriptionName": "小师弟回来了，答应把最后的判定文字也借给你，一定要还给他哦！",
        "m_iIconID": "15016",
        "m_iRaretype": "0",
        "m_iIshot": "0",
        "m_iIsnew": "0",
        "m_iDiscount": "100",
        "m_iIsopen": "1",
        "m_iSequence": "0",
        "m_iIsone": "1",
        "m_iIsShowInGame": "0x0",
        "m_iIsShowInShop": "0x0",
        "m_szStartTime": null,
        "m_szEndTime": null,
        "m_ucLimitType": "0x0",
        "m_ucLimitNum": "0"
    },
    {
        "@version": "1",
        "m_ushID": "407",
        "m_ucType": "0x5",
        "m_iThingID": "1",
        "m_szItemName": "[漏击]消除",
        "m_iThingNumber": "1",
        "m_iIOSMoney": "15",
        "m_iAndroidMoney": "15",
        "m_iDiamonds": "0",
        "m_szDescriptionName": "使用后可抵消3次[漏击]判定",
        "m_iIconID": "1",
        "m_iRaretype": "0",
        "m_iIshot": "0",
        "m_iIsnew": "0",
        "m_iDiscount": "100",
        "m_iIsopen": "1",
        "m_iSequence": "9",
        "m_iIsone": "0",
        "m_iIsShowInGame": "0x0",
        "m_iIsShowInShop": "0x1",
        "m_szStartTime": null,
        "m_szEndTime": null,
        "m_ucLimitType": "0x0",
        "m_ucLimitNum": "0"
    },
    {
        "@version": "1",
        "m_ushID": "408",
        "m_ucType": "0x5",
        "m_iThingID": "6",
        "m_szItemName": "抵消[很棒]",
        "m_iThingNumber": "1",
        "m_iIOSMoney": "50",
        "m_iAndroidMoney": "50",
        "m_iDiamonds": "0",
        "m_szDescriptionName": "将五个[很棒]修改为[完美]判定",
        "m_iIconID": "6",
        "m_iRaretype": "0",
        "m_iIshot": "0",
        "m_iIsnew": "0",
        "m_iDiscount": "100",
        "m_iIsopen": "1",
        "m_iSequence": "0",
        "m_iIsone": "0",
        "m_iIsShowInGame": "0x0",
        "m_iIsShowInShop": "0x0",
        "m_szStartTime": null,
        "m_szEndTime": null,
        "m_ucLimitType": "0x0",
        "m_ucLimitNum": "0"
    },
    {
        "@version": "1",
        "m_ushID": "409",
        "m_ucType": "0x5",
        "m_iThingID": "101",
        "m_szItemName": "超级连击",
        "m_iThingNumber": "1",
        "m_iIOSMoney": "50",
        "m_iAndroidMoney": "50",
        "m_iDiamonds": "0",
        "m_szDescriptionName": "使用后可抵消五次[漏击]判定",
        "m_iIconID": "101",
        "m_iRaretype": "0",
        "m_iIshot": "0",
        "m_iIsnew": "0",
        "m_iDiscount": "100",
        "m_iIsopen": "1",
        "m_iSequence": "0",
        "m_iIsone": "0",
        "m_iIsShowInGame": "0x0",
        "m_iIsShowInShop": "0x0",
        "m_szStartTime": null,
        "m_szEndTime": null,
        "m_ucLimitType": "0x0",
        "m_ucLimitNum": "0"
    },
    {
        "@version": "1",
        "m_ushID": "410",
        "m_ucType": "0x5",
        "m_iThingID": "102",
        "m_szItemName": "完美判定",
        "m_iThingNumber": "1",
        "m_iIOSMoney": "50",
        "m_iAndroidMoney": "50",
        "m_iDiamonds": "0",
        "m_szDescriptionName": "将五个[很棒]修改为[完美]判定",
        "m_iIconID": "102",
        "m_iRaretype": "0",
        "m_iIshot": "0",
        "m_iIsnew": "0",
        "m_iDiscount": "100",
        "m_iIsopen": "1",
        "m_iSequence": "0",
        "m_iIsone": "0",
        "m_iIsShowInGame": "0x0",
        "m_iIsShowInShop": "0x0",
        "m_szStartTime": null,
        "m_szEndTime": null,
        "m_ucLimitType": "0x0",
        "m_ucLimitNum": "0"
    },
    {
        "@version": "1",
        "m_ushID": "411",
        "m_ucType": "0x5",
        "m_iThingID": "10",
        "m_szItemName": "大[漏击]消除",
        "m_iThingNumber": "1",
        "m_iIOSMoney": "0",
        "m_iAndroidMoney": "0",
        "m_iDiamonds": "6",
        "m_szDescriptionName": "使用后可抵消9次[漏击]判定",
        "m_iIconID": "123",
        "m_iRaretype": "0",
        "m_iIshot": "0",
        "m_iIsnew": "0",
        "m_iDiscount": "100",
        "m_iIsopen": "1",
        "m_iSequence": "7",
        "m_iIsone": "0",
        "m_iIsShowInGame": "0x0",
        "m_iIsShowInShop": "0x1",
        "m_szStartTime": null,
        "m_szEndTime": null,
        "m_ucLimitType": "0x0",
        "m_ucLimitNum": "0"
    },
    {
        "@version": "1",
        "m_ushID": "412",
        "m_ucType": "0x5",
        "m_iThingID": "123",
        "m_szItemName": "完美连击",
        "m_iThingNumber": "1",
        "m_iIOSMoney": "0",
        "m_iAndroidMoney": "0",
        "m_iDiamonds": "6",
        "m_szDescriptionName": "使用后可抵消9次[漏击]判定",
        "m_iIconID": "125",
        "m_iRaretype": "0",
        "m_iIshot": "0",
        "m_iIsnew": "0",
        "m_iDiscount": "100",
        "m_iIsopen": "1",
        "m_iSequence": "0",
        "m_iIsone": "0",
        "m_iIsShowInGame": "0x0",
        "m_iIsShowInShop": "0x0",
        "m_szStartTime": null,
        "m_szEndTime": null,
        "m_ucLimitType": "0x0",
        "m_ucLimitNum": "0"
    },
    {
        "@version": "1",
        "m_ushID": "413",
        "m_ucType": "0x11",
        "m_iThingID": "30008",
        "m_szItemName": "兑换金币",
        "m_iThingNumber": "1",
        "m_iIOSMoney": "0",
        "m_iAndroidMoney": "0",
        "m_iDiamonds": "10",
        "m_szDescriptionName": "兑换100金币（限时)",
        "m_iIconID": "30001",
        "m_iRaretype": "0",
        "m_iIshot": "0",
        "m_iIsnew": "0",
        "m_iDiscount": "100",
        "m_iIsopen": "1",
        "m_iSequence": "0",
        "m_iIsone": "0",
        "m_iIsShowInGame": "0x0",
        "m_iIsShowInShop": "0x0",
        "m_szStartTime": "2022-08-23 00:00:00",
        "m_szEndTime": "2022-09-23 00:00:00",
        "m_ucLimitType": "0x0",
        "m_ucLimitNum": "0"
    },
    {
        "@version": "1",
        "m_ushID": "414",
        "m_ucType": "0x5",
        "m_iThingID": "2",
        "m_szItemName": "血量回复",
        "m_iThingNumber": "1",
        "m_iIOSMoney": "10",
        "m_iAndroidMoney": "10",
        "m_iDiamonds": "0",
        "m_szDescriptionName": "血量低于20%时自动补满",
        "m_iIconID": "2",
        "m_iRaretype": "0",
        "m_iIshot": "0",
        "m_iIsnew": "0",
        "m_iDiscount": "100",
        "m_iIsopen": "1",
        "m_iSequence": "8",
        "m_iIsone": "0",
        "m_iIsShowInGame": "0x0",
        "m_iIsShowInShop": "0x1",
        "m_szStartTime": null,
        "m_szEndTime": null,
        "m_ucLimitType": "0x0",
        "m_ucLimitNum": "0"
    },
    {
        "@version": "1",
        "m_ushID": "415",
        "m_ucType": "0x5",
        "m_iThingID": "501",
        "m_szItemName": "改名卡",
        "m_iThingNumber": "1",
        "m_iIOSMoney": "0",
        "m_iAndroidMoney": "0",
        "m_iDiamonds": "280",
        "m_szDescriptionName": "想换个昵称吗?来张改名卡吧！",
        "m_iIconID": "501",
        "m_iRaretype": "0",
        "m_iIshot": "0",
        "m_iIsnew": "0",
        "m_iDiscount": "100",
        "m_iIsopen": "1",
        "m_iSequence": "0",
        "m_iIsone": "0",
        "m_iIsShowInGame": "0x0",
        "m_iIsShowInShop": "0x1",
        "m_szStartTime": null,
        "m_szEndTime": null,
        "m_ucLimitType": "0x0",
        "m_ucLimitNum": "0"
    }
]