[
    {
        "@version": "1",
        "m_iRewardID": "0",
        "m_ucRewardType": "0x0",
        "m_iRewardValue": "0",
        "m_iThingID": "0",
        "m_ucBelongType": "0x0",
        "m_iMinClientVersion": "0"
    },
    {
        "@version": "1",
        "m_iRewardID": "1",
        "m_ucRewardType": "0x1",
        "m_iRewardValue": "50",
        "m_iThingID": "0",
        "m_ucBelongType": "0x3",
        "m_iMinClientVersion": "23010002"
    },
    {
        "@version": "1",
        "m_iRewardID": "2",
        "m_ucRewardType": "0x1",
        "m_iRewardValue": "100",
        "m_iThingID": "0",
        "m_ucBelongType": "0x3",
        "m_iMinClientVersion": "23010002"
    },
    {
        "@version": "1",
        "m_iRewardID": "3",
        "m_ucRewardType": "0x1",
        "m_iRewardValue": "200",
        "m_iThingID": "0",
        "m_ucBelongType": "0x3",
        "m_iMinClientVersion": "23010002"
    },
    {
        "@version": "1",
        "m_iRewardID": "4",
        "m_ucRewardType": "0x7",
        "m_iRewardValue": "5",
        "m_iThingID": "0",
        "m_ucBelongType": "0x2",
        "m_iMinClientVersion": "23010002"
    },
    {
        "@version": "1",
        "m_iRewardID": "5",
        "m_ucRewardType": "0x7",
        "m_iRewardValue": "10",
        "m_iThingID": "0",
        "m_ucBelongType": "0x2",
        "m_iMinClientVersion": "23010002"
    },
    {
        "@version": "1",
        "m_iRewardID": "6",
        "m_ucRewardType": "0x7",
        "m_iRewardValue": "20",
        "m_iThingID": "0",
        "m_ucBelongType": "0x2",
        "m_iMinClientVersion": "23010002"
    },
    {
        "@version": "1",
        "m_iRewardID": "7",
        "m_ucRewardType": "0x5",
        "m_iRewardValue": "1",
        "m_iThingID": "404",
        "m_ucBelongType": "0x1",
        "m_iMinClientVersion": "23010002"
    },
    {
        "@version": "1",
        "m_iRewardID": "8",
        "m_ucRewardType": "0x5",
        "m_iRewardValue": "1",
        "m_iThingID": "405",
        "m_ucBelongType": "0x1",
        "m_iMinClientVersion": "23010002"
    },
    {
        "@version": "1",
        "m_iRewardID": "9",
        "m_ucRewardType": "0x5",
        "m_iRewardValue": "1",
        "m_iThingID": "406",
        "m_ucBelongType": "0x1",
        "m_iMinClientVersion": "23010002"
    },
    {
        "@version": "1",
        "m_iRewardID": "10",
        "m_ucRewardType": "0x5",
        "m_iRewardValue": "1",
        "m_iThingID": "407",
        "m_ucBelongType": "0x1",
        "m_iMinClientVersion": "23010002"
    },
    {
        "@version": "1",
        "m_iRewardID": "11",
        "m_ucRewardType": "0x5",
        "m_iRewardValue": "1",
        "m_iThingID": "408",
        "m_ucBelongType": "0x1",
        "m_iMinClientVersion": "23010002"
    },
    {
        "@version": "1",
        "m_iRewardID": "12",
        "m_ucRewardType": "0x5",
        "m_iRewardValue": "1",
        "m_iThingID": "409",
        "m_ucBelongType": "0x1",
        "m_iMinClientVersion": "23010002"
    },
    {
        "@version": "1",
        "m_iRewardID": "13",
        "m_ucRewardType": "0x5",
        "m_iRewardValue": "1",
        "m_iThingID": "403",
        "m_ucBelongType": "0x4",
        "m_iMinClientVersion": "23010002"
    },
    {
        "@version": "1",
        "m_iRewardID": "14",
        "m_ucRewardType": "0x5",
        "m_iRewardValue": "1",
        "m_iThingID": "402",
        "m_ucBelongType": "0x5",
        "m_iMinClientVersion": "23010002"
    },
    {
        "@version": "1",
        "m_iRewardID": "15",
        "m_ucRewardType": "0x2",
        "m_iRewardValue": "3",
        "m_iThingID": "0",
        "m_ucBelongType": "0x6",
        "m_iMinClientVersion": "23010002"
    },
    {
        "@version": "1",
        "m_iRewardID": "16",
        "m_ucRewardType": "0x2",
        "m_iRewardValue": "5",
        "m_iThingID": "0",
        "m_ucBelongType": "0x6",
        "m_iMinClientVersion": "23010002"
    },
    {
        "@version": "1",
        "m_iRewardID": "17",
        "m_ucRewardType": "0x2",
        "m_iRewardValue": "10",
        "m_iThingID": "0",
        "m_ucBelongType": "0x6",
        "m_iMinClientVersion": "23010002"
    },
    {
        "@version": "1",
        "m_iRewardID": "18",
        "m_ucRewardType": "0xa",
        "m_iRewardValue": "1",
        "m_iThingID": "11004",
        "m_ucBelongType": "0x7",
        "m_iMinClientVersion": "23010002"
    },
    {
        "@version": "1",
        "m_iRewardID": "19",
        "m_ucRewardType": "0x8",
        "m_iRewardValue": "1",
        "m_iThingID": "2",
        "m_ucBelongType": "0x8",
        "m_iMinClientVersion": "23010002"
    },
    {
        "@version": "1",
        "m_iRewardID": "20",
        "m_ucRewardType": "0x8",
        "m_iRewardValue": "1",
        "m_iThingID": "4",
        "m_ucBelongType": "0x8",
        "m_iMinClientVersion": "23010002"
    },
    {
        "@version": "1",
        "m_iRewardID": "21",
        "m_ucRewardType": "0x8",
        "m_iRewardValue": "1",
        "m_iThingID": "7",
        "m_ucBelongType": "0x8",
        "m_iMinClientVersion": "23010002"
    },
    {
        "@version": "1",
        "m_iRewardID": "22",
        "m_ucRewardType": "0x8",
        "m_iRewardValue": "1",
        "m_iThingID": "10",
        "m_ucBelongType": "0x8",
        "m_iMinClientVersion": "23010002"
    },
    {
        "@version": "1",
        "m_iRewardID": "23",
        "m_ucRewardType": "0x8",
        "m_iRewardValue": "1",
        "m_iThingID": "23",
        "m_ucBelongType": "0x8",
        "m_iMinClientVersion": "23010002"
    },
    {
        "@version": "1",
        "m_iRewardID": "24",
        "m_ucRewardType": "0x8",
        "m_iRewardValue": "1",
        "m_iThingID": "38",
        "m_ucBelongType": "0x8",
        "m_iMinClientVersion": "23010002"
    },
    {
        "@version": "1",
        "m_iRewardID": "25",
        "m_ucRewardType": "0x8",
        "m_iRewardValue": "1",
        "m_iThingID": "41",
        "m_ucBelongType": "0x8",
        "m_iMinClientVersion": "23010002"
    },
    {
        "@version": "1",
        "m_iRewardID": "26",
        "m_ucRewardType": "0x8",
        "m_iRewardValue": "1",
        "m_iThingID": "45",
        "m_ucBelongType": "0x8",
        "m_iMinClientVersion": "23010002"
    },
    {
        "@version": "1",
        "m_iRewardID": "27",
        "m_ucRewardType": "0x8",
        "m_iRewardValue": "1",
        "m_iThingID": "47",
        "m_ucBelongType": "0x8",
        "m_iMinClientVersion": "23010002"
    },
    {
        "@version": "1",
        "m_iRewardID": "28",
        "m_ucRewardType": "0x8",
        "m_iRewardValue": "1",
        "m_iThingID": "51",
        "m_ucBelongType": "0x8",
        "m_iMinClientVersion": "23010002"
    },
    {
        "@version": "1",
        "m_iRewardID": "29",
        "m_ucRewardType": "0x8",
        "m_iRewardValue": "1",
        "m_iThingID": "59",
        "m_ucBelongType": "0x8",
        "m_iMinClientVersion": "23010002"
    },
    {
        "@version": "1",
        "m_iRewardID": "30",
        "m_ucRewardType": "0x8",
        "m_iRewardValue": "1",
        "m_iThingID": "72",
        "m_ucBelongType": "0x8",
        "m_iMinClientVersion": "23010002"
    },
    {
        "@version": "1",
        "m_iRewardID": "31",
        "m_ucRewardType": "0x8",
        "m_iRewardValue": "1",
        "m_iThingID": "73",
        "m_ucBelongType": "0x8",
        "m_iMinClientVersion": "23010002"
    },
    {
        "@version": "1",
        "m_iRewardID": "32",
        "m_ucRewardType": "0x8",
        "m_iRewardValue": "1",
        "m_iThingID": "77",
        "m_ucBelongType": "0x8",
        "m_iMinClientVersion": "23010002"
    },
    {
        "@version": "1",
        "m_iRewardID": "33",
        "m_ucRewardType": "0x8",
        "m_iRewardValue": "1",
        "m_iThingID": "84",
        "m_ucBelongType": "0x8",
        "m_iMinClientVersion": "23010002"
    },
    {
        "@version": "1",
        "m_iRewardID": "34",
        "m_ucRewardType": "0x8",
        "m_iRewardValue": "1",
        "m_iThingID": "86",
        "m_ucBelongType": "0x8",
        "m_iMinClientVersion": "23010002"
    },
    {
        "@version": "1",
        "m_iRewardID": "35",
        "m_ucRewardType": "0x8",
        "m_iRewardValue": "1",
        "m_iThingID": "102",
        "m_ucBelongType": "0x8",
        "m_iMinClientVersion": "23010002"
    },
    {
        "@version": "1",
        "m_iRewardID": "36",
        "m_ucRewardType": "0x8",
        "m_iRewardValue": "1",
        "m_iThingID": "105",
        "m_ucBelongType": "0x8",
        "m_iMinClientVersion": "23010002"
    },
    {
        "@version": "1",
        "m_iRewardID": "37",
        "m_ucRewardType": "0x8",
        "m_iRewardValue": "1",
        "m_iThingID": "110",
        "m_ucBelongType": "0x8",
        "m_iMinClientVersion": "23010002"
    },
    {
        "@version": "1",
        "m_iRewardID": "38",
        "m_ucRewardType": "0x8",
        "m_iRewardValue": "1",
        "m_iThingID": "114",
        "m_ucBelongType": "0x8",
        "m_iMinClientVersion": "23010002"
    },
    {
        "@version": "1",
        "m_iRewardID": "39",
        "m_ucRewardType": "0x8",
        "m_iRewardValue": "1",
        "m_iThingID": "116",
        "m_ucBelongType": "0x8",
        "m_iMinClientVersion": "23010002"
    },
    {
        "@version": "1",
        "m_iRewardID": "40",
        "m_ucRewardType": "0x8",
        "m_iRewardValue": "1",
        "m_iThingID": "117",
        "m_ucBelongType": "0x8",
        "m_iMinClientVersion": "23010002"
    },
    {
        "@version": "1",
        "m_iRewardID": "41",
        "m_ucRewardType": "0x8",
        "m_iRewardValue": "1",
        "m_iThingID": "118",
        "m_ucBelongType": "0x8",
        "m_iMinClientVersion": "23010002"
    },
    {
        "@version": "1",
        "m_iRewardID": "42",
        "m_ucRewardType": "0x8",
        "m_iRewardValue": "1",
        "m_iThingID": "119",
        "m_ucBelongType": "0x8",
        "m_iMinClientVersion": "23010002"
    },
    {
        "@version": "1",
        "m_iRewardID": "43",
        "m_ucRewardType": "0x8",
        "m_iRewardValue": "1",
        "m_iThingID": "121",
        "m_ucBelongType": "0x8",
        "m_iMinClientVersion": "23010002"
    },
    {
        "@version": "1",
        "m_iRewardID": "44",
        "m_ucRewardType": "0x8",
        "m_iRewardValue": "1",
        "m_iThingID": "123",
        "m_ucBelongType": "0x8",
        "m_iMinClientVersion": "23010002"
    },
    {
        "@version": "1",
        "m_iRewardID": "45",
        "m_ucRewardType": "0x8",
        "m_iRewardValue": "1",
        "m_iThingID": "128",
        "m_ucBelongType": "0x8",
        "m_iMinClientVersion": "23010002"
    },
    {
        "@version": "1",
        "m_iRewardID": "46",
        "m_ucRewardType": "0x8",
        "m_iRewardValue": "1",
        "m_iThingID": "129",
        "m_ucBelongType": "0x8",
        "m_iMinClientVersion": "23010002"
    },
    {
        "@version": "1",
        "m_iRewardID": "47",
        "m_ucRewardType": "0x8",
        "m_iRewardValue": "1",
        "m_iThingID": "138",
        "m_ucBelongType": "0x8",
        "m_iMinClientVersion": "23010002"
    },
    {
        "@version": "1",
        "m_iRewardID": "48",
        "m_ucRewardType": "0x8",
        "m_iRewardValue": "1",
        "m_iThingID": "146",
        "m_ucBelongType": "0x8",
        "m_iMinClientVersion": "23010002"
    },
    {
        "@version": "1",
        "m_iRewardID": "49",
        "m_ucRewardType": "0x8",
        "m_iRewardValue": "1",
        "m_iThingID": "149",
        "m_ucBelongType": "0x8",
        "m_iMinClientVersion": "23010002"
    },
    {
        "@version": "1",
        "m_iRewardID": "50",
        "m_ucRewardType": "0x8",
        "m_iRewardValue": "1",
        "m_iThingID": "167",
        "m_ucBelongType": "0x8",
        "m_iMinClientVersion": "23010002"
    },
    {
        "@version": "1",
        "m_iRewardID": "51",
        "m_ucRewardType": "0x8",
        "m_iRewardValue": "1",
        "m_iThingID": "169",
        "m_ucBelongType": "0x8",
        "m_iMinClientVersion": "23010002"
    },
    {
        "@version": "1",
        "m_iRewardID": "52",
        "m_ucRewardType": "0x8",
        "m_iRewardValue": "1",
        "m_iThingID": "204",
        "m_ucBelongType": "0x8",
        "m_iMinClientVersion": "23010002"
    },
    {
        "@version": "1",
        "m_iRewardID": "53",
        "m_ucRewardType": "0x8",
        "m_iRewardValue": "1",
        "m_iThingID": "210",
        "m_ucBelongType": "0x8",
        "m_iMinClientVersion": "23010002"
    },
    {
        "@version": "1",
        "m_iRewardID": "54",
        "m_ucRewardType": "0x8",
        "m_iRewardValue": "1",
        "m_iThingID": "215",
        "m_ucBelongType": "0x8",
        "m_iMinClientVersion": "23010002"
    },
    {
        "@version": "1",
        "m_iRewardID": "55",
        "m_ucRewardType": "0x8",
        "m_iRewardValue": "1",
        "m_iThingID": "224",
        "m_ucBelongType": "0x8",
        "m_iMinClientVersion": "23010002"
    },
    {
        "@version": "1",
        "m_iRewardID": "56",
        "m_ucRewardType": "0x8",
        "m_iRewardValue": "1",
        "m_iThingID": "236",
        "m_ucBelongType": "0x8",
        "m_iMinClientVersion": "23010002"
    }
]