[
    {
        "@version": "1",
        "m_uItemID": "0",
        "m_uType": "0",
        "m_ucSubType": "0x0",
        "m_szItemName": "0 显示名称",
        "m_szDescription": "0 显示描述(背包",
        "m_iIconID": "0",
        "m_szResourceName": "0 Prefab 名称",
        "m_ucIsStackable": "0x0",
        "m_ucIsOpen": "0x0"
    },
    {
        "@version": "1",
        "m_uItemID": "11001",
        "m_uType": "13",
        "m_ucSubType": "0x1",
        "m_szItemName": "默认",
        "m_szDescription": "复古青春，传奇永恒",
        "m_iIconID": "11001",
        "m_szResourceName": "default",
        "m_ucIsStackable": "0x0",
        "m_ucIsOpen": "0x1"
    },
    {
        "@version": "1",
        "m_uItemID": "11002",
        "m_uType": "13",
        "m_ucSubType": "0x1",
        "m_szItemName": "结伴同行",
        "m_szDescription": "点燃梦想，闪耀舞台",
        "m_iIconID": "11002",
        "m_szResourceName": "legacy",
        "m_ucIsStackable": "0x0",
        "m_ucIsOpen": "0x0"
    },
    {
        "@version": "1",
        "m_uItemID": "11003",
        "m_uType": "13",
        "m_ucSubType": "0x1",
        "m_szItemName": "科技之光",
        "m_szDescription": "赢下这声喝彩！",
        "m_iIconID": "11003",
        "m_szResourceName": "skin01",
        "m_ucIsStackable": "0x0",
        "m_ucIsOpen": "0x0"
    },
    {
        "@version": "1",
        "m_uItemID": "11004",
        "m_uType": "13",
        "m_ucSubType": "0x1",
        "m_szItemName": "甜蜜桃心",
        "m_szDescription": "元气满满的一天！",
        "m_iIconID": "11004",
        "m_szResourceName": "char_1002",
        "m_ucIsStackable": "0x0",
        "m_ucIsOpen": "0x0"
    },
    {
        "@version": "1",
        "m_uItemID": "11005",
        "m_uType": "13",
        "m_ucSubType": "0x1",
        "m_szItemName": "星语心愿",
        "m_szDescription": "每个心愿，都化作了一颗流星",
        "m_iIconID": "11005",
        "m_szResourceName": "char_1003",
        "m_ucIsStackable": "0x0",
        "m_ucIsOpen": "0x0"
    },
    {
        "@version": "1",
        "m_uItemID": "11006",
        "m_uType": "13",
        "m_ucSubType": "0x1",
        "m_szItemName": "魔法世界",
        "m_szDescription": "接下来是见证奇迹的时刻",
        "m_iIconID": "11006",
        "m_szResourceName": "char_1004",
        "m_ucIsStackable": "0x0",
        "m_ucIsOpen": "0x0"
    },
    {
        "@version": "1",
        "m_uItemID": "11007",
        "m_uType": "13",
        "m_ucSubType": "0x1",
        "m_szItemName": "爱琴王国",
        "m_szDescription": "你是爱的答案",
        "m_iIconID": "11007",
        "m_szResourceName": "char_1005",
        "m_ucIsStackable": "0x0",
        "m_ucIsOpen": "0x0"
    },
    {
        "@version": "1",
        "m_uItemID": "11008",
        "m_uType": "13",
        "m_ucSubType": "0x1",
        "m_szItemName": "魔灵之翼",
        "m_szDescription": "光，也有它的影子",
        "m_iIconID": "11008",
        "m_szResourceName": "char_1006",
        "m_ucIsStackable": "0x0",
        "m_ucIsOpen": "0x0"
    },
    {
        "@version": "1",
        "m_uItemID": "11009",
        "m_uType": "13",
        "m_ucSubType": "0x1",
        "m_szItemName": "钢琴之心",
        "m_szDescription": "为你献上天籁之音",
        "m_iIconID": "11009",
        "m_szResourceName": "char_1007",
        "m_ucIsStackable": "0x0",
        "m_ucIsOpen": "0x0"
    },
    {
        "@version": "1",
        "m_uItemID": "11010",
        "m_uType": "13",
        "m_ucSubType": "0x1",
        "m_szItemName": "乞巧织情",
        "m_szDescription": "浪漫永不过时",
        "m_iIconID": "11010",
        "m_szResourceName": "char_1008",
        "m_ucIsStackable": "0x0",
        "m_ucIsOpen": "0x0"
    },
    {
        "@version": "1",
        "m_uItemID": "11011",
        "m_uType": "13",
        "m_ucSubType": "0x1",
        "m_szItemName": "黑珍珠号",
        "m_szDescription": "海浪与惊险与我同在",
        "m_iIconID": "11011",
        "m_szResourceName": "char_1009",
        "m_ucIsStackable": "0x0",
        "m_ucIsOpen": "0x0"
    },
    {
        "@version": "1",
        "m_uItemID": "11012",
        "m_uType": "13",
        "m_ucSubType": "0x1",
        "m_szItemName": "刺金贵胄",
        "m_szDescription": "在哪儿都闪耀全场",
        "m_iIconID": "11012",
        "m_szResourceName": "char_1010",
        "m_ucIsStackable": "0x0",
        "m_ucIsOpen": "0x0"
    },
    {
        "@version": "1",
        "m_uItemID": "11013",
        "m_uType": "13",
        "m_ucSubType": "0x1",
        "m_szItemName": "该隐迷雾",
        "m_szDescription": "灰烬是我的黎明",
        "m_iIconID": "11013",
        "m_szResourceName": "char_1011",
        "m_ucIsStackable": "0x0",
        "m_ucIsOpen": "0x0"
    },
    {
        "@version": "1",
        "m_uItemID": "11014",
        "m_uType": "13",
        "m_ucSubType": "0x1",
        "m_szItemName": "圣诞精灵",
        "m_szDescription": "叮叮当，叮叮当，铃儿响叮当",
        "m_iIconID": "11014",
        "m_szResourceName": "char_1012",
        "m_ucIsStackable": "0x0",
        "m_ucIsOpen": "0x0"
    },
    {
        "@version": "1",
        "m_uItemID": "11015",
        "m_uType": "13",
        "m_ucSubType": "0x1",
        "m_szItemName": "吉祥如意",
        "m_szDescription": "你也是我的粉丝吗？",
        "m_iIconID": "11015",
        "m_szResourceName": "char_1013",
        "m_ucIsStackable": "0x0",
        "m_ucIsOpen": "0x0"
    },
    {
        "@version": "1",
        "m_uItemID": "11016",
        "m_uType": "13",
        "m_ucSubType": "0x1",
        "m_szItemName": "原创之音",
        "m_szDescription": "都是我写歌的素材",
        "m_iIconID": "11016",
        "m_szResourceName": "char_1014",
        "m_ucIsStackable": "0x0",
        "m_ucIsOpen": "0x0"
    },
    {
        "@version": "1",
        "m_uItemID": "11017",
        "m_uType": "13",
        "m_ucSubType": "0x1",
        "m_szItemName": "龙舟竞渡",
        "m_szDescription": "玉粽香袭千舟竞",
        "m_iIconID": "11017",
        "m_szResourceName": "char_1015",
        "m_ucIsStackable": "0x0",
        "m_ucIsOpen": "0x0"
    },
    {
        "@version": "1",
        "m_uItemID": "11018",
        "m_uType": "13",
        "m_ucSubType": "0x1",
        "m_szItemName": "电音时刻",
        "m_szDescription": "献上你的听觉",
        "m_iIconID": "11018",
        "m_szResourceName": "char_1016",
        "m_ucIsStackable": "0x0",
        "m_ucIsOpen": "0x0"
    },
    {
        "@version": "1",
        "m_uItemID": "12001",
        "m_uType": "13",
        "m_ucSubType": "0x2",
        "m_szItemName": "默认",
        "m_szDescription": "复古青春，传奇永恒",
        "m_iIconID": "12001",
        "m_szResourceName": "default",
        "m_ucIsStackable": "0x0",
        "m_ucIsOpen": "0x1"
    },
    {
        "@version": "1",
        "m_uItemID": "12002",
        "m_uType": "13",
        "m_ucSubType": "0x2",
        "m_szItemName": "结伴同行",
        "m_szDescription": "点燃梦想，闪耀舞台",
        "m_iIconID": "12002",
        "m_szResourceName": "legacy",
        "m_ucIsStackable": "0x0",
        "m_ucIsOpen": "0x0"
    },
    {
        "@version": "1",
        "m_uItemID": "12003",
        "m_uType": "13",
        "m_ucSubType": "0x2",
        "m_szItemName": "科技之光",
        "m_szDescription": "赢下这声喝彩！",
        "m_iIconID": "12003",
        "m_szResourceName": "skin01",
        "m_ucIsStackable": "0x0",
        "m_ucIsOpen": "0x0"
    },
    {
        "@version": "1",
        "m_uItemID": "12004",
        "m_uType": "13",
        "m_ucSubType": "0x2",
        "m_szItemName": "甜蜜桃心",
        "m_szDescription": "元气满满的一天！",
        "m_iIconID": "12004",
        "m_szResourceName": "char_1002",
        "m_ucIsStackable": "0x0",
        "m_ucIsOpen": "0x0"
    },
    {
        "@version": "1",
        "m_uItemID": "12005",
        "m_uType": "13",
        "m_ucSubType": "0x2",
        "m_szItemName": "星语心愿",
        "m_szDescription": "每个心愿，都化作了一颗流星",
        "m_iIconID": "12005",
        "m_szResourceName": "char_1003",
        "m_ucIsStackable": "0x0",
        "m_ucIsOpen": "0x0"
    },
    {
        "@version": "1",
        "m_uItemID": "12006",
        "m_uType": "13",
        "m_ucSubType": "0x2",
        "m_szItemName": "魔法世界",
        "m_szDescription": "接下来是见证奇迹的时刻",
        "m_iIconID": "12006",
        "m_szResourceName": "char_1004",
        "m_ucIsStackable": "0x0",
        "m_ucIsOpen": "0x0"
    },
    {
        "@version": "1",
        "m_uItemID": "12007",
        "m_uType": "13",
        "m_ucSubType": "0x2",
        "m_szItemName": "爱琴王国",
        "m_szDescription": "你是爱的答案",
        "m_iIconID": "12007",
        "m_szResourceName": "char_1005",
        "m_ucIsStackable": "0x0",
        "m_ucIsOpen": "0x0"
    },
    {
        "@version": "1",
        "m_uItemID": "12008",
        "m_uType": "13",
        "m_ucSubType": "0x2",
        "m_szItemName": "魔灵之翼",
        "m_szDescription": "光，也有它的影子",
        "m_iIconID": "12008",
        "m_szResourceName": "char_1006",
        "m_ucIsStackable": "0x0",
        "m_ucIsOpen": "0x0"
    },
    {
        "@version": "1",
        "m_uItemID": "12009",
        "m_uType": "13",
        "m_ucSubType": "0x2",
        "m_szItemName": "钢琴之心",
        "m_szDescription": "为你献上天籁之音",
        "m_iIconID": "12009",
        "m_szResourceName": "char_1007",
        "m_ucIsStackable": "0x0",
        "m_ucIsOpen": "0x0"
    },
    {
        "@version": "1",
        "m_uItemID": "12010",
        "m_uType": "13",
        "m_ucSubType": "0x2",
        "m_szItemName": "乞巧织情",
        "m_szDescription": "浪漫永不过时",
        "m_iIconID": "12010",
        "m_szResourceName": "char_1008",
        "m_ucIsStackable": "0x0",
        "m_ucIsOpen": "0x0"
    },
    {
        "@version": "1",
        "m_uItemID": "12011",
        "m_uType": "13",
        "m_ucSubType": "0x2",
        "m_szItemName": "黑珍珠号",
        "m_szDescription": "海浪与惊险与我同在",
        "m_iIconID": "12011",
        "m_szResourceName": "char_1009",
        "m_ucIsStackable": "0x0",
        "m_ucIsOpen": "0x0"
    },
    {
        "@version": "1",
        "m_uItemID": "12012",
        "m_uType": "13",
        "m_ucSubType": "0x2",
        "m_szItemName": "刺金贵胄",
        "m_szDescription": "在哪儿都闪耀全场",
        "m_iIconID": "12012",
        "m_szResourceName": "char_1010",
        "m_ucIsStackable": "0x0",
        "m_ucIsOpen": "0x0"
    },
    {
        "@version": "1",
        "m_uItemID": "12013",
        "m_uType": "13",
        "m_ucSubType": "0x2",
        "m_szItemName": "该隐迷雾",
        "m_szDescription": "灰烬是我的黎明",
        "m_iIconID": "12013",
        "m_szResourceName": "char_1011",
        "m_ucIsStackable": "0x0",
        "m_ucIsOpen": "0x0"
    },
    {
        "@version": "1",
        "m_uItemID": "12014",
        "m_uType": "13",
        "m_ucSubType": "0x2",
        "m_szItemName": "圣诞精灵",
        "m_szDescription": "叮叮当，叮叮当，铃儿响叮当",
        "m_iIconID": "12014",
        "m_szResourceName": "char_1012",
        "m_ucIsStackable": "0x0",
        "m_ucIsOpen": "0x0"
    },
    {
        "@version": "1",
        "m_uItemID": "12015",
        "m_uType": "13",
        "m_ucSubType": "0x2",
        "m_szItemName": "吉祥如意",
        "m_szDescription": "你也是我的粉丝吗？",
        "m_iIconID": "12015",
        "m_szResourceName": "char_1013",
        "m_ucIsStackable": "0x0",
        "m_ucIsOpen": "0x0"
    },
    {
        "@version": "1",
        "m_uItemID": "12016",
        "m_uType": "13",
        "m_ucSubType": "0x2",
        "m_szItemName": "原创之音",
        "m_szDescription": "都是我写歌的素材",
        "m_iIconID": "12016",
        "m_szResourceName": "char_1014",
        "m_ucIsStackable": "0x0",
        "m_ucIsOpen": "0x0"
    },
    {
        "@version": "1",
        "m_uItemID": "12017",
        "m_uType": "13",
        "m_ucSubType": "0x2",
        "m_szItemName": "龙舟竞渡",
        "m_szDescription": "玉粽香袭千舟竞",
        "m_iIconID": "12017",
        "m_szResourceName": "char_1015",
        "m_ucIsStackable": "0x0",
        "m_ucIsOpen": "0x0"
    },
    {
        "@version": "1",
        "m_uItemID": "12018",
        "m_uType": "13",
        "m_ucSubType": "0x2",
        "m_szItemName": "电音时刻",
        "m_szDescription": "献上你的听觉",
        "m_iIconID": "12018",
        "m_szResourceName": "char_1016",
        "m_ucIsStackable": "0x0",
        "m_ucIsOpen": "0x0"
    },
    {
        "@version": "1",
        "m_uItemID": "13001",
        "m_uType": "13",
        "m_ucSubType": "0x3",
        "m_szItemName": "默认",
        "m_szDescription": "复古青春，传奇永恒",
        "m_iIconID": "13001",
        "m_szResourceName": "default",
        "m_ucIsStackable": "0x0",
        "m_ucIsOpen": "0x1"
    },
    {
        "@version": "1",
        "m_uItemID": "13002",
        "m_uType": "13",
        "m_ucSubType": "0x3",
        "m_szItemName": "结伴同行",
        "m_szDescription": "点燃梦想，闪耀舞台",
        "m_iIconID": "13002",
        "m_szResourceName": "legacy",
        "m_ucIsStackable": "0x0",
        "m_ucIsOpen": "0x0"
    },
    {
        "@version": "1",
        "m_uItemID": "13003",
        "m_uType": "13",
        "m_ucSubType": "0x3",
        "m_szItemName": "科技之光",
        "m_szDescription": "赢下这声喝彩！",
        "m_iIconID": "13003",
        "m_szResourceName": "skin01",
        "m_ucIsStackable": "0x0",
        "m_ucIsOpen": "0x0"
    },
    {
        "@version": "1",
        "m_uItemID": "13004",
        "m_uType": "13",
        "m_ucSubType": "0x3",
        "m_szItemName": "甜蜜桃心",
        "m_szDescription": "元气满满的一天！",
        "m_iIconID": "13004",
        "m_szResourceName": "char_1002",
        "m_ucIsStackable": "0x0",
        "m_ucIsOpen": "0x0"
    },
    {
        "@version": "1",
        "m_uItemID": "13005",
        "m_uType": "13",
        "m_ucSubType": "0x3",
        "m_szItemName": "星语心愿",
        "m_szDescription": "每个心愿，都化作了一颗流星",
        "m_iIconID": "13005",
        "m_szResourceName": "char_1003",
        "m_ucIsStackable": "0x0",
        "m_ucIsOpen": "0x0"
    },
    {
        "@version": "1",
        "m_uItemID": "13006",
        "m_uType": "13",
        "m_ucSubType": "0x3",
        "m_szItemName": "魔法世界",
        "m_szDescription": "接下来是见证奇迹的时刻",
        "m_iIconID": "13006",
        "m_szResourceName": "char_1004",
        "m_ucIsStackable": "0x0",
        "m_ucIsOpen": "0x0"
    },
    {
        "@version": "1",
        "m_uItemID": "13007",
        "m_uType": "13",
        "m_ucSubType": "0x3",
        "m_szItemName": "爱琴王国",
        "m_szDescription": "你是爱的答案",
        "m_iIconID": "13007",
        "m_szResourceName": "char_1005",
        "m_ucIsStackable": "0x0",
        "m_ucIsOpen": "0x0"
    },
    {
        "@version": "1",
        "m_uItemID": "13008",
        "m_uType": "13",
        "m_ucSubType": "0x3",
        "m_szItemName": "魔灵之翼",
        "m_szDescription": "光，也有它的影子",
        "m_iIconID": "13008",
        "m_szResourceName": "char_1006",
        "m_ucIsStackable": "0x0",
        "m_ucIsOpen": "0x0"
    },
    {
        "@version": "1",
        "m_uItemID": "13009",
        "m_uType": "13",
        "m_ucSubType": "0x3",
        "m_szItemName": "钢琴之心",
        "m_szDescription": "为你献上天籁之音",
        "m_iIconID": "13009",
        "m_szResourceName": "char_1007",
        "m_ucIsStackable": "0x0",
        "m_ucIsOpen": "0x0"
    },
    {
        "@version": "1",
        "m_uItemID": "13010",
        "m_uType": "13",
        "m_ucSubType": "0x3",
        "m_szItemName": "乞巧织情",
        "m_szDescription": "浪漫永不过时",
        "m_iIconID": "13010",
        "m_szResourceName": "char_1008",
        "m_ucIsStackable": "0x0",
        "m_ucIsOpen": "0x0"
    },
    {
        "@version": "1",
        "m_uItemID": "13011",
        "m_uType": "13",
        "m_ucSubType": "0x3",
        "m_szItemName": "黑珍珠号",
        "m_szDescription": "海浪与惊险与我同在",
        "m_iIconID": "13011",
        "m_szResourceName": "char_1009",
        "m_ucIsStackable": "0x0",
        "m_ucIsOpen": "0x0"
    },
    {
        "@version": "1",
        "m_uItemID": "13012",
        "m_uType": "13",
        "m_ucSubType": "0x3",
        "m_szItemName": "刺金贵胄",
        "m_szDescription": "在哪儿都闪耀全场",
        "m_iIconID": "13012",
        "m_szResourceName": "char_1010",
        "m_ucIsStackable": "0x0",
        "m_ucIsOpen": "0x0"
    },
    {
        "@version": "1",
        "m_uItemID": "13013",
        "m_uType": "13",
        "m_ucSubType": "0x3",
        "m_szItemName": "该隐迷雾",
        "m_szDescription": "灰烬是我的黎明",
        "m_iIconID": "13013",
        "m_szResourceName": "char_1011",
        "m_ucIsStackable": "0x0",
        "m_ucIsOpen": "0x0"
    },
    {
        "@version": "1",
        "m_uItemID": "13014",
        "m_uType": "13",
        "m_ucSubType": "0x3",
        "m_szItemName": "圣诞精灵",
        "m_szDescription": "叮叮当，叮叮当，铃儿响叮当",
        "m_iIconID": "13014",
        "m_szResourceName": "char_1012",
        "m_ucIsStackable": "0x0",
        "m_ucIsOpen": "0x0"
    },
    {
        "@version": "1",
        "m_uItemID": "13015",
        "m_uType": "13",
        "m_ucSubType": "0x3",
        "m_szItemName": "吉祥如意",
        "m_szDescription": "你也是我的粉丝吗？",
        "m_iIconID": "13015",
        "m_szResourceName": "char_1013",
        "m_ucIsStackable": "0x0",
        "m_ucIsOpen": "0x0"
    },
    {
        "@version": "1",
        "m_uItemID": "13016",
        "m_uType": "13",
        "m_ucSubType": "0x3",
        "m_szItemName": "原创之音",
        "m_szDescription": "都是我写歌的素材",
        "m_iIconID": "13016",
        "m_szResourceName": "char_1014",
        "m_ucIsStackable": "0x0",
        "m_ucIsOpen": "0x0"
    },
    {
        "@version": "1",
        "m_uItemID": "13017",
        "m_uType": "13",
        "m_ucSubType": "0x3",
        "m_szItemName": "龙舟竞渡",
        "m_szDescription": "玉粽香袭千舟竞",
        "m_iIconID": "13017",
        "m_szResourceName": "char_1015",
        "m_ucIsStackable": "0x0",
        "m_ucIsOpen": "0x0"
    },
    {
        "@version": "1",
        "m_uItemID": "13018",
        "m_uType": "13",
        "m_ucSubType": "0x3",
        "m_szItemName": "电音时刻",
        "m_szDescription": "献上你的听觉",
        "m_iIconID": "13018",
        "m_szResourceName": "char_1016",
        "m_ucIsStackable": "0x0",
        "m_ucIsOpen": "0x0"
    },
    {
        "@version": "1",
        "m_uItemID": "14001",
        "m_uType": "13",
        "m_ucSubType": "0x4",
        "m_szItemName": "默认",
        "m_szDescription": "复古青春，传奇永恒",
        "m_iIconID": "14001",
        "m_szResourceName": "default",
        "m_ucIsStackable": "0x0",
        "m_ucIsOpen": "0x1"
    },
    {
        "@version": "1",
        "m_uItemID": "14002",
        "m_uType": "13",
        "m_ucSubType": "0x4",
        "m_szItemName": "结伴同行",
        "m_szDescription": "点燃梦想，闪耀舞台",
        "m_iIconID": "14002",
        "m_szResourceName": "legacy",
        "m_ucIsStackable": "0x0",
        "m_ucIsOpen": "0x0"
    },
    {
        "@version": "1",
        "m_uItemID": "14003",
        "m_uType": "13",
        "m_ucSubType": "0x4",
        "m_szItemName": "科技之光",
        "m_szDescription": "赢下这声喝彩！",
        "m_iIconID": "14003",
        "m_szResourceName": "skin01",
        "m_ucIsStackable": "0x0",
        "m_ucIsOpen": "0x0"
    },
    {
        "@version": "1",
        "m_uItemID": "14004",
        "m_uType": "13",
        "m_ucSubType": "0x4",
        "m_szItemName": "甜蜜桃心",
        "m_szDescription": "元气满满的一天！",
        "m_iIconID": "14004",
        "m_szResourceName": "char_1002",
        "m_ucIsStackable": "0x0",
        "m_ucIsOpen": "0x0"
    },
    {
        "@version": "1",
        "m_uItemID": "14005",
        "m_uType": "13",
        "m_ucSubType": "0x4",
        "m_szItemName": "星语心愿",
        "m_szDescription": "每个心愿，都化作了一颗流星",
        "m_iIconID": "14005",
        "m_szResourceName": "char_1003",
        "m_ucIsStackable": "0x0",
        "m_ucIsOpen": "0x0"
    },
    {
        "@version": "1",
        "m_uItemID": "14006",
        "m_uType": "13",
        "m_ucSubType": "0x4",
        "m_szItemName": "魔法世界",
        "m_szDescription": "接下来是见证奇迹的时刻",
        "m_iIconID": "14006",
        "m_szResourceName": "char_1004",
        "m_ucIsStackable": "0x0",
        "m_ucIsOpen": "0x0"
    },
    {
        "@version": "1",
        "m_uItemID": "14007",
        "m_uType": "13",
        "m_ucSubType": "0x4",
        "m_szItemName": "爱琴王国",
        "m_szDescription": "你是爱的答案",
        "m_iIconID": "14007",
        "m_szResourceName": "char_1005",
        "m_ucIsStackable": "0x0",
        "m_ucIsOpen": "0x0"
    },
    {
        "@version": "1",
        "m_uItemID": "14008",
        "m_uType": "13",
        "m_ucSubType": "0x4",
        "m_szItemName": "魔灵之翼",
        "m_szDescription": "光，也有它的影子",
        "m_iIconID": "14008",
        "m_szResourceName": "char_1006",
        "m_ucIsStackable": "0x0",
        "m_ucIsOpen": "0x0"
    },
    {
        "@version": "1",
        "m_uItemID": "14009",
        "m_uType": "13",
        "m_ucSubType": "0x4",
        "m_szItemName": "钢琴之心",
        "m_szDescription": "为你献上天籁之音",
        "m_iIconID": "14009",
        "m_szResourceName": "char_1007",
        "m_ucIsStackable": "0x0",
        "m_ucIsOpen": "0x0"
    },
    {
        "@version": "1",
        "m_uItemID": "14010",
        "m_uType": "13",
        "m_ucSubType": "0x4",
        "m_szItemName": "乞巧织情",
        "m_szDescription": "浪漫永不过时",
        "m_iIconID": "14010",
        "m_szResourceName": "char_1008",
        "m_ucIsStackable": "0x0",
        "m_ucIsOpen": "0x0"
    },
    {
        "@version": "1",
        "m_uItemID": "14011",
        "m_uType": "13",
        "m_ucSubType": "0x4",
        "m_szItemName": "黑珍珠号",
        "m_szDescription": "海浪与惊险与我同在",
        "m_iIconID": "14011",
        "m_szResourceName": "char_1009",
        "m_ucIsStackable": "0x0",
        "m_ucIsOpen": "0x0"
    },
    {
        "@version": "1",
        "m_uItemID": "14012",
        "m_uType": "13",
        "m_ucSubType": "0x4",
        "m_szItemName": "刺金贵胄",
        "m_szDescription": "在哪儿都闪耀全场",
        "m_iIconID": "14012",
        "m_szResourceName": "char_1010",
        "m_ucIsStackable": "0x0",
        "m_ucIsOpen": "0x0"
    },
    {
        "@version": "1",
        "m_uItemID": "14013",
        "m_uType": "13",
        "m_ucSubType": "0x4",
        "m_szItemName": "该隐迷雾",
        "m_szDescription": "灰烬是我的黎明",
        "m_iIconID": "14013",
        "m_szResourceName": "char_1011",
        "m_ucIsStackable": "0x0",
        "m_ucIsOpen": "0x0"
    },
    {
        "@version": "1",
        "m_uItemID": "14014",
        "m_uType": "13",
        "m_ucSubType": "0x4",
        "m_szItemName": "圣诞精灵",
        "m_szDescription": "叮叮当，叮叮当，铃儿响叮当",
        "m_iIconID": "14014",
        "m_szResourceName": "char_1012",
        "m_ucIsStackable": "0x0",
        "m_ucIsOpen": "0x0"
    },
    {
        "@version": "1",
        "m_uItemID": "14015",
        "m_uType": "13",
        "m_ucSubType": "0x4",
        "m_szItemName": "吉祥如意",
        "m_szDescription": "你也是我的粉丝吗？",
        "m_iIconID": "14015",
        "m_szResourceName": "char_1013",
        "m_ucIsStackable": "0x0",
        "m_ucIsOpen": "0x0"
    },
    {
        "@version": "1",
        "m_uItemID": "14016",
        "m_uType": "13",
        "m_ucSubType": "0x4",
        "m_szItemName": "原创之音",
        "m_szDescription": "都是我写歌的素材",
        "m_iIconID": "14016",
        "m_szResourceName": "char_1014",
        "m_ucIsStackable": "0x0",
        "m_ucIsOpen": "0x0"
    },
    {
        "@version": "1",
        "m_uItemID": "14017",
        "m_uType": "13",
        "m_ucSubType": "0x4",
        "m_szItemName": "龙舟竞渡",
        "m_szDescription": "玉粽香袭千舟竞",
        "m_iIconID": "14017",
        "m_szResourceName": "char_1015",
        "m_ucIsStackable": "0x0",
        "m_ucIsOpen": "0x0"
    },
    {
        "@version": "1",
        "m_uItemID": "14018",
        "m_uType": "13",
        "m_ucSubType": "0x4",
        "m_szItemName": "电音时刻",
        "m_szDescription": "献上你的听觉",
        "m_iIconID": "14018",
        "m_szResourceName": "char_1016",
        "m_ucIsStackable": "0x0",
        "m_ucIsOpen": "0x0"
    },
    {
        "@version": "1",
        "m_uItemID": "15001",
        "m_uType": "13",
        "m_ucSubType": "0x5",
        "m_szItemName": "默认",
        "m_szDescription": "复古青春，传奇永恒",
        "m_iIconID": "15001",
        "m_szResourceName": "default",
        "m_ucIsStackable": "0x0",
        "m_ucIsOpen": "0x1"
    },
    {
        "@version": "1",
        "m_uItemID": "15002",
        "m_uType": "13",
        "m_ucSubType": "0x5",
        "m_szItemName": "结伴同行",
        "m_szDescription": "点燃梦想，闪耀舞台",
        "m_iIconID": "15002",
        "m_szResourceName": "legacy",
        "m_ucIsStackable": "0x0",
        "m_ucIsOpen": "0x0"
    },
    {
        "@version": "1",
        "m_uItemID": "15003",
        "m_uType": "13",
        "m_ucSubType": "0x5",
        "m_szItemName": "科技之光",
        "m_szDescription": "赢下这声喝彩！",
        "m_iIconID": "15003",
        "m_szResourceName": "skin01",
        "m_ucIsStackable": "0x0",
        "m_ucIsOpen": "0x0"
    },
    {
        "@version": "1",
        "m_uItemID": "15004",
        "m_uType": "13",
        "m_ucSubType": "0x5",
        "m_szItemName": "甜蜜桃心",
        "m_szDescription": "元气满满的一天！",
        "m_iIconID": "15004",
        "m_szResourceName": "char_1002",
        "m_ucIsStackable": "0x0",
        "m_ucIsOpen": "0x0"
    },
    {
        "@version": "1",
        "m_uItemID": "15005",
        "m_uType": "13",
        "m_ucSubType": "0x5",
        "m_szItemName": "星语心愿",
        "m_szDescription": "每个心愿，都化作了一颗流星",
        "m_iIconID": "15005",
        "m_szResourceName": "char_1003",
        "m_ucIsStackable": "0x0",
        "m_ucIsOpen": "0x0"
    },
    {
        "@version": "1",
        "m_uItemID": "15006",
        "m_uType": "13",
        "m_ucSubType": "0x5",
        "m_szItemName": "魔法世界",
        "m_szDescription": "接下来是见证奇迹的时刻",
        "m_iIconID": "15006",
        "m_szResourceName": "char_1004",
        "m_ucIsStackable": "0x0",
        "m_ucIsOpen": "0x0"
    },
    {
        "@version": "1",
        "m_uItemID": "15007",
        "m_uType": "13",
        "m_ucSubType": "0x5",
        "m_szItemName": "爱琴王国",
        "m_szDescription": "你是爱的答案",
        "m_iIconID": "15007",
        "m_szResourceName": "char_1005",
        "m_ucIsStackable": "0x0",
        "m_ucIsOpen": "0x0"
    },
    {
        "@version": "1",
        "m_uItemID": "15008",
        "m_uType": "13",
        "m_ucSubType": "0x5",
        "m_szItemName": "魔灵之翼",
        "m_szDescription": "光，也有它的影子",
        "m_iIconID": "15008",
        "m_szResourceName": "char_1006",
        "m_ucIsStackable": "0x0",
        "m_ucIsOpen": "0x0"
    },
    {
        "@version": "1",
        "m_uItemID": "15009",
        "m_uType": "13",
        "m_ucSubType": "0x5",
        "m_szItemName": "钢琴之心",
        "m_szDescription": "为你献上天籁之音",
        "m_iIconID": "15009",
        "m_szResourceName": "char_1007",
        "m_ucIsStackable": "0x0",
        "m_ucIsOpen": "0x0"
    },
    {
        "@version": "1",
        "m_uItemID": "15010",
        "m_uType": "13",
        "m_ucSubType": "0x5",
        "m_szItemName": "乞巧织情",
        "m_szDescription": "浪漫永不过时",
        "m_iIconID": "15010",
        "m_szResourceName": "char_1008",
        "m_ucIsStackable": "0x0",
        "m_ucIsOpen": "0x0"
    },
    {
        "@version": "1",
        "m_uItemID": "15011",
        "m_uType": "13",
        "m_ucSubType": "0x5",
        "m_szItemName": "黑珍珠号",
        "m_szDescription": "海浪与惊险与我同在",
        "m_iIconID": "15011",
        "m_szResourceName": "char_1009",
        "m_ucIsStackable": "0x0",
        "m_ucIsOpen": "0x0"
    },
    {
        "@version": "1",
        "m_uItemID": "15012",
        "m_uType": "13",
        "m_ucSubType": "0x5",
        "m_szItemName": "刺金贵胄",
        "m_szDescription": "在哪儿都闪耀全场",
        "m_iIconID": "15012",
        "m_szResourceName": "char_1010",
        "m_ucIsStackable": "0x0",
        "m_ucIsOpen": "0x0"
    },
    {
        "@version": "1",
        "m_uItemID": "15013",
        "m_uType": "13",
        "m_ucSubType": "0x5",
        "m_szItemName": "该隐迷雾",
        "m_szDescription": "灰烬是我的黎明",
        "m_iIconID": "15013",
        "m_szResourceName": "char_1011",
        "m_ucIsStackable": "0x0",
        "m_ucIsOpen": "0x0"
    },
    {
        "@version": "1",
        "m_uItemID": "15014",
        "m_uType": "13",
        "m_ucSubType": "0x5",
        "m_szItemName": "圣诞精灵",
        "m_szDescription": "叮叮当，叮叮当，铃儿响叮当",
        "m_iIconID": "15014",
        "m_szResourceName": "char_1012",
        "m_ucIsStackable": "0x0",
        "m_ucIsOpen": "0x0"
    },
    {
        "@version": "1",
        "m_uItemID": "15015",
        "m_uType": "13",
        "m_ucSubType": "0x5",
        "m_szItemName": "吉祥如意",
        "m_szDescription": "你也是我的粉丝吗？",
        "m_iIconID": "15015",
        "m_szResourceName": "char_1013",
        "m_ucIsStackable": "0x0",
        "m_ucIsOpen": "0x0"
    },
    {
        "@version": "1",
        "m_uItemID": "15016",
        "m_uType": "13",
        "m_ucSubType": "0x5",
        "m_szItemName": "原创之音",
        "m_szDescription": "都是我写歌的素材",
        "m_iIconID": "15016",
        "m_szResourceName": "char_1014",
        "m_ucIsStackable": "0x0",
        "m_ucIsOpen": "0x0"
    },
    {
        "@version": "1",
        "m_uItemID": "15017",
        "m_uType": "13",
        "m_ucSubType": "0x5",
        "m_szItemName": "龙舟竞渡",
        "m_szDescription": "玉粽香袭千舟竞",
        "m_iIconID": "15017",
        "m_szResourceName": "char_1015",
        "m_ucIsStackable": "0x0",
        "m_ucIsOpen": "0x0"
    },
    {
        "@version": "1",
        "m_uItemID": "15018",
        "m_uType": "13",
        "m_ucSubType": "0x5",
        "m_szItemName": "电音时刻",
        "m_szDescription": "献上你的听觉",
        "m_iIconID": "15018",
        "m_szResourceName": "char_1016",
        "m_ucIsStackable": "0x0",
        "m_ucIsOpen": "0x0"
    },
    {
        "@version": "1",
        "m_uItemID": "16001",
        "m_uType": "13",
        "m_ucSubType": "0x6",
        "m_szItemName": "默认音效",
        "m_szDescription": "默认音效",
        "m_iIconID": "16001",
        "m_szResourceName": "default",
        "m_ucIsStackable": "0x0",
        "m_ucIsOpen": "0x0"
    },
    {
        "@version": "1",
        "m_uItemID": "16002",
        "m_uType": "13",
        "m_ucSubType": "0x6",
        "m_szItemName": "无音效",
        "m_szDescription": "无音效",
        "m_iIconID": "16002",
        "m_szResourceName": "legacy",
        "m_ucIsStackable": "0x0",
        "m_ucIsOpen": "0x0"
    }
]