{
    "@version": "1",
    "m_ushIndex": "1",
    "m_szProductID": "com.tencent.game.rhythmmaster.songpack001",
    "m_szDesc": "经典动漫音乐包",
    "m_szPath": "songpkg001",
    "m_iAndroidPrice": "6",
    "m_iPrice": "6",
    "m_iEnable": "0",
    "m_bIsNew": "0x1",
    "m_bIsHot": "0x0",
    "m_iNum": "3",
    "m_astSongs": [
        {
            "@type": "PkgSong",
            "ID": "158"
        },
        {
            "@type": "PkgSong",
            "ID": "163"
        },
        {
            "@type": "PkgSong",
            "ID": "168"
        }
    ]
}