[
    {
        "@version": "1",
        "m_iRewardID": "1",
        "m_ucRewardType": "0x1",
        "m_iRewardValue": "10"
    },
    {
        "@version": "1",
        "m_iRewardID": "2",
        "m_ucRewardType": "0x1",
        "m_iRewardValue": "20"
    },
    {
        "@version": "1",
        "m_iRewardID": "3",
        "m_ucRewardType": "0x1",
        "m_iRewardValue": "30"
    },
    {
        "@version": "1",
        "m_iRewardID": "4",
        "m_ucRewardType": "0x1",
        "m_iRewardValue": "50"
    },
    {
        "@version": "1",
        "m_iRewardID": "5",
        "m_ucRewardType": "0x1",
        "m_iRewardValue": "100"
    },
    {
        "@version": "1",
        "m_iRewardID": "6",
        "m_ucRewardType": "0x1",
        "m_iRewardValue": "200"
    },
    {
        "@version": "1",
        "m_iRewardID": "7",
        "m_ucRewardType": "0x1",
        "m_iRewardValue": "300"
    },
    {
        "@version": "1",
        "m_iRewardID": "8",
        "m_ucRewardType": "0x2",
        "m_iRewardValue": "2"
    },
    {
        "@version": "1",
        "m_iRewardID": "9",
        "m_ucRewardType": "0x2",
        "m_iRewardValue": "3"
    },
    {
        "@version": "1",
        "m_iRewardID": "10",
        "m_ucRewardType": "0x2",
        "m_iRewardValue": "5"
    },
    {
        "@version": "1",
        "m_iRewardID": "11",
        "m_ucRewardType": "0x3",
        "m_iRewardValue": "0"
    },
    {
        "@version": "1",
        "m_iRewardID": "12",
        "m_ucRewardType": "0x2",
        "m_iRewardValue": "8"
    },
    {
        "@version": "1",
        "m_iRewardID": "13",
        "m_ucRewardType": "0x2",
        "m_iRewardValue": "10"
    },
    {
        "@version": "1",
        "m_iRewardID": "14",
        "m_ucRewardType": "0x2",
        "m_iRewardValue": "20"
    },
    {
        "@version": "1",
        "m_iRewardID": "15",
        "m_ucRewardType": "0x2",
        "m_iRewardValue": "4"
    },
    {
        "@version": "1",
        "m_iRewardID": "16",
        "m_ucRewardType": "0x5",
        "m_iRewardValue": "1"
    },
    {
        "@version": "1",
        "m_iRewardID": "17",
        "m_ucRewardType": "0x5",
        "m_iRewardValue": "1"
    },
    {
        "@version": "1",
        "m_iRewardID": "18",
        "m_ucRewardType": "0x5",
        "m_iRewardValue": "1"
    },
    {
        "@version": "1",
        "m_iRewardID": "19",
        "m_ucRewardType": "0x5",
        "m_iRewardValue": "1"
    },
    {
        "@version": "1",
        "m_iRewardID": "20",
        "m_ucRewardType": "0x5",
        "m_iRewardValue": "1"
    },
    {
        "@version": "1",
        "m_iRewardID": "21",
        "m_ucRewardType": "0x5",
        "m_iRewardValue": "1"
    },
    {
        "@version": "1",
        "m_iRewardID": "22",
        "m_ucRewardType": "0x5",
        "m_iRewardValue": "1"
    },
    {
        "@version": "1",
        "m_iRewardID": "23",
        "m_ucRewardType": "0x5",
        "m_iRewardValue": "1"
    },
    {
        "@version": "1",
        "m_iRewardID": "24",
        "m_ucRewardType": "0x5",
        "m_iRewardValue": "1"
    },
    {
        "@version": "1",
        "m_iRewardID": "25",
        "m_ucRewardType": "0x5",
        "m_iRewardValue": "1"
    },
    {
        "@version": "1",
        "m_iRewardID": "26",
        "m_ucRewardType": "0x6",
        "m_iRewardValue": "100"
    },
    {
        "@version": "1",
        "m_iRewardID": "101",
        "m_ucRewardType": "0x8",
        "m_iRewardValue": "3"
    },
    {
        "@version": "1",
        "m_iRewardID": "102",
        "m_ucRewardType": "0x8",
        "m_iRewardValue": "7"
    },
    {
        "@version": "1",
        "m_iRewardID": "103",
        "m_ucRewardType": "0x8",
        "m_iRewardValue": "1"
    },
    {
        "@version": "1",
        "m_iRewardID": "104",
        "m_ucRewardType": "0x8",
        "m_iRewardValue": "3"
    },
    {
        "@version": "1",
        "m_iRewardID": "105",
        "m_ucRewardType": "0x8",
        "m_iRewardValue": "3"
    },
    {
        "@version": "1",
        "m_iRewardID": "106",
        "m_ucRewardType": "0x8",
        "m_iRewardValue": "7"
    },
    {
        "@version": "1",
        "m_iRewardID": "107",
        "m_ucRewardType": "0x8",
        "m_iRewardValue": "3"
    },
    {
        "@version": "1",
        "m_iRewardID": "108",
        "m_ucRewardType": "0x8",
        "m_iRewardValue": "7"
    },
    {
        "@version": "1",
        "m_iRewardID": "109",
        "m_ucRewardType": "0x8",
        "m_iRewardValue": "3"
    },
    {
        "@version": "1",
        "m_iRewardID": "110",
        "m_ucRewardType": "0x8",
        "m_iRewardValue": "7"
    },
    {
        "@version": "1",
        "m_iRewardID": "111",
        "m_ucRewardType": "0x8",
        "m_iRewardValue": "1"
    },
    {
        "@version": "1",
        "m_iRewardID": "112",
        "m_ucRewardType": "0x8",
        "m_iRewardValue": "3"
    },
    {
        "@version": "1",
        "m_iRewardID": "113",
        "m_ucRewardType": "0x8",
        "m_iRewardValue": "1"
    },
    {
        "@version": "1",
        "m_iRewardID": "114",
        "m_ucRewardType": "0x8",
        "m_iRewardValue": "3"
    },
    {
        "@version": "1",
        "m_iRewardID": "115",
        "m_ucRewardType": "0x8",
        "m_iRewardValue": "3"
    },
    {
        "@version": "1",
        "m_iRewardID": "116",
        "m_ucRewardType": "0x8",
        "m_iRewardValue": "7"
    },
    {
        "@version": "1",
        "m_iRewardID": "117",
        "m_ucRewardType": "0x8",
        "m_iRewardValue": "1"
    },
    {
        "@version": "1",
        "m_iRewardID": "118",
        "m_ucRewardType": "0x8",
        "m_iRewardValue": "3"
    },
    {
        "@version": "1",
        "m_iRewardID": "119",
        "m_ucRewardType": "0x8",
        "m_iRewardValue": "3"
    },
    {
        "@version": "1",
        "m_iRewardID": "120",
        "m_ucRewardType": "0x8",
        "m_iRewardValue": "7"
    },
    {
        "@version": "1",
        "m_iRewardID": "121",
        "m_ucRewardType": "0x8",
        "m_iRewardValue": "1"
    },
    {
        "@version": "1",
        "m_iRewardID": "122",
        "m_ucRewardType": "0x8",
        "m_iRewardValue": "3"
    },
    {
        "@version": "1",
        "m_iRewardID": "123",
        "m_ucRewardType": "0x8",
        "m_iRewardValue": "1"
    },
    {
        "@version": "1",
        "m_iRewardID": "124",
        "m_ucRewardType": "0x8",
        "m_iRewardValue": "3"
    },
    {
        "@version": "1",
        "m_iRewardID": "125",
        "m_ucRewardType": "0x8",
        "m_iRewardValue": "3"
    },
    {
        "@version": "1",
        "m_iRewardID": "126",
        "m_ucRewardType": "0x8",
        "m_iRewardValue": "7"
    },
    {
        "@version": "1",
        "m_iRewardID": "127",
        "m_ucRewardType": "0x8",
        "m_iRewardValue": "3"
    },
    {
        "@version": "1",
        "m_iRewardID": "128",
        "m_ucRewardType": "0x8",
        "m_iRewardValue": "7"
    },
    {
        "@version": "1",
        "m_iRewardID": "129",
        "m_ucRewardType": "0x8",
        "m_iRewardValue": "3"
    },
    {
        "@version": "1",
        "m_iRewardID": "130",
        "m_ucRewardType": "0x8",
        "m_iRewardValue": "7"
    },
    {
        "@version": "1",
        "m_iRewardID": "131",
        "m_ucRewardType": "0x8",
        "m_iRewardValue": "3"
    },
    {
        "@version": "1",
        "m_iRewardID": "132",
        "m_ucRewardType": "0x8",
        "m_iRewardValue": "7"
    },
    {
        "@version": "1",
        "m_iRewardID": "133",
        "m_ucRewardType": "0x8",
        "m_iRewardValue": "3"
    },
    {
        "@version": "1",
        "m_iRewardID": "134",
        "m_ucRewardType": "0x8",
        "m_iRewardValue": "7"
    },
    {
        "@version": "1",
        "m_iRewardID": "135",
        "m_ucRewardType": "0x8",
        "m_iRewardValue": "3"
    },
    {
        "@version": "1",
        "m_iRewardID": "136",
        "m_ucRewardType": "0x8",
        "m_iRewardValue": "7"
    },
    {
        "@version": "1",
        "m_iRewardID": "137",
        "m_ucRewardType": "0x8",
        "m_iRewardValue": "3"
    },
    {
        "@version": "1",
        "m_iRewardID": "138",
        "m_ucRewardType": "0x8",
        "m_iRewardValue": "7"
    },
    {
        "@version": "1",
        "m_iRewardID": "139",
        "m_ucRewardType": "0x8",
        "m_iRewardValue": "3"
    },
    {
        "@version": "1",
        "m_iRewardID": "140",
        "m_ucRewardType": "0x8",
        "m_iRewardValue": "7"
    },
    {
        "@version": "1",
        "m_iRewardID": "141",
        "m_ucRewardType": "0x8",
        "m_iRewardValue": "3"
    },
    {
        "@version": "1",
        "m_iRewardID": "142",
        "m_ucRewardType": "0x8",
        "m_iRewardValue": "7"
    },
    {
        "@version": "1",
        "m_iRewardID": "143",
        "m_ucRewardType": "0x8",
        "m_iRewardValue": "3"
    },
    {
        "@version": "1",
        "m_iRewardID": "144",
        "m_ucRewardType": "0x8",
        "m_iRewardValue": "7"
    },
    {
        "@version": "1",
        "m_iRewardID": "145",
        "m_ucRewardType": "0x8",
        "m_iRewardValue": "3"
    },
    {
        "@version": "1",
        "m_iRewardID": "146",
        "m_ucRewardType": "0x8",
        "m_iRewardValue": "7"
    },
    {
        "@version": "1",
        "m_iRewardID": "147",
        "m_ucRewardType": "0x8",
        "m_iRewardValue": "3"
    },
    {
        "@version": "1",
        "m_iRewardID": "148",
        "m_ucRewardType": "0x8",
        "m_iRewardValue": "7"
    },
    {
        "@version": "1",
        "m_iRewardID": "149",
        "m_ucRewardType": "0x2",
        "m_iRewardValue": "15"
    },
    {
        "@version": "1",
        "m_iRewardID": "150",
        "m_ucRewardType": "0x2",
        "m_iRewardValue": "20"
    },
    {
        "@version": "1",
        "m_iRewardID": "151",
        "m_ucRewardType": "0x2",
        "m_iRewardValue": "25"
    },
    {
        "@version": "1",
        "m_iRewardID": "152",
        "m_ucRewardType": "0x5",
        "m_iRewardValue": "5"
    },
    {
        "@version": "1",
        "m_iRewardID": "153",
        "m_ucRewardType": "0x5",
        "m_iRewardValue": "3"
    },
    {
        "@version": "1",
        "m_iRewardID": "154",
        "m_ucRewardType": "0x5",
        "m_iRewardValue": "5"
    },
    {
        "@version": "1",
        "m_iRewardID": "155",
        "m_ucRewardType": "0x5",
        "m_iRewardValue": "5"
    },
    {
        "@version": "1",
        "m_iRewardID": "156",
        "m_ucRewardType": "0x5",
        "m_iRewardValue": "3"
    },
    {
        "@version": "1",
        "m_iRewardID": "157",
        "m_ucRewardType": "0x5",
        "m_iRewardValue": "5"
    },
    {
        "@version": "1",
        "m_iRewardID": "158",
        "m_ucRewardType": "0x5",
        "m_iRewardValue": "5"
    },
    {
        "@version": "1",
        "m_iRewardID": "159",
        "m_ucRewardType": "0x5",
        "m_iRewardValue": "5"
    },
    {
        "@version": "1",
        "m_iRewardID": "160",
        "m_ucRewardType": "0x5",
        "m_iRewardValue": "5"
    },
    {
        "@version": "1",
        "m_iRewardID": "161",
        "m_ucRewardType": "0x5",
        "m_iRewardValue": "5"
    },
    {
        "@version": "1",
        "m_iRewardID": "162",
        "m_ucRewardType": "0x5",
        "m_iRewardValue": "3"
    },
    {
        "@version": "1",
        "m_iRewardID": "163",
        "m_ucRewardType": "0x1",
        "m_iRewardValue": "188"
    },
    {
        "@version": "1",
        "m_iRewardID": "164",
        "m_ucRewardType": "0x1",
        "m_iRewardValue": "288"
    },
    {
        "@version": "1",
        "m_iRewardID": "165",
        "m_ucRewardType": "0x1",
        "m_iRewardValue": "388"
    },
    {
        "@version": "1",
        "m_iRewardID": "166",
        "m_ucRewardType": "0x7",
        "m_iRewardValue": "10"
    },
    {
        "@version": "1",
        "m_iRewardID": "167",
        "m_ucRewardType": "0x7",
        "m_iRewardValue": "20"
    },
    {
        "@version": "1",
        "m_iRewardID": "168",
        "m_ucRewardType": "0x7",
        "m_iRewardValue": "30"
    },
    {
        "@version": "1",
        "m_iRewardID": "169",
        "m_ucRewardType": "0x7",
        "m_iRewardValue": "88"
    },
    {
        "@version": "1",
        "m_iRewardID": "170",
        "m_ucRewardType": "0x3",
        "m_iRewardValue": "97"
    },
    {
        "@version": "1",
        "m_iRewardID": "171",
        "m_ucRewardType": "0x3",
        "m_iRewardValue": "198"
    },
    {
        "@version": "1",
        "m_iRewardID": "172",
        "m_ucRewardType": "0x3",
        "m_iRewardValue": "200"
    },
    {
        "@version": "1",
        "m_iRewardID": "173",
        "m_ucRewardType": "0x3",
        "m_iRewardValue": "228"
    },
    {
        "@version": "1",
        "m_iRewardID": "174",
        "m_ucRewardType": "0x3",
        "m_iRewardValue": "237"
    },
    {
        "@version": "1",
        "m_iRewardID": "175",
        "m_ucRewardType": "0x3",
        "m_iRewardValue": "287"
    },
    {
        "@version": "1",
        "m_iRewardID": "176",
        "m_ucRewardType": "0xa",
        "m_iRewardValue": "1"
    },
    {
        "@version": "1",
        "m_iRewardID": "177",
        "m_ucRewardType": "0xa",
        "m_iRewardValue": "1"
    },
    {
        "@version": "1",
        "m_iRewardID": "178",
        "m_ucRewardType": "0xa",
        "m_iRewardValue": "1"
    },
    {
        "@version": "1",
        "m_iRewardID": "179",
        "m_ucRewardType": "0x9",
        "m_iRewardValue": "0"
    },
    {
        "@version": "1",
        "m_iRewardID": "180",
        "m_ucRewardType": "0x9",
        "m_iRewardValue": "0"
    },
    {
        "@version": "1",
        "m_iRewardID": "181",
        "m_ucRewardType": "0x9",
        "m_iRewardValue": "0"
    },
    {
        "@version": "1",
        "m_iRewardID": "182",
        "m_ucRewardType": "0xa",
        "m_iRewardValue": "1"
    },
    {
        "@version": "1",
        "m_iRewardID": "183",
        "m_ucRewardType": "0x9",
        "m_iRewardValue": "0"
    },
    {
        "@version": "1",
        "m_iRewardID": "184",
        "m_ucRewardType": "0xa",
        "m_iRewardValue": "1"
    },
    {
        "@version": "1",
        "m_iRewardID": "185",
        "m_ucRewardType": "0x9",
        "m_iRewardValue": "0"
    },
    {
        "@version": "1",
        "m_iRewardID": "186",
        "m_ucRewardType": "0xa",
        "m_iRewardValue": "1"
    },
    {
        "@version": "1",
        "m_iRewardID": "187",
        "m_ucRewardType": "0x9",
        "m_iRewardValue": "0"
    },
    {
        "@version": "1",
        "m_iRewardID": "188",
        "m_ucRewardType": "0xa",
        "m_iRewardValue": "1"
    },
    {
        "@version": "1",
        "m_iRewardID": "189",
        "m_ucRewardType": "0x9",
        "m_iRewardValue": "0"
    },
    {
        "@version": "1",
        "m_iRewardID": "190",
        "m_ucRewardType": "0x3",
        "m_iRewardValue": "16"
    },
    {
        "@version": "1",
        "m_iRewardID": "191",
        "m_ucRewardType": "0x3",
        "m_iRewardValue": "231"
    },
    {
        "@version": "1",
        "m_iRewardID": "192",
        "m_ucRewardType": "0xa",
        "m_iRewardValue": "1"
    },
    {
        "@version": "1",
        "m_iRewardID": "193",
        "m_ucRewardType": "0xa",
        "m_iRewardValue": "1"
    },
    {
        "@version": "1",
        "m_iRewardID": "194",
        "m_ucRewardType": "0xa",
        "m_iRewardValue": "1"
    },
    {
        "@version": "1",
        "m_iRewardID": "195",
        "m_ucRewardType": "0xa",
        "m_iRewardValue": "1"
    },
    {
        "@version": "1",
        "m_iRewardID": "196",
        "m_ucRewardType": "0xa",
        "m_iRewardValue": "1"
    },
    {
        "@version": "1",
        "m_iRewardID": "197",
        "m_ucRewardType": "0x9",
        "m_iRewardValue": "0"
    },
    {
        "@version": "1",
        "m_iRewardID": "198",
        "m_ucRewardType": "0x9",
        "m_iRewardValue": "0"
    },
    {
        "@version": "1",
        "m_iRewardID": "199",
        "m_ucRewardType": "0x9",
        "m_iRewardValue": "0"
    },
    {
        "@version": "1",
        "m_iRewardID": "200",
        "m_ucRewardType": "0x9",
        "m_iRewardValue": "0"
    },
    {
        "@version": "1",
        "m_iRewardID": "201",
        "m_ucRewardType": "0x9",
        "m_iRewardValue": "0"
    },
    {
        "@version": "1",
        "m_iRewardID": "501",
        "m_ucRewardType": "0x1",
        "m_iRewardValue": "10"
    },
    {
        "@version": "1",
        "m_iRewardID": "502",
        "m_ucRewardType": "0x1",
        "m_iRewardValue": "20"
    },
    {
        "@version": "1",
        "m_iRewardID": "503",
        "m_ucRewardType": "0x1",
        "m_iRewardValue": "30"
    },
    {
        "@version": "1",
        "m_iRewardID": "504",
        "m_ucRewardType": "0x1",
        "m_iRewardValue": "50"
    },
    {
        "@version": "1",
        "m_iRewardID": "505",
        "m_ucRewardType": "0x2",
        "m_iRewardValue": "2"
    },
    {
        "@version": "1",
        "m_iRewardID": "506",
        "m_ucRewardType": "0x2",
        "m_iRewardValue": "3"
    },
    {
        "@version": "1",
        "m_iRewardID": "507",
        "m_ucRewardType": "0x2",
        "m_iRewardValue": "5"
    },
    {
        "@version": "1",
        "m_iRewardID": "508",
        "m_ucRewardType": "0x2",
        "m_iRewardValue": "4"
    },
    {
        "@version": "1",
        "m_iRewardID": "509",
        "m_ucRewardType": "0x3",
        "m_iRewardValue": "0"
    },
    {
        "@version": "1",
        "m_iRewardID": "510",
        "m_ucRewardType": "0x5",
        "m_iRewardValue": "1"
    },
    {
        "@version": "1",
        "m_iRewardID": "511",
        "m_ucRewardType": "0x5",
        "m_iRewardValue": "1"
    },
    {
        "@version": "1",
        "m_iRewardID": "512",
        "m_ucRewardType": "0x5",
        "m_iRewardValue": "1"
    },
    {
        "@version": "1",
        "m_iRewardID": "513",
        "m_ucRewardType": "0x5",
        "m_iRewardValue": "1"
    },
    {
        "@version": "1",
        "m_iRewardID": "514",
        "m_ucRewardType": "0x5",
        "m_iRewardValue": "1"
    },
    {
        "@version": "1",
        "m_iRewardID": "515",
        "m_ucRewardType": "0x6",
        "m_iRewardValue": "100"
    },
    {
        "@version": "1",
        "m_iRewardID": "601",
        "m_ucRewardType": "0x2",
        "m_iRewardValue": "5"
    },
    {
        "@version": "1",
        "m_iRewardID": "611",
        "m_ucRewardType": "0x1",
        "m_iRewardValue": "100"
    },
    {
        "@version": "1",
        "m_iRewardID": "621",
        "m_ucRewardType": "0xa",
        "m_iRewardValue": "1"
    },
    {
        "@version": "1",
        "m_iRewardID": "622",
        "m_ucRewardType": "0xa",
        "m_iRewardValue": "1"
    },
    {
        "@version": "1",
        "m_iRewardID": "623",
        "m_ucRewardType": "0xa",
        "m_iRewardValue": "1"
    },
    {
        "@version": "1",
        "m_iRewardID": "631",
        "m_ucRewardType": "0xb",
        "m_iRewardValue": "588"
    },
    {
        "@version": "1",
        "m_iRewardID": "641",
        "m_ucRewardType": "0x7",
        "m_iRewardValue": "20"
    },
    {
        "@version": "1",
        "m_iRewardID": "651",
        "m_ucRewardType": "0x1",
        "m_iRewardValue": "58"
    },
    {
        "@version": "1",
        "m_iRewardID": "661",
        "m_ucRewardType": "0xb",
        "m_iRewardValue": "88"
    },
    {
        "@version": "1",
        "m_iRewardID": "671",
        "m_ucRewardType": "0x1",
        "m_iRewardValue": "10"
    },
    {
        "@version": "1",
        "m_iRewardID": "681",
        "m_ucRewardType": "0x7",
        "m_iRewardValue": "5"
    },
    {
        "@version": "1",
        "m_iRewardID": "691",
        "m_ucRewardType": "0x1",
        "m_iRewardValue": "200"
    },
    {
        "@version": "1",
        "m_iRewardID": "1001",
        "m_ucRewardType": "0xd",
        "m_iRewardValue": "0"
    },
    {
        "@version": "1",
        "m_iRewardID": "1002",
        "m_ucRewardType": "0xd",
        "m_iRewardValue": "0"
    },
    {
        "@version": "1",
        "m_iRewardID": "1003",
        "m_ucRewardType": "0xd",
        "m_iRewardValue": "0"
    },
    {
        "@version": "1",
        "m_iRewardID": "1004",
        "m_ucRewardType": "0xd",
        "m_iRewardValue": "0"
    },
    {
        "@version": "1",
        "m_iRewardID": "1005",
        "m_ucRewardType": "0xd",
        "m_iRewardValue": "0"
    },
    {
        "@version": "1",
        "m_iRewardID": "1101",
        "m_ucRewardType": "0xe",
        "m_iRewardValue": "3"
    },
    {
        "@version": "1",
        "m_iRewardID": "1102",
        "m_ucRewardType": "0xe",
        "m_iRewardValue": "3"
    },
    {
        "@version": "1",
        "m_iRewardID": "1103",
        "m_ucRewardType": "0xe",
        "m_iRewardValue": "3"
    },
    {
        "@version": "1",
        "m_iRewardID": "1104",
        "m_ucRewardType": "0xe",
        "m_iRewardValue": "3"
    },
    {
        "@version": "1",
        "m_iRewardID": "1105",
        "m_ucRewardType": "0xe",
        "m_iRewardValue": "3"
    }
]