[
    {
        "@version": "1",
        "m_ushSongID": "1",
        "m_iVersion": "0",
        "m_szSongName": "Chemistry Color",
        "m_szPath": "chemistycolor",
        "m_szArtist": "Roséthic x Sphazer",
        "m_szComposer": null,
        "m_szSongTime": "0.117361",
        "m_iGameTime": "169",
        "m_iRegion": "3",
        "m_iStyle": "1",
        "m_ucIsNew": "0",
        "m_ucIsHot": "0",
        "m_ucIsRecommend": "0",
        "m_szBPM": "135",
        "m_ucIsOpen": "1",
        "m_ucCanBuy": "0x0",
        "m_iOrderIndex": "0",
        "m_bIsFree": "0x1",
        "m_bSongPkg": "0x0",
        "m_szFreeBeginTime": null,
        "m_szFreeEndTime": null,
        "m_ush4KeyEasy": "2",
        "m_ush4KeyNormal": "5",
        "m_ush4KeyHard": "6",
        "m_ush5KeyEasy": "2",
        "m_ush5KeyNormal": "5",
        "m_ush5KeyHard": "6",
        "m_ush6KeyEasy": "2",
        "m_ush6KeyNormal": "5",
        "m_ush6KeyHard": "6",
        "m_iPrice": "0",
        "m_szNoteNumber": "453,828,1505,453,828,1509,453,828,1509",
        "m_szProductID": null,
        "m_iVipFlag": "0",
        "m_bIsHide": "0x0",
        "m_bIsReward": "0x1",
        "m_bIsLevelReward": "0x0"
    },
    {
        "@version": "1",
        "m_ushSongID": "2",
        "m_iVersion": "0",
        "m_szSongName": "Crunchy",
        "m_szPath": "crunch",
        "m_szArtist": "IAHN x M2U",
        "m_szComposer": null,
        "m_szSongTime": "0.117361",
        "m_iGameTime": "169",
        "m_iRegion": "3",
        "m_iStyle": "1",
        "m_ucIsNew": "0",
        "m_ucIsHot": "0",
        "m_ucIsRecommend": "0",
        "m_szBPM": "135",
        "m_ucIsOpen": "1",
        "m_ucCanBuy": "0x0",
        "m_iOrderIndex": "0",
        "m_bIsFree": "0x1",
        "m_bSongPkg": "0x0",
        "m_szFreeBeginTime": null,
        "m_szFreeEndTime": null,
        "m_ush4KeyEasy": "2",
        "m_ush4KeyNormal": "5",
        "m_ush4KeyHard": "6",
        "m_ush5KeyEasy": "2",
        "m_ush5KeyNormal": "5",
        "m_ush5KeyHard": "6",
        "m_ush6KeyEasy": "2",
        "m_ush6KeyNormal": "5",
        "m_ush6KeyHard": "6",
        "m_iPrice": "0",
        "m_szNoteNumber": "453,828,1505,453,828,1509,453,828,1509",
        "m_szProductID": null,
        "m_iVipFlag": "0",
        "m_bIsHide": "0x0",
        "m_bIsReward": "0x1",
        "m_bIsLevelReward": "0x0"
    },
    {
        "@version": "1",
        "m_ushSongID": "3",
        "m_iVersion": "0",
        "m_szSongName": "Daydream",
        "m_szPath": "daydream",
        "m_szArtist": "Lofi-Child",
        "m_szComposer": null,
        "m_szSongTime": "0.117361",
        "m_iGameTime": "169",
        "m_iRegion": "3",
        "m_iStyle": "1",
        "m_ucIsNew": "0",
        "m_ucIsHot": "0",
        "m_ucIsRecommend": "0",
        "m_szBPM": "135",
        "m_ucIsOpen": "1",
        "m_ucCanBuy": "0x0",
        "m_iOrderIndex": "0",
        "m_bIsFree": "0x1",
        "m_bSongPkg": "0x0",
        "m_szFreeBeginTime": null,
        "m_szFreeEndTime": null,
        "m_ush4KeyEasy": "2",
        "m_ush4KeyNormal": "5",
        "m_ush4KeyHard": "6",
        "m_ush5KeyEasy": "2",
        "m_ush5KeyNormal": "5",
        "m_ush5KeyHard": "6",
        "m_ush6KeyEasy": "2",
        "m_ush6KeyNormal": "5",
        "m_ush6KeyHard": "6",
        "m_iPrice": "0",
        "m_szNoteNumber": "453,828,1505,453,828,1509,453,828,1509",
        "m_szProductID": null,
        "m_iVipFlag": "0",
        "m_bIsHide": "0x0",
        "m_bIsReward": "0x1",
        "m_bIsLevelReward": "0x0"
    },
    {
        "@version": "1",
        "m_ushSongID": "4",
        "m_iVersion": "0",
        "m_szSongName": "Galactic System",
        "m_szPath": "galacticsystem",
        "m_szArtist": "PLUTO",
        "m_szComposer": null,
        "m_szSongTime": "0.117361",
        "m_iGameTime": "169",
        "m_iRegion": "3",
        "m_iStyle": "1",
        "m_ucIsNew": "0",
        "m_ucIsHot": "0",
        "m_ucIsRecommend": "0",
        "m_szBPM": "135",
        "m_ucIsOpen": "1",
        "m_ucCanBuy": "0x0",
        "m_iOrderIndex": "0",
        "m_bIsFree": "0x1",
        "m_bSongPkg": "0x0",
        "m_szFreeBeginTime": null,
        "m_szFreeEndTime": null,
        "m_ush4KeyEasy": "2",
        "m_ush4KeyNormal": "5",
        "m_ush4KeyHard": "6",
        "m_ush5KeyEasy": "2",
        "m_ush5KeyNormal": "5",
        "m_ush5KeyHard": "6",
        "m_ush6KeyEasy": "2",
        "m_ush6KeyNormal": "5",
        "m_ush6KeyHard": "6",
        "m_iPrice": "0",
        "m_szNoteNumber": "453,828,1505,453,828,1509,453,828,1509",
        "m_szProductID": null,
        "m_iVipFlag": "0",
        "m_bIsHide": "0x0",
        "m_bIsReward": "0x1",
        "m_bIsLevelReward": "0x0"
    },
    {
        "@version": "1",
        "m_ushSongID": "5",
        "m_iVersion": "0",
        "m_szSongName": "Lotus",
        "m_szPath": "lotus",
        "m_szArtist": "Sphazer",
        "m_szComposer": null,
        "m_szSongTime": "0.117361",
        "m_iGameTime": "169",
        "m_iRegion": "3",
        "m_iStyle": "1",
        "m_ucIsNew": "0",
        "m_ucIsHot": "0",
        "m_ucIsRecommend": "0",
        "m_szBPM": "135",
        "m_ucIsOpen": "1",
        "m_ucCanBuy": "0x0",
        "m_iOrderIndex": "0",
        "m_bIsFree": "0x1",
        "m_bSongPkg": "0x0",
        "m_szFreeBeginTime": null,
        "m_szFreeEndTime": null,
        "m_ush4KeyEasy": "2",
        "m_ush4KeyNormal": "5",
        "m_ush4KeyHard": "6",
        "m_ush5KeyEasy": "2",
        "m_ush5KeyNormal": "5",
        "m_ush5KeyHard": "6",
        "m_ush6KeyEasy": "2",
        "m_ush6KeyNormal": "5",
        "m_ush6KeyHard": "6",
        "m_iPrice": "0",
        "m_szNoteNumber": "453,828,1505,453,828,1509,453,828,1509",
        "m_szProductID": null,
        "m_iVipFlag": "0",
        "m_bIsHide": "0x0",
        "m_bIsReward": "0x1",
        "m_bIsLevelReward": "0x0"
    },
    {
        "@version": "1",
        "m_ushSongID": "6",
        "m_iVersion": "0",
        "m_szSongName": "Magnetism",
        "m_szPath": "magnetism",
        "m_szArtist": "ReX",
        "m_szComposer": null,
        "m_szSongTime": "0.117361",
        "m_iGameTime": "169",
        "m_iRegion": "3",
        "m_iStyle": "1",
        "m_ucIsNew": "0",
        "m_ucIsHot": "0",
        "m_ucIsRecommend": "0",
        "m_szBPM": "135",
        "m_ucIsOpen": "1",
        "m_ucCanBuy": "0x0",
        "m_iOrderIndex": "0",
        "m_bIsFree": "0x1",
        "m_bSongPkg": "0x0",
        "m_szFreeBeginTime": null,
        "m_szFreeEndTime": null,
        "m_ush4KeyEasy": "2",
        "m_ush4KeyNormal": "5",
        "m_ush4KeyHard": "6",
        "m_ush5KeyEasy": "2",
        "m_ush5KeyNormal": "5",
        "m_ush5KeyHard": "6",
        "m_ush6KeyEasy": "2",
        "m_ush6KeyNormal": "5",
        "m_ush6KeyHard": "6",
        "m_iPrice": "0",
        "m_szNoteNumber": "453,828,1505,453,828,1509,453,828,1509",
        "m_szProductID": null,
        "m_iVipFlag": "0",
        "m_bIsHide": "0x0",
        "m_bIsReward": "0x1",
        "m_bIsLevelReward": "0x0"
    },
    {
        "@version": "1",
        "m_ushSongID": "7",
        "m_iVersion": "0",
        "m_szSongName": "Reminisce",
        "m_szPath": "reminisce",
        "m_szArtist": "M2U",
        "m_szComposer": null,
        "m_szSongTime": "0.117361",
        "m_iGameTime": "169",
        "m_iRegion": "3",
        "m_iStyle": "1",
        "m_ucIsNew": "0",
        "m_ucIsHot": "0",
        "m_ucIsRecommend": "0",
        "m_szBPM": "135",
        "m_ucIsOpen": "1",
        "m_ucCanBuy": "0x0",
        "m_iOrderIndex": "0",
        "m_bIsFree": "0x1",
        "m_bSongPkg": "0x0",
        "m_szFreeBeginTime": null,
        "m_szFreeEndTime": null,
        "m_ush4KeyEasy": "2",
        "m_ush4KeyNormal": "5",
        "m_ush4KeyHard": "6",
        "m_ush5KeyEasy": "2",
        "m_ush5KeyNormal": "5",
        "m_ush5KeyHard": "6",
        "m_ush6KeyEasy": "2",
        "m_ush6KeyNormal": "5",
        "m_ush6KeyHard": "6",
        "m_iPrice": "0",
        "m_szNoteNumber": "453,828,1505,453,828,1509,453,828,1509",
        "m_szProductID": null,
        "m_iVipFlag": "0",
        "m_bIsHide": "0x0",
        "m_bIsReward": "0x1",
        "m_bIsLevelReward": "0x0"
    },
    {
        "@version": "1",
        "m_ushSongID": "8",
        "m_iVersion": "0",
        "m_szSongName": "VICTORIOSO",
        "m_szPath": "victorioso",
        "m_szArtist": "M2U",
        "m_szComposer": null,
        "m_szSongTime": "0.117361",
        "m_iGameTime": "169",
        "m_iRegion": "3",
        "m_iStyle": "1",
        "m_ucIsNew": "0",
        "m_ucIsHot": "0",
        "m_ucIsRecommend": "0",
        "m_szBPM": "135",
        "m_ucIsOpen": "1",
        "m_ucCanBuy": "0x0",
        "m_iOrderIndex": "0",
        "m_bIsFree": "0x1",
        "m_bSongPkg": "0x0",
        "m_szFreeBeginTime": null,
        "m_szFreeEndTime": null,
        "m_ush4KeyEasy": "2",
        "m_ush4KeyNormal": "5",
        "m_ush4KeyHard": "6",
        "m_ush5KeyEasy": "2",
        "m_ush5KeyNormal": "5",
        "m_ush5KeyHard": "6",
        "m_ush6KeyEasy": "2",
        "m_ush6KeyNormal": "5",
        "m_ush6KeyHard": "6",
        "m_iPrice": "0",
        "m_szNoteNumber": "453,828,1505,453,828,1509,453,828,1509",
        "m_szProductID": null,
        "m_iVipFlag": "0",
        "m_bIsHide": "0x0",
        "m_bIsReward": "0x1",
        "m_bIsLevelReward": "0x0"
    },
    {
        "@version": "1",
        "m_ushSongID": "9",
        "m_iVersion": "0",
        "m_szSongName": "SO GALBI",
        "m_szPath": "sogalbi",
        "m_szArtist": "ampstyle",
        "m_szComposer": null,
        "m_szSongTime": "0.117361",
        "m_iGameTime": "169",
        "m_iRegion": "3",
        "m_iStyle": "1",
        "m_ucIsNew": "0",
        "m_ucIsHot": "0",
        "m_ucIsRecommend": "0",
        "m_szBPM": "135",
        "m_ucIsOpen": "1",
        "m_ucCanBuy": "0x0",
        "m_iOrderIndex": "0",
        "m_bIsFree": "0x1",
        "m_bSongPkg": "0x0",
        "m_szFreeBeginTime": null,
        "m_szFreeEndTime": null,
        "m_ush4KeyEasy": "2",
        "m_ush4KeyNormal": "5",
        "m_ush4KeyHard": "6",
        "m_ush5KeyEasy": "2",
        "m_ush5KeyNormal": "5",
        "m_ush5KeyHard": "6",
        "m_ush6KeyEasy": "2",
        "m_ush6KeyNormal": "5",
        "m_ush6KeyHard": "6",
        "m_iPrice": "0",
        "m_szNoteNumber": "453,828,1505,453,828,1509,453,828,1509",
        "m_szProductID": null,
        "m_iVipFlag": "0",
        "m_bIsHide": "0x0",
        "m_bIsReward": "0x1",
        "m_bIsLevelReward": "0x0"
    },
    {
        "@version": "1",
        "m_ushSongID": "10",
        "m_iVersion": "0",
        "m_szSongName": "Hatey Dovey (feat. Guriri)",
        "m_szPath": "hateydovey",
        "m_szArtist": "ampstyle",
        "m_szComposer": null,
        "m_szSongTime": "0.117361",
        "m_iGameTime": "169",
        "m_iRegion": "3",
        "m_iStyle": "1",
        "m_ucIsNew": "0",
        "m_ucIsHot": "0",
        "m_ucIsRecommend": "0",
        "m_szBPM": "135",
        "m_ucIsOpen": "1",
        "m_ucCanBuy": "0x0",
        "m_iOrderIndex": "0",
        "m_bIsFree": "0x1",
        "m_bSongPkg": "0x0",
        "m_szFreeBeginTime": null,
        "m_szFreeEndTime": null,
        "m_ush4KeyEasy": "2",
        "m_ush4KeyNormal": "5",
        "m_ush4KeyHard": "6",
        "m_ush5KeyEasy": "2",
        "m_ush5KeyNormal": "5",
        "m_ush5KeyHard": "6",
        "m_ush6KeyEasy": "2",
        "m_ush6KeyNormal": "5",
        "m_ush6KeyHard": "6",
        "m_iPrice": "0",
        "m_szNoteNumber": "453,828,1505,453,828,1509,453,828,1509",
        "m_szProductID": null,
        "m_iVipFlag": "0",
        "m_bIsHide": "0x0",
        "m_bIsReward": "0x1",
        "m_bIsLevelReward": "0x0"
    },
    {
        "@version": "1",
        "m_ushSongID": "11",
        "m_iVersion": "0",
        "m_szSongName": "夢色花火 (feat. Guriri)",
        "m_szPath": "yumeirohanabi",
        "m_szArtist": "NICODE",
        "m_szComposer": null,
        "m_szSongTime": "0.117361",
        "m_iGameTime": "169",
        "m_iRegion": "3",
        "m_iStyle": "1",
        "m_ucIsNew": "0",
        "m_ucIsHot": "0",
        "m_ucIsRecommend": "0",
        "m_szBPM": "135",
        "m_ucIsOpen": "1",
        "m_ucCanBuy": "0x0",
        "m_iOrderIndex": "0",
        "m_bIsFree": "0x1",
        "m_bSongPkg": "0x0",
        "m_szFreeBeginTime": null,
        "m_szFreeEndTime": null,
        "m_ush4KeyEasy": "2",
        "m_ush4KeyNormal": "5",
        "m_ush4KeyHard": "6",
        "m_ush5KeyEasy": "2",
        "m_ush5KeyNormal": "5",
        "m_ush5KeyHard": "6",
        "m_ush6KeyEasy": "2",
        "m_ush6KeyNormal": "5",
        "m_ush6KeyHard": "6",
        "m_iPrice": "0",
        "m_szNoteNumber": "453,828,1505,453,828,1509,453,828,1509",
        "m_szProductID": null,
        "m_iVipFlag": "0",
        "m_bIsHide": "0x0",
        "m_bIsReward": "0x1",
        "m_bIsLevelReward": "0x0"
    },
    {
        "@version": "1",
        "m_ushSongID": "12",
        "m_iVersion": "0",
        "m_szSongName": "EnMusubi (feat. Narae)",
        "m_szPath": "enmusubi",
        "m_szArtist": "NICODE",
        "m_szComposer": null,
        "m_szSongTime": "0.117361",
        "m_iGameTime": "169",
        "m_iRegion": "3",
        "m_iStyle": "1",
        "m_ucIsNew": "0",
        "m_ucIsHot": "0",
        "m_ucIsRecommend": "0",
        "m_szBPM": "135",
        "m_ucIsOpen": "1",
        "m_ucCanBuy": "0x0",
        "m_iOrderIndex": "0",
        "m_bIsFree": "0x1",
        "m_bSongPkg": "0x0",
        "m_szFreeBeginTime": null,
        "m_szFreeEndTime": null,
        "m_ush4KeyEasy": "2",
        "m_ush4KeyNormal": "5",
        "m_ush4KeyHard": "6",
        "m_ush5KeyEasy": "2",
        "m_ush5KeyNormal": "5",
        "m_ush5KeyHard": "6",
        "m_ush6KeyEasy": "2",
        "m_ush6KeyNormal": "5",
        "m_ush6KeyHard": "6",
        "m_iPrice": "0",
        "m_szNoteNumber": "453,828,1505,453,828,1509,453,828,1509",
        "m_szProductID": null,
        "m_iVipFlag": "0",
        "m_bIsHide": "0x0",
        "m_bIsReward": "0x1",
        "m_bIsLevelReward": "0x0"
    },
    {
        "@version": "1",
        "m_ushSongID": "13",
        "m_iVersion": "0",
        "m_szSongName": "Rabbit on the Tree",
        "m_szPath": "rabbitonthetree",
        "m_szArtist": "SQUAR",
        "m_szComposer": null,
        "m_szSongTime": "0.117361",
        "m_iGameTime": "169",
        "m_iRegion": "3",
        "m_iStyle": "1",
        "m_ucIsNew": "0",
        "m_ucIsHot": "0",
        "m_ucIsRecommend": "0",
        "m_szBPM": "135",
        "m_ucIsOpen": "1",
        "m_ucCanBuy": "0x0",
        "m_iOrderIndex": "0",
        "m_bIsFree": "0x1",
        "m_bSongPkg": "0x0",
        "m_szFreeBeginTime": null,
        "m_szFreeEndTime": null,
        "m_ush4KeyEasy": "2",
        "m_ush4KeyNormal": "5",
        "m_ush4KeyHard": "6",
        "m_ush5KeyEasy": "2",
        "m_ush5KeyNormal": "5",
        "m_ush5KeyHard": "6",
        "m_ush6KeyEasy": "2",
        "m_ush6KeyNormal": "5",
        "m_ush6KeyHard": "6",
        "m_iPrice": "0",
        "m_szNoteNumber": "453,828,1505,453,828,1509,453,828,1509",
        "m_szProductID": null,
        "m_iVipFlag": "0",
        "m_bIsHide": "0x0",
        "m_bIsReward": "0x1",
        "m_bIsLevelReward": "0x0"
    },
    {
        "@version": "1",
        "m_ushSongID": "14",
        "m_iVersion": "0",
        "m_szSongName": "Tree in the Garden",
        "m_szPath": "treeinthegarden",
        "m_szArtist": "B@kamin",
        "m_szComposer": null,
        "m_szSongTime": "0.117361",
        "m_iGameTime": "169",
        "m_iRegion": "3",
        "m_iStyle": "1",
        "m_ucIsNew": "0",
        "m_ucIsHot": "0",
        "m_ucIsRecommend": "0",
        "m_szBPM": "135",
        "m_ucIsOpen": "1",
        "m_ucCanBuy": "0x0",
        "m_iOrderIndex": "0",
        "m_bIsFree": "0x1",
        "m_bSongPkg": "0x0",
        "m_szFreeBeginTime": null,
        "m_szFreeEndTime": null,
        "m_ush4KeyEasy": "2",
        "m_ush4KeyNormal": "5",
        "m_ush4KeyHard": "6",
        "m_ush5KeyEasy": "2",
        "m_ush5KeyNormal": "5",
        "m_ush5KeyHard": "6",
        "m_ush6KeyEasy": "2",
        "m_ush6KeyNormal": "5",
        "m_ush6KeyHard": "6",
        "m_iPrice": "0",
        "m_szNoteNumber": "453,828,1505,453,828,1509,453,828,1509",
        "m_szProductID": null,
        "m_iVipFlag": "0",
        "m_bIsHide": "0x0",
        "m_bIsReward": "0x1",
        "m_bIsLevelReward": "0x0"
    },
    {
        "@version": "1",
        "m_ushSongID": "15",
        "m_iVersion": "0",
        "m_szSongName": "Activation",
        "m_szPath": "activation",
        "m_szArtist": "Memme x M2U",
        "m_szComposer": null,
        "m_szSongTime": "0.117361",
        "m_iGameTime": "169",
        "m_iRegion": "3",
        "m_iStyle": "1",
        "m_ucIsNew": "0",
        "m_ucIsHot": "0",
        "m_ucIsRecommend": "0",
        "m_szBPM": "135",
        "m_ucIsOpen": "1",
        "m_ucCanBuy": "0x0",
        "m_iOrderIndex": "0",
        "m_bIsFree": "0x1",
        "m_bSongPkg": "0x0",
        "m_szFreeBeginTime": null,
        "m_szFreeEndTime": null,
        "m_ush4KeyEasy": "2",
        "m_ush4KeyNormal": "5",
        "m_ush4KeyHard": "6",
        "m_ush5KeyEasy": "2",
        "m_ush5KeyNormal": "5",
        "m_ush5KeyHard": "6",
        "m_ush6KeyEasy": "2",
        "m_ush6KeyNormal": "5",
        "m_ush6KeyHard": "6",
        "m_iPrice": "0",
        "m_szNoteNumber": "453,828,1505,453,828,1509,453,828,1509",
        "m_szProductID": null,
        "m_iVipFlag": "0",
        "m_bIsHide": "0x0",
        "m_bIsReward": "0x1",
        "m_bIsLevelReward": "0x0"
    },
    {
        "@version": "1",
        "m_ushSongID": "16",
        "m_iVersion": "0",
        "m_szSongName": "Azelea",
        "m_szPath": "azelea",
        "m_szArtist": "Memme x M2U",
        "m_szComposer": null,
        "m_szSongTime": "0.117361",
        "m_iGameTime": "169",
        "m_iRegion": "3",
        "m_iStyle": "1",
        "m_ucIsNew": "0",
        "m_ucIsHot": "0",
        "m_ucIsRecommend": "0",
        "m_szBPM": "135",
        "m_ucIsOpen": "1",
        "m_ucCanBuy": "0x0",
        "m_iOrderIndex": "0",
        "m_bIsFree": "0x1",
        "m_bSongPkg": "0x0",
        "m_szFreeBeginTime": null,
        "m_szFreeEndTime": null,
        "m_ush4KeyEasy": "2",
        "m_ush4KeyNormal": "5",
        "m_ush4KeyHard": "6",
        "m_ush5KeyEasy": "2",
        "m_ush5KeyNormal": "5",
        "m_ush5KeyHard": "6",
        "m_ush6KeyEasy": "2",
        "m_ush6KeyNormal": "5",
        "m_ush6KeyHard": "6",
        "m_iPrice": "0",
        "m_szNoteNumber": "453,828,1505,453,828,1509,453,828,1509",
        "m_szProductID": null,
        "m_iVipFlag": "0",
        "m_bIsHide": "0x0",
        "m_bIsReward": "0x1",
        "m_bIsLevelReward": "0x0"
    },
    {
        "@version": "1",
        "m_ushSongID": "17",
        "m_iVersion": "0",
        "m_szSongName": "Satellite",
        "m_szPath": "satellite",
        "m_szArtist": "Memme",
        "m_szComposer": null,
        "m_szSongTime": "0.117361",
        "m_iGameTime": "169",
        "m_iRegion": "3",
        "m_iStyle": "1",
        "m_ucIsNew": "0",
        "m_ucIsHot": "0",
        "m_ucIsRecommend": "0",
        "m_szBPM": "135",
        "m_ucIsOpen": "1",
        "m_ucCanBuy": "0x0",
        "m_iOrderIndex": "0",
        "m_bIsFree": "0x1",
        "m_bSongPkg": "0x0",
        "m_szFreeBeginTime": null,
        "m_szFreeEndTime": null,
        "m_ush4KeyEasy": "2",
        "m_ush4KeyNormal": "5",
        "m_ush4KeyHard": "6",
        "m_ush5KeyEasy": "2",
        "m_ush5KeyNormal": "5",
        "m_ush5KeyHard": "6",
        "m_ush6KeyEasy": "2",
        "m_ush6KeyNormal": "5",
        "m_ush6KeyHard": "6",
        "m_iPrice": "0",
        "m_szNoteNumber": "453,828,1505,453,828,1509,453,828,1509",
        "m_szProductID": null,
        "m_iVipFlag": "0",
        "m_bIsHide": "0x0",
        "m_bIsReward": "0x1",
        "m_bIsLevelReward": "0x0"
    },
    {
        "@version": "1",
        "m_ushSongID": "18",
        "m_iVersion": "0",
        "m_szSongName": "Turkish Angora",
        "m_szPath": "turkishangora",
        "m_szArtist": "Memme",
        "m_szComposer": null,
        "m_szSongTime": "0.117361",
        "m_iGameTime": "169",
        "m_iRegion": "3",
        "m_iStyle": "1",
        "m_ucIsNew": "0",
        "m_ucIsHot": "0",
        "m_ucIsRecommend": "0",
        "m_szBPM": "135",
        "m_ucIsOpen": "1",
        "m_ucCanBuy": "0x0",
        "m_iOrderIndex": "0",
        "m_bIsFree": "0x1",
        "m_bSongPkg": "0x0",
        "m_szFreeBeginTime": null,
        "m_szFreeEndTime": null,
        "m_ush4KeyEasy": "2",
        "m_ush4KeyNormal": "5",
        "m_ush4KeyHard": "6",
        "m_ush5KeyEasy": "2",
        "m_ush5KeyNormal": "5",
        "m_ush5KeyHard": "6",
        "m_ush6KeyEasy": "2",
        "m_ush6KeyNormal": "5",
        "m_ush6KeyHard": "6",
        "m_iPrice": "0",
        "m_szNoteNumber": "453,828,1505,453,828,1509,453,828,1509",
        "m_szProductID": null,
        "m_iVipFlag": "0",
        "m_bIsHide": "0x0",
        "m_bIsReward": "0x1",
        "m_bIsLevelReward": "0x0"
    },
    {
        "@version": "1",
        "m_ushSongID": "19",
        "m_iVersion": "0",
        "m_szSongName": "小籠包",
        "m_szPath": "xiaolongbao",
        "m_szArtist": "Memme",
        "m_szComposer": null,
        "m_szSongTime": "0.117361",
        "m_iGameTime": "169",
        "m_iRegion": "3",
        "m_iStyle": "1",
        "m_ucIsNew": "0",
        "m_ucIsHot": "0",
        "m_ucIsRecommend": "0",
        "m_szBPM": "135",
        "m_ucIsOpen": "1",
        "m_ucCanBuy": "0x0",
        "m_iOrderIndex": "0",
        "m_bIsFree": "0x1",
        "m_bSongPkg": "0x0",
        "m_szFreeBeginTime": null,
        "m_szFreeEndTime": null,
        "m_ush4KeyEasy": "2",
        "m_ush4KeyNormal": "5",
        "m_ush4KeyHard": "6",
        "m_ush5KeyEasy": "2",
        "m_ush5KeyNormal": "5",
        "m_ush5KeyHard": "6",
        "m_ush6KeyEasy": "2",
        "m_ush6KeyNormal": "5",
        "m_ush6KeyHard": "6",
        "m_iPrice": "0",
        "m_szNoteNumber": "453,828,1505,453,828,1509,453,828,1509",
        "m_szProductID": null,
        "m_iVipFlag": "0",
        "m_bIsHide": "0x0",
        "m_bIsReward": "0x1",
        "m_bIsLevelReward": "0x0"
    },
    {
        "@version": "1",
        "m_ushSongID": "20",
        "m_iVersion": "0",
        "m_szSongName": "Queen of the East",
        "m_szPath": "queenoftheeast",
        "m_szArtist": "NICODE x M2U",
        "m_szComposer": null,
        "m_szSongTime": "0.117361",
        "m_iGameTime": "169",
        "m_iRegion": "3",
        "m_iStyle": "1",
        "m_ucIsNew": "0",
        "m_ucIsHot": "0",
        "m_ucIsRecommend": "0",
        "m_szBPM": "135",
        "m_ucIsOpen": "1",
        "m_ucCanBuy": "0x0",
        "m_iOrderIndex": "0",
        "m_bIsFree": "0x1",
        "m_bSongPkg": "0x0",
        "m_szFreeBeginTime": null,
        "m_szFreeEndTime": null,
        "m_ush4KeyEasy": "2",
        "m_ush4KeyNormal": "5",
        "m_ush4KeyHard": "6",
        "m_ush5KeyEasy": "2",
        "m_ush5KeyNormal": "5",
        "m_ush5KeyHard": "6",
        "m_ush6KeyEasy": "2",
        "m_ush6KeyNormal": "5",
        "m_ush6KeyHard": "6",
        "m_iPrice": "0",
        "m_szNoteNumber": "453,828,1505,453,828,1509,453,828,1509",
        "m_szProductID": null,
        "m_iVipFlag": "0",
        "m_bIsHide": "0x0",
        "m_bIsReward": "0x1",
        "m_bIsLevelReward": "0x0"
    },
    {
        "@version": "1",
        "m_ushSongID": "21",
        "m_iVersion": "0",
        "m_szSongName": "Featured Number",
        "m_szPath": "featurednumber",
        "m_szArtist": "ampstyle",
        "m_szComposer": null,
        "m_szSongTime": "0.117361",
        "m_iGameTime": "169",
        "m_iRegion": "3",
        "m_iStyle": "1",
        "m_ucIsNew": "0",
        "m_ucIsHot": "0",
        "m_ucIsRecommend": "0",
        "m_szBPM": "135",
        "m_ucIsOpen": "1",
        "m_ucCanBuy": "0x0",
        "m_iOrderIndex": "0",
        "m_bIsFree": "0x1",
        "m_bSongPkg": "0x0",
        "m_szFreeBeginTime": null,
        "m_szFreeEndTime": null,
        "m_ush4KeyEasy": "2",
        "m_ush4KeyNormal": "5",
        "m_ush4KeyHard": "6",
        "m_ush5KeyEasy": "2",
        "m_ush5KeyNormal": "5",
        "m_ush5KeyHard": "6",
        "m_ush6KeyEasy": "2",
        "m_ush6KeyNormal": "5",
        "m_ush6KeyHard": "6",
        "m_iPrice": "0",
        "m_szNoteNumber": "453,828,1505,453,828,1509,453,828,1509",
        "m_szProductID": null,
        "m_iVipFlag": "0",
        "m_bIsHide": "0x0",
        "m_bIsReward": "0x1",
        "m_bIsLevelReward": "0x0"
    },
    {
        "@version": "1",
        "m_ushSongID": "22",
        "m_iVersion": "0",
        "m_szSongName": "Secret Magic (feat. Narae)",
        "m_szPath": "secretmagic",
        "m_szArtist": "EunoH",
        "m_szComposer": null,
        "m_szSongTime": "0.117361",
        "m_iGameTime": "169",
        "m_iRegion": "3",
        "m_iStyle": "1",
        "m_ucIsNew": "0",
        "m_ucIsHot": "0",
        "m_ucIsRecommend": "0",
        "m_szBPM": "135",
        "m_ucIsOpen": "1",
        "m_ucCanBuy": "0x0",
        "m_iOrderIndex": "0",
        "m_bIsFree": "0x1",
        "m_bSongPkg": "0x0",
        "m_szFreeBeginTime": null,
        "m_szFreeEndTime": null,
        "m_ush4KeyEasy": "2",
        "m_ush4KeyNormal": "5",
        "m_ush4KeyHard": "6",
        "m_ush5KeyEasy": "2",
        "m_ush5KeyNormal": "5",
        "m_ush5KeyHard": "6",
        "m_ush6KeyEasy": "2",
        "m_ush6KeyNormal": "5",
        "m_ush6KeyHard": "6",
        "m_iPrice": "0",
        "m_szNoteNumber": "453,828,1505,453,828,1509,453,828,1509",
        "m_szProductID": null,
        "m_iVipFlag": "0",
        "m_bIsHide": "0x0",
        "m_bIsReward": "0x1",
        "m_bIsLevelReward": "0x0"
    },
    {
        "@version": "1",
        "m_ushSongID": "23",
        "m_iVersion": "0",
        "m_szSongName": "Flash Dance",
        "m_szPath": "yamete",
        "m_szArtist": "SQUAR x BLIND",
        "m_szComposer": null,
        "m_szSongTime": "0.117361",
        "m_iGameTime": "169",
        "m_iRegion": "3",
        "m_iStyle": "1",
        "m_ucIsNew": "0",
        "m_ucIsHot": "0",
        "m_ucIsRecommend": "0",
        "m_szBPM": "135",
        "m_ucIsOpen": "1",
        "m_ucCanBuy": "0x0",
        "m_iOrderIndex": "0",
        "m_bIsFree": "0x1",
        "m_bSongPkg": "0x0",
        "m_szFreeBeginTime": null,
        "m_szFreeEndTime": null,
        "m_ush4KeyEasy": "2",
        "m_ush4KeyNormal": "5",
        "m_ush4KeyHard": "6",
        "m_ush5KeyEasy": "2",
        "m_ush5KeyNormal": "5",
        "m_ush5KeyHard": "6",
        "m_ush6KeyEasy": "2",
        "m_ush6KeyNormal": "5",
        "m_ush6KeyHard": "6",
        "m_iPrice": "0",
        "m_szNoteNumber": "453,828,1505,453,828,1509,453,828,1509",
        "m_szProductID": null,
        "m_iVipFlag": "0",
        "m_bIsHide": "0x0",
        "m_bIsReward": "0x1",
        "m_bIsLevelReward": "0x0"
    },
    {
        "@version": "1",
        "m_ushSongID": "24",
        "m_iVersion": "0",
        "m_szSongName": "貂蟬戲水",
        "m_szPath": "diaochanxishui",
        "m_szArtist": "Memme",
        "m_szComposer": null,
        "m_szSongTime": "0.117361",
        "m_iGameTime": "169",
        "m_iRegion": "3",
        "m_iStyle": "1",
        "m_ucIsNew": "0",
        "m_ucIsHot": "0",
        "m_ucIsRecommend": "0",
        "m_szBPM": "135",
        "m_ucIsOpen": "1",
        "m_ucCanBuy": "0x0",
        "m_iOrderIndex": "0",
        "m_bIsFree": "0x1",
        "m_bSongPkg": "0x0",
        "m_szFreeBeginTime": null,
        "m_szFreeEndTime": null,
        "m_ush4KeyEasy": "2",
        "m_ush4KeyNormal": "5",
        "m_ush4KeyHard": "6",
        "m_ush5KeyEasy": "2",
        "m_ush5KeyNormal": "5",
        "m_ush5KeyHard": "6",
        "m_ush6KeyEasy": "2",
        "m_ush6KeyNormal": "5",
        "m_ush6KeyHard": "6",
        "m_iPrice": "0",
        "m_szNoteNumber": "453,828,1505,453,828,1509,453,828,1509",
        "m_szProductID": null,
        "m_iVipFlag": "0",
        "m_bIsHide": "0x0",
        "m_bIsReward": "0x1",
        "m_bIsLevelReward": "0x0"
    },
    {
        "@version": "1",
        "m_ushSongID": "25",
        "m_iVersion": "0",
        "m_szSongName": "Look WIP",
        "m_szPath": "lookwip",
        "m_szArtist": "SQUAR",
        "m_szComposer": null,
        "m_szSongTime": "0.117361",
        "m_iGameTime": "169",
        "m_iRegion": "3",
        "m_iStyle": "1",
        "m_ucIsNew": "0",
        "m_ucIsHot": "0",
        "m_ucIsRecommend": "0",
        "m_szBPM": "135",
        "m_ucIsOpen": "1",
        "m_ucCanBuy": "0x0",
        "m_iOrderIndex": "0",
        "m_bIsFree": "0x1",
        "m_bSongPkg": "0x0",
        "m_szFreeBeginTime": null,
        "m_szFreeEndTime": null,
        "m_ush4KeyEasy": "2",
        "m_ush4KeyNormal": "5",
        "m_ush4KeyHard": "6",
        "m_ush5KeyEasy": "2",
        "m_ush5KeyNormal": "5",
        "m_ush5KeyHard": "6",
        "m_ush6KeyEasy": "2",
        "m_ush6KeyNormal": "5",
        "m_ush6KeyHard": "6",
        "m_iPrice": "0",
        "m_szNoteNumber": "453,828,1505,453,828,1509,453,828,1509",
        "m_szProductID": null,
        "m_iVipFlag": "0",
        "m_bIsHide": "0x0",
        "m_bIsReward": "0x1",
        "m_bIsLevelReward": "0x0"
    },
    {
        "@version": "1",
        "m_ushSongID": "26",
        "m_iVersion": "0",
        "m_szSongName": "Bongsan Talchum",
        "m_szPath": "fengshandance",
        "m_szArtist": "SQUAR x BLIND",
        "m_szComposer": null,
        "m_szSongTime": "0.117361",
        "m_iGameTime": "169",
        "m_iRegion": "3",
        "m_iStyle": "1",
        "m_ucIsNew": "0",
        "m_ucIsHot": "0",
        "m_ucIsRecommend": "0",
        "m_szBPM": "135",
        "m_ucIsOpen": "1",
        "m_ucCanBuy": "0x0",
        "m_iOrderIndex": "0",
        "m_bIsFree": "0x1",
        "m_bSongPkg": "0x0",
        "m_szFreeBeginTime": null,
        "m_szFreeEndTime": null,
        "m_ush4KeyEasy": "2",
        "m_ush4KeyNormal": "5",
        "m_ush4KeyHard": "6",
        "m_ush5KeyEasy": "2",
        "m_ush5KeyNormal": "5",
        "m_ush5KeyHard": "6",
        "m_ush6KeyEasy": "2",
        "m_ush6KeyNormal": "5",
        "m_ush6KeyHard": "6",
        "m_iPrice": "0",
        "m_szNoteNumber": "453,828,1505,453,828,1509,453,828,1509",
        "m_szProductID": null,
        "m_iVipFlag": "0",
        "m_bIsHide": "0x0",
        "m_bIsReward": "0x1",
        "m_bIsLevelReward": "0x0"
    },
    {
        "@version": "1",
        "m_ushSongID": "27",
        "m_iVersion": "0",
        "m_szSongName": "Eastern Garden",
        "m_szPath": "easterngarden",
        "m_szArtist": "Memme",
        "m_szComposer": null,
        "m_szSongTime": "0.117361",
        "m_iGameTime": "169",
        "m_iRegion": "3",
        "m_iStyle": "1",
        "m_ucIsNew": "0",
        "m_ucIsHot": "0",
        "m_ucIsRecommend": "0",
        "m_szBPM": "135",
        "m_ucIsOpen": "1",
        "m_ucCanBuy": "0x0",
        "m_iOrderIndex": "0",
        "m_bIsFree": "0x1",
        "m_bSongPkg": "0x0",
        "m_szFreeBeginTime": null,
        "m_szFreeEndTime": null,
        "m_ush4KeyEasy": "2",
        "m_ush4KeyNormal": "5",
        "m_ush4KeyHard": "6",
        "m_ush5KeyEasy": "2",
        "m_ush5KeyNormal": "5",
        "m_ush5KeyHard": "6",
        "m_ush6KeyEasy": "2",
        "m_ush6KeyNormal": "5",
        "m_ush6KeyHard": "6",
        "m_iPrice": "0",
        "m_szNoteNumber": "453,828,1505,453,828,1509,453,828,1509",
        "m_szProductID": null,
        "m_iVipFlag": "0",
        "m_bIsHide": "0x0",
        "m_bIsReward": "0x1",
        "m_bIsLevelReward": "0x0"
    },
    {
        "@version": "1",
        "m_ushSongID": "28",
        "m_iVersion": "0",
        "m_szSongName": "MUJABI",
        "m_szPath": "mijabi",
        "m_szArtist": "MineCube",
        "m_szComposer": null,
        "m_szSongTime": "0.117361",
        "m_iGameTime": "169",
        "m_iRegion": "3",
        "m_iStyle": "1",
        "m_ucIsNew": "0",
        "m_ucIsHot": "0",
        "m_ucIsRecommend": "0",
        "m_szBPM": "135",
        "m_ucIsOpen": "1",
        "m_ucCanBuy": "0x0",
        "m_iOrderIndex": "0",
        "m_bIsFree": "0x1",
        "m_bSongPkg": "0x0",
        "m_szFreeBeginTime": null,
        "m_szFreeEndTime": null,
        "m_ush4KeyEasy": "2",
        "m_ush4KeyNormal": "5",
        "m_ush4KeyHard": "6",
        "m_ush5KeyEasy": "2",
        "m_ush5KeyNormal": "5",
        "m_ush5KeyHard": "6",
        "m_ush6KeyEasy": "2",
        "m_ush6KeyNormal": "5",
        "m_ush6KeyHard": "6",
        "m_iPrice": "0",
        "m_szNoteNumber": "453,828,1505,453,828,1509,453,828,1509",
        "m_szProductID": null,
        "m_iVipFlag": "0",
        "m_bIsHide": "0x0",
        "m_bIsReward": "0x1",
        "m_bIsLevelReward": "0x0"
    },
    {
        "@version": "1",
        "m_ushSongID": "29",
        "m_iVersion": "0",
        "m_szSongName": "HANABI",
        "m_szPath": "hanabi",
        "m_szArtist": "SQUAR",
        "m_szComposer": null,
        "m_szSongTime": "0.117361",
        "m_iGameTime": "169",
        "m_iRegion": "3",
        "m_iStyle": "1",
        "m_ucIsNew": "0",
        "m_ucIsHot": "0",
        "m_ucIsRecommend": "0",
        "m_szBPM": "135",
        "m_ucIsOpen": "1",
        "m_ucCanBuy": "0x0",
        "m_iOrderIndex": "0",
        "m_bIsFree": "0x1",
        "m_bSongPkg": "0x0",
        "m_szFreeBeginTime": null,
        "m_szFreeEndTime": null,
        "m_ush4KeyEasy": "2",
        "m_ush4KeyNormal": "5",
        "m_ush4KeyHard": "6",
        "m_ush5KeyEasy": "2",
        "m_ush5KeyNormal": "5",
        "m_ush5KeyHard": "6",
        "m_ush6KeyEasy": "2",
        "m_ush6KeyNormal": "5",
        "m_ush6KeyHard": "6",
        "m_iPrice": "0",
        "m_szNoteNumber": "453,828,1505,453,828,1509,453,828,1509",
        "m_szProductID": null,
        "m_iVipFlag": "0",
        "m_bIsHide": "0x0",
        "m_bIsReward": "0x1",
        "m_bIsLevelReward": "0x0"
    },
    {
        "@version": "1",
        "m_ushSongID": "30",
        "m_iVersion": "0",
        "m_szSongName": "Origami Dragon",
        "m_szPath": "origamidragon",
        "m_szArtist": "Memme",
        "m_szComposer": null,
        "m_szSongTime": "0.117361",
        "m_iGameTime": "169",
        "m_iRegion": "3",
        "m_iStyle": "1",
        "m_ucIsNew": "0",
        "m_ucIsHot": "0",
        "m_ucIsRecommend": "0",
        "m_szBPM": "135",
        "m_ucIsOpen": "1",
        "m_ucCanBuy": "0x0",
        "m_iOrderIndex": "0",
        "m_bIsFree": "0x1",
        "m_bSongPkg": "0x0",
        "m_szFreeBeginTime": null,
        "m_szFreeEndTime": null,
        "m_ush4KeyEasy": "2",
        "m_ush4KeyNormal": "5",
        "m_ush4KeyHard": "6",
        "m_ush5KeyEasy": "2",
        "m_ush5KeyNormal": "5",
        "m_ush5KeyHard": "6",
        "m_ush6KeyEasy": "2",
        "m_ush6KeyNormal": "5",
        "m_ush6KeyHard": "6",
        "m_iPrice": "0",
        "m_szNoteNumber": "453,828,1505,453,828,1509,453,828,1509",
        "m_szProductID": null,
        "m_iVipFlag": "0",
        "m_bIsHide": "0x0",
        "m_bIsReward": "0x1",
        "m_bIsLevelReward": "0x0"
    },
    {
        "@version": "1",
        "m_ushSongID": "31",
        "m_iVersion": "0",
        "m_szSongName": "Wasaby",
        "m_szPath": "wasaby",
        "m_szArtist": "MineCube x SQUAR",
        "m_szComposer": null,
        "m_szSongTime": "0.117361",
        "m_iGameTime": "169",
        "m_iRegion": "3",
        "m_iStyle": "1",
        "m_ucIsNew": "0",
        "m_ucIsHot": "0",
        "m_ucIsRecommend": "0",
        "m_szBPM": "135",
        "m_ucIsOpen": "1",
        "m_ucCanBuy": "0x0",
        "m_iOrderIndex": "0",
        "m_bIsFree": "0x1",
        "m_bSongPkg": "0x0",
        "m_szFreeBeginTime": null,
        "m_szFreeEndTime": null,
        "m_ush4KeyEasy": "2",
        "m_ush4KeyNormal": "5",
        "m_ush4KeyHard": "6",
        "m_ush5KeyEasy": "2",
        "m_ush5KeyNormal": "5",
        "m_ush5KeyHard": "6",
        "m_ush6KeyEasy": "2",
        "m_ush6KeyNormal": "5",
        "m_ush6KeyHard": "6",
        "m_iPrice": "0",
        "m_szNoteNumber": "453,828,1505,453,828,1509,453,828,1509",
        "m_szProductID": null,
        "m_iVipFlag": "0",
        "m_bIsHide": "0x0",
        "m_bIsReward": "0x1",
        "m_bIsLevelReward": "0x0"
    },
    {
        "@version": "1",
        "m_ushSongID": "32",
        "m_iVersion": "0",
        "m_szSongName": "靜夜思",
        "m_szPath": "jingyesi",
        "m_szArtist": "Memme",
        "m_szComposer": null,
        "m_szSongTime": "0.117361",
        "m_iGameTime": "169",
        "m_iRegion": "3",
        "m_iStyle": "1",
        "m_ucIsNew": "0",
        "m_ucIsHot": "0",
        "m_ucIsRecommend": "0",
        "m_szBPM": "135",
        "m_ucIsOpen": "1",
        "m_ucCanBuy": "0x0",
        "m_iOrderIndex": "0",
        "m_bIsFree": "0x1",
        "m_bSongPkg": "0x0",
        "m_szFreeBeginTime": null,
        "m_szFreeEndTime": null,
        "m_ush4KeyEasy": "2",
        "m_ush4KeyNormal": "5",
        "m_ush4KeyHard": "6",
        "m_ush5KeyEasy": "2",
        "m_ush5KeyNormal": "5",
        "m_ush5KeyHard": "6",
        "m_ush6KeyEasy": "2",
        "m_ush6KeyNormal": "5",
        "m_ush6KeyHard": "6",
        "m_iPrice": "0",
        "m_szNoteNumber": "453,828,1505,453,828,1509,453,828,1509",
        "m_szProductID": null,
        "m_iVipFlag": "0",
        "m_bIsHide": "0x0",
        "m_bIsReward": "0x1",
        "m_bIsLevelReward": "0x0"
    },
    {
        "@version": "1",
        "m_ushSongID": "33",
        "m_iVersion": "0",
        "m_szSongName": "JarinGoby (feat.Philly Child)",
        "m_szPath": "jaringoby",
        "m_szArtist": "SQUAR x MineCube",
        "m_szComposer": null,
        "m_szSongTime": "0.117361",
        "m_iGameTime": "169",
        "m_iRegion": "3",
        "m_iStyle": "1",
        "m_ucIsNew": "0",
        "m_ucIsHot": "0",
        "m_ucIsRecommend": "0",
        "m_szBPM": "135",
        "m_ucIsOpen": "1",
        "m_ucCanBuy": "0x0",
        "m_iOrderIndex": "0",
        "m_bIsFree": "0x1",
        "m_bSongPkg": "0x0",
        "m_szFreeBeginTime": null,
        "m_szFreeEndTime": null,
        "m_ush4KeyEasy": "2",
        "m_ush4KeyNormal": "5",
        "m_ush4KeyHard": "6",
        "m_ush5KeyEasy": "2",
        "m_ush5KeyNormal": "5",
        "m_ush5KeyHard": "6",
        "m_ush6KeyEasy": "2",
        "m_ush6KeyNormal": "5",
        "m_ush6KeyHard": "6",
        "m_iPrice": "0",
        "m_szNoteNumber": "453,828,1505,453,828,1509,453,828,1509",
        "m_szProductID": null,
        "m_iVipFlag": "0",
        "m_bIsHide": "0x0",
        "m_bIsReward": "0x1",
        "m_bIsLevelReward": "0x0"
    },
    {
        "@version": "1",
        "m_ushSongID": "34",
        "m_iVersion": "0",
        "m_szSongName": "Love Bridge",
        "m_szPath": "acoustic",
        "m_szArtist": "Memme",
        "m_szComposer": null,
        "m_szSongTime": "0.117361",
        "m_iGameTime": "169",
        "m_iRegion": "3",
        "m_iStyle": "1",
        "m_ucIsNew": "0",
        "m_ucIsHot": "0",
        "m_ucIsRecommend": "0",
        "m_szBPM": "135",
        "m_ucIsOpen": "1",
        "m_ucCanBuy": "0x0",
        "m_iOrderIndex": "0",
        "m_bIsFree": "0x1",
        "m_bSongPkg": "0x0",
        "m_szFreeBeginTime": null,
        "m_szFreeEndTime": null,
        "m_ush4KeyEasy": "2",
        "m_ush4KeyNormal": "5",
        "m_ush4KeyHard": "6",
        "m_ush5KeyEasy": "2",
        "m_ush5KeyNormal": "5",
        "m_ush5KeyHard": "6",
        "m_ush6KeyEasy": "2",
        "m_ush6KeyNormal": "5",
        "m_ush6KeyHard": "6",
        "m_iPrice": "0",
        "m_szNoteNumber": "453,828,1505,453,828,1509,453,828,1509",
        "m_szProductID": null,
        "m_iVipFlag": "0",
        "m_bIsHide": "0x0",
        "m_bIsReward": "0x1",
        "m_bIsLevelReward": "0x0"
    },
    {
        "@version": "1",
        "m_ushSongID": "35",
        "m_iVersion": "0",
        "m_szSongName": "Modern Night",
        "m_szPath": "jazz",
        "m_szArtist": "NICODE",
        "m_szComposer": null,
        "m_szSongTime": "0.117361",
        "m_iGameTime": "169",
        "m_iRegion": "3",
        "m_iStyle": "1",
        "m_ucIsNew": "0",
        "m_ucIsHot": "0",
        "m_ucIsRecommend": "0",
        "m_szBPM": "135",
        "m_ucIsOpen": "1",
        "m_ucCanBuy": "0x0",
        "m_iOrderIndex": "0",
        "m_bIsFree": "0x1",
        "m_bSongPkg": "0x0",
        "m_szFreeBeginTime": null,
        "m_szFreeEndTime": null,
        "m_ush4KeyEasy": "2",
        "m_ush4KeyNormal": "5",
        "m_ush4KeyHard": "6",
        "m_ush5KeyEasy": "2",
        "m_ush5KeyNormal": "5",
        "m_ush5KeyHard": "6",
        "m_ush6KeyEasy": "2",
        "m_ush6KeyNormal": "5",
        "m_ush6KeyHard": "6",
        "m_iPrice": "0",
        "m_szNoteNumber": "453,828,1505,453,828,1509,453,828,1509",
        "m_szProductID": null,
        "m_iVipFlag": "0",
        "m_bIsHide": "0x0",
        "m_bIsReward": "0x1",
        "m_bIsLevelReward": "0x0"
    },
    {
        "@version": "1",
        "m_ushSongID": "36",
        "m_iVersion": "0",
        "m_szSongName": "MEGA HORUS",
        "m_szPath": "megahorus",
        "m_szArtist": "Paul Bazooka",
        "m_szComposer": null,
        "m_szSongTime": "0.117361",
        "m_iGameTime": "169",
        "m_iRegion": "3",
        "m_iStyle": "1",
        "m_ucIsNew": "0",
        "m_ucIsHot": "0",
        "m_ucIsRecommend": "0",
        "m_szBPM": "135",
        "m_ucIsOpen": "1",
        "m_ucCanBuy": "0x0",
        "m_iOrderIndex": "0",
        "m_bIsFree": "0x1",
        "m_bSongPkg": "0x0",
        "m_szFreeBeginTime": null,
        "m_szFreeEndTime": null,
        "m_ush4KeyEasy": "2",
        "m_ush4KeyNormal": "5",
        "m_ush4KeyHard": "6",
        "m_ush5KeyEasy": "2",
        "m_ush5KeyNormal": "5",
        "m_ush5KeyHard": "6",
        "m_ush6KeyEasy": "2",
        "m_ush6KeyNormal": "5",
        "m_ush6KeyHard": "6",
        "m_iPrice": "0",
        "m_szNoteNumber": "453,828,1505,453,828,1509,453,828,1509",
        "m_szProductID": null,
        "m_iVipFlag": "0",
        "m_bIsHide": "0x0",
        "m_bIsReward": "0x1",
        "m_bIsLevelReward": "0x0"
    },
    {
        "@version": "1",
        "m_ushSongID": "37",
        "m_iVersion": "0",
        "m_szSongName": "The NYX",
        "m_szPath": "thenyx",
        "m_szArtist": "Memme",
        "m_szComposer": null,
        "m_szSongTime": "0.117361",
        "m_iGameTime": "169",
        "m_iRegion": "3",
        "m_iStyle": "1",
        "m_ucIsNew": "0",
        "m_ucIsHot": "0",
        "m_ucIsRecommend": "0",
        "m_szBPM": "135",
        "m_ucIsOpen": "1",
        "m_ucCanBuy": "0x0",
        "m_iOrderIndex": "0",
        "m_bIsFree": "0x1",
        "m_bSongPkg": "0x0",
        "m_szFreeBeginTime": null,
        "m_szFreeEndTime": null,
        "m_ush4KeyEasy": "2",
        "m_ush4KeyNormal": "5",
        "m_ush4KeyHard": "6",
        "m_ush5KeyEasy": "2",
        "m_ush5KeyNormal": "5",
        "m_ush5KeyHard": "6",
        "m_ush6KeyEasy": "2",
        "m_ush6KeyNormal": "5",
        "m_ush6KeyHard": "6",
        "m_iPrice": "0",
        "m_szNoteNumber": "453,828,1505,453,828,1509,453,828,1509",
        "m_szProductID": null,
        "m_iVipFlag": "0",
        "m_bIsHide": "0x0",
        "m_bIsReward": "0x1",
        "m_bIsLevelReward": "0x0"
    },
    {
        "@version": "1",
        "m_ushSongID": "38",
        "m_iVersion": "0",
        "m_szSongName": "Excalibur",
        "m_szPath": "excalibur",
        "m_szArtist": "Memme",
        "m_szComposer": null,
        "m_szSongTime": "0.117361",
        "m_iGameTime": "169",
        "m_iRegion": "3",
        "m_iStyle": "1",
        "m_ucIsNew": "0",
        "m_ucIsHot": "0",
        "m_ucIsRecommend": "0",
        "m_szBPM": "135",
        "m_ucIsOpen": "1",
        "m_ucCanBuy": "0x0",
        "m_iOrderIndex": "0",
        "m_bIsFree": "0x1",
        "m_bSongPkg": "0x0",
        "m_szFreeBeginTime": null,
        "m_szFreeEndTime": null,
        "m_ush4KeyEasy": "2",
        "m_ush4KeyNormal": "5",
        "m_ush4KeyHard": "6",
        "m_ush5KeyEasy": "2",
        "m_ush5KeyNormal": "5",
        "m_ush5KeyHard": "6",
        "m_ush6KeyEasy": "2",
        "m_ush6KeyNormal": "5",
        "m_ush6KeyHard": "6",
        "m_iPrice": "0",
        "m_szNoteNumber": "453,828,1505,453,828,1509,453,828,1509",
        "m_szProductID": null,
        "m_iVipFlag": "0",
        "m_bIsHide": "0x0",
        "m_bIsReward": "0x1",
        "m_bIsLevelReward": "0x0"
    },
    {
        "@version": "1",
        "m_ushSongID": "39",
        "m_iVersion": "0",
        "m_szSongName": "Nitrogen",
        "m_szPath": "nitrogen",
        "m_szArtist": "Memme",
        "m_szComposer": null,
        "m_szSongTime": "0.117361",
        "m_iGameTime": "169",
        "m_iRegion": "3",
        "m_iStyle": "1",
        "m_ucIsNew": "0",
        "m_ucIsHot": "0",
        "m_ucIsRecommend": "0",
        "m_szBPM": "135",
        "m_ucIsOpen": "1",
        "m_ucCanBuy": "0x0",
        "m_iOrderIndex": "0",
        "m_bIsFree": "0x1",
        "m_bSongPkg": "0x0",
        "m_szFreeBeginTime": null,
        "m_szFreeEndTime": null,
        "m_ush4KeyEasy": "2",
        "m_ush4KeyNormal": "5",
        "m_ush4KeyHard": "6",
        "m_ush5KeyEasy": "2",
        "m_ush5KeyNormal": "5",
        "m_ush5KeyHard": "6",
        "m_ush6KeyEasy": "2",
        "m_ush6KeyNormal": "5",
        "m_ush6KeyHard": "6",
        "m_iPrice": "0",
        "m_szNoteNumber": "453,828,1505,453,828,1509,453,828,1509",
        "m_szProductID": null,
        "m_iVipFlag": "0",
        "m_bIsHide": "0x0",
        "m_bIsReward": "0x1",
        "m_bIsLevelReward": "0x0"
    },
    {
        "@version": "1",
        "m_ushSongID": "40",
        "m_iVersion": "0",
        "m_szSongName": "九寨溝",
        "m_szPath": "jzg",
        "m_szArtist": "Memme",
        "m_szComposer": null,
        "m_szSongTime": "0.117361",
        "m_iGameTime": "169",
        "m_iRegion": "3",
        "m_iStyle": "1",
        "m_ucIsNew": "0",
        "m_ucIsHot": "0",
        "m_ucIsRecommend": "0",
        "m_szBPM": "135",
        "m_ucIsOpen": "1",
        "m_ucCanBuy": "0x0",
        "m_iOrderIndex": "0",
        "m_bIsFree": "0x1",
        "m_bSongPkg": "0x0",
        "m_szFreeBeginTime": null,
        "m_szFreeEndTime": null,
        "m_ush4KeyEasy": "2",
        "m_ush4KeyNormal": "5",
        "m_ush4KeyHard": "6",
        "m_ush5KeyEasy": "2",
        "m_ush5KeyNormal": "5",
        "m_ush5KeyHard": "6",
        "m_ush6KeyEasy": "2",
        "m_ush6KeyNormal": "5",
        "m_ush6KeyHard": "6",
        "m_iPrice": "0",
        "m_szNoteNumber": "453,828,1505,453,828,1509,453,828,1509",
        "m_szProductID": null,
        "m_iVipFlag": "0",
        "m_bIsHide": "0x0",
        "m_bIsReward": "0x1",
        "m_bIsLevelReward": "0x0"
    },
    {
        "@version": "1",
        "m_ushSongID": "41",
        "m_iVersion": "0",
        "m_szSongName": "Dear My Senorita",
        "m_szPath": "dearmysenorita",
        "m_szArtist": "ampstyle",
        "m_szComposer": null,
        "m_szSongTime": "0.117361",
        "m_iGameTime": "169",
        "m_iRegion": "3",
        "m_iStyle": "1",
        "m_ucIsNew": "0",
        "m_ucIsHot": "0",
        "m_ucIsRecommend": "0",
        "m_szBPM": "135",
        "m_ucIsOpen": "1",
        "m_ucCanBuy": "0x0",
        "m_iOrderIndex": "0",
        "m_bIsFree": "0x1",
        "m_bSongPkg": "0x0",
        "m_szFreeBeginTime": null,
        "m_szFreeEndTime": null,
        "m_ush4KeyEasy": "2",
        "m_ush4KeyNormal": "5",
        "m_ush4KeyHard": "6",
        "m_ush5KeyEasy": "2",
        "m_ush5KeyNormal": "5",
        "m_ush5KeyHard": "6",
        "m_ush6KeyEasy": "2",
        "m_ush6KeyNormal": "5",
        "m_ush6KeyHard": "6",
        "m_iPrice": "0",
        "m_szNoteNumber": "453,828,1505,453,828,1509,453,828,1509",
        "m_szProductID": null,
        "m_iVipFlag": "0",
        "m_bIsHide": "0x0",
        "m_bIsReward": "0x1",
        "m_bIsLevelReward": "0x0"
    },
    {
        "@version": "1",
        "m_ushSongID": "42",
        "m_iVersion": "0",
        "m_szSongName": "魔丽花",
        "m_szPath": "molihua",
        "m_szArtist": "Memme",
        "m_szComposer": null,
        "m_szSongTime": "0.117361",
        "m_iGameTime": "169",
        "m_iRegion": "3",
        "m_iStyle": "1",
        "m_ucIsNew": "0",
        "m_ucIsHot": "0",
        "m_ucIsRecommend": "0",
        "m_szBPM": "135",
        "m_ucIsOpen": "1",
        "m_ucCanBuy": "0x0",
        "m_iOrderIndex": "0",
        "m_bIsFree": "0x1",
        "m_bSongPkg": "0x0",
        "m_szFreeBeginTime": null,
        "m_szFreeEndTime": null,
        "m_ush4KeyEasy": "2",
        "m_ush4KeyNormal": "5",
        "m_ush4KeyHard": "6",
        "m_ush5KeyEasy": "2",
        "m_ush5KeyNormal": "5",
        "m_ush5KeyHard": "6",
        "m_ush6KeyEasy": "2",
        "m_ush6KeyNormal": "5",
        "m_ush6KeyHard": "6",
        "m_iPrice": "0",
        "m_szNoteNumber": "453,828,1505,453,828,1509,453,828,1509",
        "m_szProductID": null,
        "m_iVipFlag": "0",
        "m_bIsHide": "0x0",
        "m_bIsReward": "0x1",
        "m_bIsLevelReward": "0x0"
    },
    {
        "@version": "1",
        "m_ushSongID": "43",
        "m_iVersion": "0",
        "m_szSongName": "PUBG Remix",
        "m_szPath": "pubg",
        "m_szArtist": "M2U",
        "m_szComposer": null,
        "m_szSongTime": "0.117361",
        "m_iGameTime": "169",
        "m_iRegion": "3",
        "m_iStyle": "1",
        "m_ucIsNew": "0",
        "m_ucIsHot": "0",
        "m_ucIsRecommend": "0",
        "m_szBPM": "135",
        "m_ucIsOpen": "1",
        "m_ucCanBuy": "0x0",
        "m_iOrderIndex": "0",
        "m_bIsFree": "0x1",
        "m_bSongPkg": "0x0",
        "m_szFreeBeginTime": null,
        "m_szFreeEndTime": null,
        "m_ush4KeyEasy": "2",
        "m_ush4KeyNormal": "5",
        "m_ush4KeyHard": "6",
        "m_ush5KeyEasy": "2",
        "m_ush5KeyNormal": "5",
        "m_ush5KeyHard": "6",
        "m_ush6KeyEasy": "2",
        "m_ush6KeyNormal": "5",
        "m_ush6KeyHard": "6",
        "m_iPrice": "0",
        "m_szNoteNumber": "453,828,1505,453,828,1509,453,828,1509",
        "m_szProductID": null,
        "m_iVipFlag": "0",
        "m_bIsHide": "0x0",
        "m_bIsReward": "0x1",
        "m_bIsLevelReward": "0x0"
    },
    {
        "@version": "1",
        "m_ushSongID": "44",
        "m_iVersion": "0",
        "m_szSongName": "Rain is Over",
        "m_szPath": "B@kamin",
        "m_szArtist": "rmpiano",
        "m_szComposer": null,
        "m_szSongTime": "0.117361",
        "m_iGameTime": "169",
        "m_iRegion": "3",
        "m_iStyle": "1",
        "m_ucIsNew": "0",
        "m_ucIsHot": "0",
        "m_ucIsRecommend": "0",
        "m_szBPM": "135",
        "m_ucIsOpen": "1",
        "m_ucCanBuy": "0x0",
        "m_iOrderIndex": "0",
        "m_bIsFree": "0x1",
        "m_bSongPkg": "0x0",
        "m_szFreeBeginTime": null,
        "m_szFreeEndTime": null,
        "m_ush4KeyEasy": "2",
        "m_ush4KeyNormal": "5",
        "m_ush4KeyHard": "6",
        "m_ush5KeyEasy": "2",
        "m_ush5KeyNormal": "5",
        "m_ush5KeyHard": "6",
        "m_ush6KeyEasy": "2",
        "m_ush6KeyNormal": "5",
        "m_ush6KeyHard": "6",
        "m_iPrice": "0",
        "m_szNoteNumber": "453,828,1505,453,828,1509,453,828,1509",
        "m_szProductID": null,
        "m_iVipFlag": "0",
        "m_bIsHide": "0x0",
        "m_bIsReward": "0x1",
        "m_bIsLevelReward": "0x0"
    },
    {
        "@version": "1",
        "m_ushSongID": "45",
        "m_iVersion": "0",
        "m_szSongName": "Memories",
        "m_szPath": "rmguitar",
        "m_szArtist": "ampstyle",
        "m_szComposer": null,
        "m_szSongTime": "0.117361",
        "m_iGameTime": "169",
        "m_iRegion": "3",
        "m_iStyle": "1",
        "m_ucIsNew": "0",
        "m_ucIsHot": "0",
        "m_ucIsRecommend": "0",
        "m_szBPM": "135",
        "m_ucIsOpen": "1",
        "m_ucCanBuy": "0x0",
        "m_iOrderIndex": "0",
        "m_bIsFree": "0x1",
        "m_bSongPkg": "0x0",
        "m_szFreeBeginTime": null,
        "m_szFreeEndTime": null,
        "m_ush4KeyEasy": "2",
        "m_ush4KeyNormal": "5",
        "m_ush4KeyHard": "6",
        "m_ush5KeyEasy": "2",
        "m_ush5KeyNormal": "5",
        "m_ush5KeyHard": "6",
        "m_ush6KeyEasy": "2",
        "m_ush6KeyNormal": "5",
        "m_ush6KeyHard": "6",
        "m_iPrice": "0",
        "m_szNoteNumber": "453,828,1505,453,828,1509,453,828,1509",
        "m_szProductID": null,
        "m_iVipFlag": "0",
        "m_bIsHide": "0x0",
        "m_bIsReward": "0x1",
        "m_bIsLevelReward": "0x0"
    },
    {
        "@version": "1",
        "m_ushSongID": "46",
        "m_iVersion": "0",
        "m_szSongName": "Litania",
        "m_szPath": "rmviolin",
        "m_szArtist": "Memme",
        "m_szComposer": null,
        "m_szSongTime": "0.117361",
        "m_iGameTime": "169",
        "m_iRegion": "3",
        "m_iStyle": "1",
        "m_ucIsNew": "0",
        "m_ucIsHot": "0",
        "m_ucIsRecommend": "0",
        "m_szBPM": "135",
        "m_ucIsOpen": "1",
        "m_ucCanBuy": "0x0",
        "m_iOrderIndex": "0",
        "m_bIsFree": "0x1",
        "m_bSongPkg": "0x0",
        "m_szFreeBeginTime": null,
        "m_szFreeEndTime": null,
        "m_ush4KeyEasy": "2",
        "m_ush4KeyNormal": "5",
        "m_ush4KeyHard": "6",
        "m_ush5KeyEasy": "2",
        "m_ush5KeyNormal": "5",
        "m_ush5KeyHard": "6",
        "m_ush6KeyEasy": "2",
        "m_ush6KeyNormal": "5",
        "m_ush6KeyHard": "6",
        "m_iPrice": "0",
        "m_szNoteNumber": "453,828,1505,453,828,1509,453,828,1509",
        "m_szProductID": null,
        "m_iVipFlag": "0",
        "m_bIsHide": "0x0",
        "m_bIsReward": "0x1",
        "m_bIsLevelReward": "0x0"
    },
    {
        "@version": "1",
        "m_ushSongID": "47",
        "m_iVersion": "0",
        "m_szSongName": "Bizet Carmen Remix",
        "m_szPath": "bizetcarmenremix",
        "m_szArtist": "Memme",
        "m_szComposer": null,
        "m_szSongTime": "0.117361",
        "m_iGameTime": "169",
        "m_iRegion": "3",
        "m_iStyle": "1",
        "m_ucIsNew": "0",
        "m_ucIsHot": "0",
        "m_ucIsRecommend": "0",
        "m_szBPM": "135",
        "m_ucIsOpen": "1",
        "m_ucCanBuy": "0x0",
        "m_iOrderIndex": "0",
        "m_bIsFree": "0x1",
        "m_bSongPkg": "0x0",
        "m_szFreeBeginTime": null,
        "m_szFreeEndTime": null,
        "m_ush4KeyEasy": "2",
        "m_ush4KeyNormal": "5",
        "m_ush4KeyHard": "6",
        "m_ush5KeyEasy": "2",
        "m_ush5KeyNormal": "5",
        "m_ush5KeyHard": "6",
        "m_ush6KeyEasy": "2",
        "m_ush6KeyNormal": "5",
        "m_ush6KeyHard": "6",
        "m_iPrice": "0",
        "m_szNoteNumber": "453,828,1505,453,828,1509,453,828,1509",
        "m_szProductID": null,
        "m_iVipFlag": "0",
        "m_bIsHide": "0x0",
        "m_bIsReward": "0x1",
        "m_bIsLevelReward": "0x0"
    },
    {
        "@version": "1",
        "m_ushSongID": "48",
        "m_iVersion": "0",
        "m_szSongName": "Hungarian Dance No.5 Remix",
        "m_szPath": "hungariandanceno5remix",
        "m_szArtist": "Memme",
        "m_szComposer": null,
        "m_szSongTime": "0.117361",
        "m_iGameTime": "169",
        "m_iRegion": "3",
        "m_iStyle": "1",
        "m_ucIsNew": "0",
        "m_ucIsHot": "0",
        "m_ucIsRecommend": "0",
        "m_szBPM": "135",
        "m_ucIsOpen": "1",
        "m_ucCanBuy": "0x0",
        "m_iOrderIndex": "0",
        "m_bIsFree": "0x1",
        "m_bSongPkg": "0x0",
        "m_szFreeBeginTime": null,
        "m_szFreeEndTime": null,
        "m_ush4KeyEasy": "2",
        "m_ush4KeyNormal": "5",
        "m_ush4KeyHard": "6",
        "m_ush5KeyEasy": "2",
        "m_ush5KeyNormal": "5",
        "m_ush5KeyHard": "6",
        "m_ush6KeyEasy": "2",
        "m_ush6KeyNormal": "5",
        "m_ush6KeyHard": "6",
        "m_iPrice": "0",
        "m_szNoteNumber": "453,828,1505,453,828,1509,453,828,1509",
        "m_szProductID": null,
        "m_iVipFlag": "0",
        "m_bIsHide": "0x0",
        "m_bIsReward": "0x1",
        "m_bIsLevelReward": "0x0"
    },
    {
        "@version": "1",
        "m_ushSongID": "49",
        "m_iVersion": "0",
        "m_szSongName": "Minuet G Major Remix",
        "m_szPath": "minuetgmajorremix",
        "m_szArtist": "Memme",
        "m_szComposer": null,
        "m_szSongTime": "0.117361",
        "m_iGameTime": "169",
        "m_iRegion": "3",
        "m_iStyle": "1",
        "m_ucIsNew": "0",
        "m_ucIsHot": "0",
        "m_ucIsRecommend": "0",
        "m_szBPM": "135",
        "m_ucIsOpen": "1",
        "m_ucCanBuy": "0x0",
        "m_iOrderIndex": "0",
        "m_bIsFree": "0x1",
        "m_bSongPkg": "0x0",
        "m_szFreeBeginTime": null,
        "m_szFreeEndTime": null,
        "m_ush4KeyEasy": "2",
        "m_ush4KeyNormal": "5",
        "m_ush4KeyHard": "6",
        "m_ush5KeyEasy": "2",
        "m_ush5KeyNormal": "5",
        "m_ush5KeyHard": "6",
        "m_ush6KeyEasy": "2",
        "m_ush6KeyNormal": "5",
        "m_ush6KeyHard": "6",
        "m_iPrice": "0",
        "m_szNoteNumber": "453,828,1505,453,828,1509,453,828,1509",
        "m_szProductID": null,
        "m_iVipFlag": "0",
        "m_bIsHide": "0x0",
        "m_bIsReward": "0x1",
        "m_bIsLevelReward": "0x0"
    },
    {
        "@version": "1",
        "m_ushSongID": "50",
        "m_iVersion": "0",
        "m_szSongName": "Mozart Symphony Remix",
        "m_szPath": "symphonyremix",
        "m_szArtist": "Memme",
        "m_szComposer": null,
        "m_szSongTime": "0.117361",
        "m_iGameTime": "169",
        "m_iRegion": "3",
        "m_iStyle": "1",
        "m_ucIsNew": "0",
        "m_ucIsHot": "0",
        "m_ucIsRecommend": "0",
        "m_szBPM": "135",
        "m_ucIsOpen": "1",
        "m_ucCanBuy": "0x0",
        "m_iOrderIndex": "0",
        "m_bIsFree": "0x1",
        "m_bSongPkg": "0x0",
        "m_szFreeBeginTime": null,
        "m_szFreeEndTime": null,
        "m_ush4KeyEasy": "2",
        "m_ush4KeyNormal": "5",
        "m_ush4KeyHard": "6",
        "m_ush5KeyEasy": "2",
        "m_ush5KeyNormal": "5",
        "m_ush5KeyHard": "6",
        "m_ush6KeyEasy": "2",
        "m_ush6KeyNormal": "5",
        "m_ush6KeyHard": "6",
        "m_iPrice": "0",
        "m_szNoteNumber": "453,828,1505,453,828,1509,453,828,1509",
        "m_szProductID": null,
        "m_iVipFlag": "0",
        "m_bIsHide": "0x0",
        "m_bIsReward": "0x1",
        "m_bIsLevelReward": "0x0"
    }
]