[
    {
        "@version": "1",
        "m_iSongID": "15",
        "m_szTitle": "Please",
        "m_szArtist": "R300K",
        "m_ushCoin": "5000",
        "m_ushDiamonds": "100",
        "m_ushCoupon": "0"
    },
    {
        "@version": "1",
        "m_iSongID": "16",
        "m_szTitle": "大家好",
        "m_szArtist": "Memme",
        "m_ushCoin": "5000",
        "m_ushDiamonds": "100",
        "m_ushCoupon": "0"
    },
    {
        "@version": "1",
        "m_iSongID": "37",
        "m_szTitle": "阿修罗",
        "m_szArtist": "AstroKid",
        "m_ushCoin": "5000",
        "m_ushDiamonds": "100",
        "m_ushCoupon": "0"
    },
    {
        "@version": "1",
        "m_iSongID": "89",
        "m_szTitle": "阿多尼斯",
        "m_szArtist": "M2U",
        "m_ushCoin": "5000",
        "m_ushDiamonds": "100",
        "m_ushCoupon": "0"
    },
    {
        "@version": "1",
        "m_iSongID": "112",
        "m_szTitle": "危险约会",
        "m_szArtist": "Paul Bazooka",
        "m_ushCoin": "5000",
        "m_ushDiamonds": "100",
        "m_ushCoupon": "0"
    },
    {
        "@version": "1",
        "m_iSongID": "158",
        "m_szTitle": "天马座的幻想",
        "m_szArtist": "圣斗士星矢",
        "m_ushCoin": "2000",
        "m_ushDiamonds": "60",
        "m_ushCoupon": "0"
    },
    {
        "@version": "1",
        "m_iSongID": "168",
        "m_szTitle": "青鸟",
        "m_szArtist": "火影忍者",
        "m_ushCoin": "2000",
        "m_ushDiamonds": "60",
        "m_ushCoupon": "0"
    },
    {
        "@version": "1",
        "m_iSongID": "237",
        "m_szTitle": "君往何处",
        "m_szArtist": "M2U",
        "m_ushCoin": "5000",
        "m_ushDiamonds": "100",
        "m_ushCoupon": "0"
    },
    {
        "@version": "1",
        "m_iSongID": "315",
        "m_szTitle": "神圣之光",
        "m_szArtist": "7 Sequence",
        "m_ushCoin": "5000",
        "m_ushDiamonds": "100",
        "m_ushCoupon": "0"
    },
    {
        "@version": "1",
        "m_iSongID": "316",
        "m_szTitle": "暗夜苏醒",
        "m_szArtist": "Warak",
        "m_ushCoin": "5000",
        "m_ushDiamonds": "100",
        "m_ushCoupon": "0"
    },
    {
        "@version": "1",
        "m_iSongID": "317",
        "m_szTitle": "黄金之城",
        "m_szArtist": "MEMME",
        "m_ushCoin": "5000",
        "m_ushDiamonds": "100",
        "m_ushCoupon": "0"
    },
    {
        "@version": "1",
        "m_iSongID": "335",
        "m_szTitle": "Dreamy Day",
        "m_szArtist": "M2U",
        "m_ushCoin": "5000",
        "m_ushDiamonds": "100",
        "m_ushCoupon": "0"
    },
    {
        "@version": "1",
        "m_iSongID": "351",
        "m_szTitle": "Umbrella",
        "m_szArtist": "Warak",
        "m_ushCoin": "5000",
        "m_ushDiamonds": "100",
        "m_ushCoupon": "0"
    },
    {
        "@version": "1",
        "m_iSongID": "384",
        "m_szTitle": "Megaburn",
        "m_szArtist": "7 Sequence",
        "m_ushCoin": "5000",
        "m_ushDiamonds": "100",
        "m_ushCoupon": "0"
    },
    {
        "@version": "1",
        "m_iSongID": "438",
        "m_szTitle": "NB BLAST",
        "m_szArtist": "M2U",
        "m_ushCoin": "5000",
        "m_ushDiamonds": "100",
        "m_ushCoupon": "0"
    },
    {
        "@version": "1",
        "m_iSongID": "475",
        "m_szTitle": "无可言喻",
        "m_szArtist": "Gentlestick X M2U",
        "m_ushCoin": "5000",
        "m_ushDiamonds": "100",
        "m_ushCoupon": "0"
    },
    {
        "@version": "1",
        "m_iSongID": "514",
        "m_szTitle": "双重间谍",
        "m_szArtist": "Wav.AV",
        "m_ushCoin": "5000",
        "m_ushDiamonds": "100",
        "m_ushCoupon": "0"
    },
    {
        "@version": "1",
        "m_iSongID": "566",
        "m_szTitle": "Disco Night",
        "m_szArtist": "M2U",
        "m_ushCoin": "5000",
        "m_ushDiamonds": "100",
        "m_ushCoupon": "0"
    }
]