[
    {
        "@version": "1",
        "m_ushSeasonId": "1",
        "m_ushLevel": "20",
        "m_uiExp": "2000",
        "m_ushNumOfRewards": "2",
        "m_astRewards": [
            {
                "@type": "SeasonReward",
                "m_uiRewardType": "7",
                "m_uiRewardParam": "75",
                "m_uiThingID": "0"
            },
            {
                "@type": "SeasonReward",
                "m_uiRewardType": "13",
                "m_uiRewardParam": "0",
                "m_uiThingID": "12006"
            }
        ]
    },
    {
        "@version": "1",
        "m_ushSeasonId": "1",
        "m_ushLevel": "19",
        "m_uiExp": "1900",
        "m_ushNumOfRewards": "2",
        "m_astRewards": [
            {
                "@type": "SeasonReward",
                "m_uiRewardType": "1",
                "m_uiRewardParam": "100",
                "m_uiThingID": "0"
            },
            {
                "@type": "SeasonReward",
                "m_uiRewardType": "7",
                "m_uiRewardParam": "75",
                "m_uiThingID": "0"
            }
        ]
    },
    {
        "@version": "1",
        "m_ushSeasonId": "1",
        "m_ushLevel": "22",
        "m_uiExp": "2200",
        "m_ushNumOfRewards": "2",
        "m_astRewards": [
            {
                "@type": "SeasonReward",
                "m_uiRewardType": "5",
                "m_uiRewardParam": "5",
                "m_uiThingID": "7"
            },
            {
                "@type": "SeasonReward",
                "m_uiRewardType": "1",
                "m_uiRewardParam": "250",
                "m_uiThingID": "0"
            }
        ]
    },
    {
        "@version": "1",
        "m_ushSeasonId": "1",
        "m_ushLevel": "21",
        "m_uiExp": "2100",
        "m_ushNumOfRewards": "2",
        "m_astRewards": [
            {
                "@type": "SeasonReward",
                "m_uiRewardType": "1",
                "m_uiRewardParam": "150",
                "m_uiThingID": "0"
            },
            {
                "@type": "SeasonReward",
                "m_uiRewardType": "1",
                "m_uiRewardParam": "200",
                "m_uiThingID": "0"
            }
        ]
    },
    {
        "@version": "1",
        "m_ushSeasonId": "1",
        "m_ushLevel": "16",
        "m_uiExp": "1600",
        "m_ushNumOfRewards": "2",
        "m_astRewards": [
            {
                "@type": "SeasonReward",
                "m_uiRewardType": "1",
                "m_uiRewardParam": "150",
                "m_uiThingID": "0"
            },
            {
                "@type": "SeasonReward",
                "m_uiRewardType": "1",
                "m_uiRewardParam": "200",
                "m_uiThingID": "0"
            }
        ]
    },
    {
        "@version": "1",
        "m_ushSeasonId": "1",
        "m_ushLevel": "15",
        "m_uiExp": "1500",
        "m_ushNumOfRewards": "2",
        "m_astRewards": [
            {
                "@type": "SeasonReward",
                "m_uiRewardType": "1",
                "m_uiRewardParam": "100",
                "m_uiThingID": "0"
            },
            {
                "@type": "SeasonReward",
                "m_uiRewardType": "13",
                "m_uiRewardParam": "0",
                "m_uiThingID": "13006"
            }
        ]
    },
    {
        "@version": "1",
        "m_ushSeasonId": "1",
        "m_ushLevel": "18",
        "m_uiExp": "1800",
        "m_ushNumOfRewards": "2",
        "m_astRewards": [
            {
                "@type": "SeasonReward",
                "m_uiRewardType": "5",
                "m_uiRewardParam": "3",
                "m_uiThingID": "123"
            },
            {
                "@type": "SeasonReward",
                "m_uiRewardType": "7",
                "m_uiRewardParam": "50",
                "m_uiThingID": "0"
            }
        ]
    },
    {
        "@version": "1",
        "m_ushSeasonId": "1",
        "m_ushLevel": "17",
        "m_uiExp": "1700",
        "m_ushNumOfRewards": "2",
        "m_astRewards": [
            {
                "@type": "SeasonReward",
                "m_uiRewardType": "5",
                "m_uiRewardParam": "5",
                "m_uiThingID": "8"
            },
            {
                "@type": "SeasonReward",
                "m_uiRewardType": "1",
                "m_uiRewardParam": "250",
                "m_uiThingID": "0"
            }
        ]
    },
    {
        "@version": "1",
        "m_ushSeasonId": "1",
        "m_ushLevel": "28",
        "m_uiExp": "2800",
        "m_ushNumOfRewards": "2",
        "m_astRewards": [
            {
                "@type": "SeasonReward",
                "m_uiRewardType": "5",
                "m_uiRewardParam": "3",
                "m_uiThingID": "123"
            },
            {
                "@type": "SeasonReward",
                "m_uiRewardType": "7",
                "m_uiRewardParam": "100",
                "m_uiThingID": "0"
            }
        ]
    },
    {
        "@version": "1",
        "m_ushSeasonId": "1",
        "m_ushLevel": "27",
        "m_uiExp": "2700",
        "m_ushNumOfRewards": "2",
        "m_astRewards": [
            {
                "@type": "SeasonReward",
                "m_uiRewardType": "5",
                "m_uiRewardParam": "5",
                "m_uiThingID": "8"
            },
            {
                "@type": "SeasonReward",
                "m_uiRewardType": "1",
                "m_uiRewardParam": "350",
                "m_uiThingID": "0"
            }
        ]
    },
    {
        "@version": "1",
        "m_ushSeasonId": "1",
        "m_ushLevel": "30",
        "m_uiExp": "3000",
        "m_ushNumOfRewards": "2",
        "m_astRewards": [
            {
                "@type": "SeasonReward",
                "m_uiRewardType": "7",
                "m_uiRewardParam": "150",
                "m_uiThingID": "0"
            },
            {
                "@type": "SeasonReward",
                "m_uiRewardType": "7",
                "m_uiRewardParam": "300",
                "m_uiThingID": "0"
            }
        ]
    },
    {
        "@version": "1",
        "m_ushSeasonId": "1",
        "m_ushLevel": "29",
        "m_uiExp": "2900",
        "m_ushNumOfRewards": "2",
        "m_astRewards": [
            {
                "@type": "SeasonReward",
                "m_uiRewardType": "7",
                "m_uiRewardParam": "100",
                "m_uiThingID": "0"
            },
            {
                "@type": "SeasonReward",
                "m_uiRewardType": "7",
                "m_uiRewardParam": "125",
                "m_uiThingID": "0"
            }
        ]
    },
    {
        "@version": "1",
        "m_ushSeasonId": "1",
        "m_ushLevel": "24",
        "m_uiExp": "2400",
        "m_ushNumOfRewards": "2",
        "m_astRewards": [
            {
                "@type": "SeasonReward",
                "m_uiRewardType": "5",
                "m_uiRewardParam": "5",
                "m_uiThingID": "1"
            },
            {
                "@type": "SeasonReward",
                "m_uiRewardType": "7",
                "m_uiRewardParam": "125",
                "m_uiThingID": "0"
            }
        ]
    },
    {
        "@version": "1",
        "m_ushSeasonId": "1",
        "m_ushLevel": "23",
        "m_uiExp": "2300",
        "m_ushNumOfRewards": "2",
        "m_astRewards": [
            {
                "@type": "SeasonReward",
                "m_uiRewardType": "5",
                "m_uiRewardParam": "5",
                "m_uiThingID": "2"
            },
            {
                "@type": "SeasonReward",
                "m_uiRewardType": "7",
                "m_uiRewardParam": "100",
                "m_uiThingID": "0"
            }
        ]
    },
    {
        "@version": "1",
        "m_ushSeasonId": "1",
        "m_ushLevel": "26",
        "m_uiExp": "2600",
        "m_ushNumOfRewards": "2",
        "m_astRewards": [
            {
                "@type": "SeasonReward",
                "m_uiRewardType": "1",
                "m_uiRewardParam": "150",
                "m_uiThingID": "0"
            },
            {
                "@type": "SeasonReward",
                "m_uiRewardType": "1",
                "m_uiRewardParam": "300",
                "m_uiThingID": "0"
            }
        ]
    },
    {
        "@version": "1",
        "m_ushSeasonId": "1",
        "m_ushLevel": "25",
        "m_uiExp": "2500",
        "m_ushNumOfRewards": "2",
        "m_astRewards": [
            {
                "@type": "SeasonReward",
                "m_uiRewardType": "1",
                "m_uiRewardParam": "100",
                "m_uiThingID": "0"
            },
            {
                "@type": "SeasonReward",
                "m_uiRewardType": "13",
                "m_uiRewardParam": "0",
                "m_uiThingID": "11006"
            }
        ]
    },
    {
        "@version": "1",
        "m_ushSeasonId": "1",
        "m_ushLevel": "5",
        "m_uiExp": "500",
        "m_ushNumOfRewards": "2",
        "m_astRewards": [
            {
                "@type": "SeasonReward",
                "m_uiRewardType": "5",
                "m_uiRewardParam": "5",
                "m_uiThingID": "1"
            },
            {
                "@type": "SeasonReward",
                "m_uiRewardType": "13",
                "m_uiRewardParam": "0",
                "m_uiThingID": "15006"
            }
        ]
    },
    {
        "@version": "1",
        "m_ushSeasonId": "1",
        "m_ushLevel": "4",
        "m_uiExp": "400",
        "m_ushNumOfRewards": "2",
        "m_astRewards": [
            {
                "@type": "SeasonReward",
                "m_uiRewardType": "5",
                "m_uiRewardParam": "5",
                "m_uiThingID": "7"
            },
            {
                "@type": "SeasonReward",
                "m_uiRewardType": "7",
                "m_uiRewardParam": "50",
                "m_uiThingID": "0"
            }
        ]
    },
    {
        "@version": "1",
        "m_ushSeasonId": "1",
        "m_ushLevel": "7",
        "m_uiExp": "700",
        "m_ushNumOfRewards": "2",
        "m_astRewards": [
            {
                "@type": "SeasonReward",
                "m_uiRewardType": "1",
                "m_uiRewardParam": "150",
                "m_uiThingID": "0"
            },
            {
                "@type": "SeasonReward",
                "m_uiRewardType": "1",
                "m_uiRewardParam": "250",
                "m_uiThingID": "0"
            }
        ]
    },
    {
        "@version": "1",
        "m_ushSeasonId": "1",
        "m_ushLevel": "6",
        "m_uiExp": "600",
        "m_ushNumOfRewards": "2",
        "m_astRewards": [
            {
                "@type": "SeasonReward",
                "m_uiRewardType": "1",
                "m_uiRewardParam": "100",
                "m_uiThingID": "0"
            },
            {
                "@type": "SeasonReward",
                "m_uiRewardType": "1",
                "m_uiRewardParam": "200",
                "m_uiThingID": "0"
            }
        ]
    },
    {
        "@version": "1",
        "m_ushSeasonId": "1",
        "m_ushLevel": "1",
        "m_uiExp": "100",
        "m_ushNumOfRewards": "2",
        "m_astRewards": [
            {
                "@type": "SeasonReward",
                "m_uiRewardType": "5",
                "m_uiRewardParam": "5",
                "m_uiThingID": "2"
            },
            {
                "@type": "SeasonReward",
                "m_uiRewardType": "7",
                "m_uiRewardParam": "25",
                "m_uiThingID": "0"
            }
        ]
    },
    {
        "@version": "1",
        "m_ushSeasonId": "1",
        "m_ushLevel": "0",
        "m_uiExp": "0",
        "m_ushNumOfRewards": "0"
    },
    {
        "@version": "1",
        "m_ushSeasonId": "1",
        "m_ushLevel": "3",
        "m_uiExp": "300",
        "m_ushNumOfRewards": "2",
        "m_astRewards": [
            {
                "@type": "SeasonReward",
                "m_uiRewardType": "1",
                "m_uiRewardParam": "150",
                "m_uiThingID": "0"
            },
            {
                "@type": "SeasonReward",
                "m_uiRewardType": "1",
                "m_uiRewardParam": "250",
                "m_uiThingID": "0"
            }
        ]
    },
    {
        "@version": "1",
        "m_ushSeasonId": "1",
        "m_ushLevel": "2",
        "m_uiExp": "200",
        "m_ushNumOfRewards": "2",
        "m_astRewards": [
            {
                "@type": "SeasonReward",
                "m_uiRewardType": "1",
                "m_uiRewardParam": "100",
                "m_uiThingID": "0"
            },
            {
                "@type": "SeasonReward",
                "m_uiRewardType": "1",
                "m_uiRewardParam": "200",
                "m_uiThingID": "0"
            }
        ]
    },
    {
        "@version": "1",
        "m_ushSeasonId": "1",
        "m_ushLevel": "12",
        "m_uiExp": "1200",
        "m_ushNumOfRewards": "2",
        "m_astRewards": [
            {
                "@type": "SeasonReward",
                "m_uiRewardType": "1",
                "m_uiRewardParam": "150",
                "m_uiThingID": "0"
            },
            {
                "@type": "SeasonReward",
                "m_uiRewardType": "1",
                "m_uiRewardParam": "250",
                "m_uiThingID": "0"
            }
        ]
    },
    {
        "@version": "1",
        "m_ushSeasonId": "1",
        "m_ushLevel": "11",
        "m_uiExp": "1100",
        "m_ushNumOfRewards": "2",
        "m_astRewards": [
            {
                "@type": "SeasonReward",
                "m_uiRewardType": "1",
                "m_uiRewardParam": "100",
                "m_uiThingID": "0"
            },
            {
                "@type": "SeasonReward",
                "m_uiRewardType": "1",
                "m_uiRewardParam": "200",
                "m_uiThingID": "0"
            }
        ]
    },
    {
        "@version": "1",
        "m_ushSeasonId": "1",
        "m_ushLevel": "14",
        "m_uiExp": "1400",
        "m_ushNumOfRewards": "2",
        "m_astRewards": [
            {
                "@type": "SeasonReward",
                "m_uiRewardType": "5",
                "m_uiRewardParam": "5",
                "m_uiThingID": "2"
            },
            {
                "@type": "SeasonReward",
                "m_uiRewardType": "7",
                "m_uiRewardParam": "75",
                "m_uiThingID": "0"
            }
        ]
    },
    {
        "@version": "1",
        "m_ushSeasonId": "1",
        "m_ushLevel": "13",
        "m_uiExp": "1300",
        "m_ushNumOfRewards": "2",
        "m_astRewards": [
            {
                "@type": "SeasonReward",
                "m_uiRewardType": "5",
                "m_uiRewardParam": "5",
                "m_uiThingID": "1"
            },
            {
                "@type": "SeasonReward",
                "m_uiRewardType": "7",
                "m_uiRewardParam": "50",
                "m_uiThingID": "0"
            }
        ]
    },
    {
        "@version": "1",
        "m_ushSeasonId": "1",
        "m_ushLevel": "9",
        "m_uiExp": "900",
        "m_ushNumOfRewards": "2",
        "m_astRewards": [
            {
                "@type": "SeasonReward",
                "m_uiRewardType": "5",
                "m_uiRewardParam": "5",
                "m_uiThingID": "8"
            },
            {
                "@type": "SeasonReward",
                "m_uiRewardType": "7",
                "m_uiRewardParam": "75",
                "m_uiThingID": "0"
            }
        ]
    },
    {
        "@version": "1",
        "m_ushSeasonId": "1",
        "m_ushLevel": "8",
        "m_uiExp": "800",
        "m_ushNumOfRewards": "2",
        "m_astRewards": [
            {
                "@type": "SeasonReward",
                "m_uiRewardType": "5",
                "m_uiRewardParam": "3",
                "m_uiThingID": "123"
            },
            {
                "@type": "SeasonReward",
                "m_uiRewardType": "7",
                "m_uiRewardParam": "50",
                "m_uiThingID": "0"
            }
        ]
    },
    {
        "@version": "1",
        "m_ushSeasonId": "1",
        "m_ushLevel": "10",
        "m_uiExp": "1000",
        "m_ushNumOfRewards": "2",
        "m_astRewards": [
            {
                "@type": "SeasonReward",
                "m_uiRewardType": "7",
                "m_uiRewardParam": "50",
                "m_uiThingID": "0"
            },
            {
                "@type": "SeasonReward",
                "m_uiRewardType": "13",
                "m_uiRewardParam": "0",
                "m_uiThingID": "14006"
            }
        ]
    }
]