[
    {
        "@version": "1",
        "m_iMissionID": "1",
        "m_szTitle": "经典元素",
        "m_iIconID": "3",
        "m_szDiffDesc": "进阶",
        "m_szDiffColor": "fff00022",
        "m_szBeginTime": "2020-09-28 00:00:00",
        "m_szEndTime": "2023-08-27 23:59:00",
        "m_iStartFloor": "6106",
        "m_iEndFloor": "6110",
        "m_ucResetable": "1",
        "m_iResetCost": "100",
        "m_ucRewardType": "0x1",
        "m_ucIsNew": "0x1",
        "m_iSeqID": "0",
        "m_ucGameType": "0x0"
    },
    {
        "@version": "1",
        "m_iMissionID": "2",
        "m_szTitle": "DJ大挑战",
        "m_iIconID": "1",
        "m_szDiffDesc": "进阶",
        "m_szDiffColor": "fff00022",
        "m_szBeginTime": "2020-10-05 00:00:00",
        "m_szEndTime": "2023-08-27 23:59:00",
        "m_iStartFloor": "6111",
        "m_iEndFloor": "6115",
        "m_ucResetable": "1",
        "m_iResetCost": "100",
        "m_ucRewardType": "0x1",
        "m_ucIsNew": "0x1",
        "m_iSeqID": "0",
        "m_ucGameType": "0x0"
    },
    {
        "@version": "1",
        "m_iMissionID": "3",
        "m_szTitle": "玩转原创",
        "m_iIconID": "2",
        "m_szDiffDesc": "进阶",
        "m_szDiffColor": "fff00022",
        "m_szBeginTime": "2020-10-12 00:00:00",
        "m_szEndTime": "2023-08-27 23:59:00",
        "m_iStartFloor": "6116",
        "m_iEndFloor": "6120",
        "m_ucResetable": "1",
        "m_iResetCost": "100",
        "m_ucRewardType": "0x1",
        "m_ucIsNew": "0x1",
        "m_iSeqID": "0",
        "m_ucGameType": "0x0"
    },
    {
        "@version": "1",
        "m_iMissionID": "4",
        "m_szTitle": "周末大挑战",
        "m_iIconID": "4",
        "m_szDiffDesc": "进阶",
        "m_szDiffColor": "fff00022",
        "m_szBeginTime": "2020-10-19 00:00:00",
        "m_szEndTime": "2023-08-27 23:59:00",
        "m_iStartFloor": "6121",
        "m_iEndFloor": "6125",
        "m_ucResetable": "1",
        "m_iResetCost": "100",
        "m_ucRewardType": "0x1",
        "m_ucIsNew": "0x1",
        "m_iSeqID": "0",
        "m_ucGameType": "0x0"
    },
    {
        "@version": "1",
        "m_iMissionID": "5",
        "m_szTitle": "华语组合",
        "m_iIconID": "5",
        "m_szDiffDesc": "进阶",
        "m_szDiffColor": "fff00022",
        "m_szBeginTime": "2020-10-26 00:00:00",
        "m_szEndTime": "2023-08-27 23:59:00",
        "m_iStartFloor": "6126",
        "m_iEndFloor": "6130",
        "m_ucResetable": "1",
        "m_iResetCost": "100",
        "m_ucRewardType": "0x1",
        "m_ucIsNew": "0x1",
        "m_iSeqID": "0",
        "m_ucGameType": "0x0"
    }
]