[
    {
        "@version": "1",
        "m_ucID": "0x1",
        "m_szName": "广东",
        "m_iVersion": "0"
    },
    {
        "@version": "1",
        "m_ucID": "0x2",
        "m_szName": "北京",
        "m_iVersion": "0"
    },
    {
        "@version": "1",
        "m_ucID": "0x3",
        "m_szName": "北京",
        "m_iVersion": "0"
    },
    {
        "@version": "1",
        "m_ucID": "0x4",
        "m_szName": "北京",
        "m_iVersion": "0"
    },
    {
        "@version": "1",
        "m_ucID": "0x5",
        "m_szName": "北京",
        "m_iVersion": "0"
    },
    {
        "@version": "1",
        "m_ucID": "0x6",
        "m_szName": "北京",
        "m_iVersion": "0"
    },
    {
        "@version": "1",
        "m_ucID": "0x7",
        "m_szName": "北京",
        "m_iVersion": "0"
    },
    {
        "@version": "1",
        "m_ucID": "0x8",
        "m_szName": "北京",
        "m_iVersion": "0"
    },
    {
        "@version": "1",
        "m_ucID": "0x9",
        "m_szName": "北京",
        "m_iVersion": "0"
    },
    {
        "@version": "1",
        "m_ucID": "0xa",
        "m_szName": "北京",
        "m_iVersion": "0"
    },
    {
        "@version": "1",
        "m_ucID": "0xb",
        "m_szName": "北京",
        "m_iVersion": "0"
    },
    {
        "@version": "1",
        "m_ucID": "0xc",
        "m_szName": "北京",
        "m_iVersion": "0"
    },
    {
        "@version": "1",
        "m_ucID": "0xd",
        "m_szName": "北京",
        "m_iVersion": "0"
    },
    {
        "@version": "1",
        "m_ucID": "0xe",
        "m_szName": "北京",
        "m_iVersion": "0"
    },
    {
        "@version": "1",
        "m_ucID": "0xf",
        "m_szName": "北京",
        "m_iVersion": "0"
    },
    {
        "@version": "1",
        "m_ucID": "0x10",
        "m_szName": "北京",
        "m_iVersion": "0"
    }
]