[
    {
        "@version": "1",
        "m_usID": "0",
        "m_ucPropertyID": "0x0",
        "m_ucType": "0x0",
        "m_usIconID": "0",
        "m_ucEffectType": "0x0",
        "m_szName": "0名称",
        "m_szEffect": "0效果",
        "m_szDesc": "0属性描述"
    },
    {
        "@version": "1",
        "m_usID": "1",
        "m_ucPropertyID": "0x1",
        "m_ucType": "0x1",
        "m_usIconID": "0",
        "m_ucEffectType": "0x0",
        "m_szName": "命中提升",
        "m_szEffect": "更易打出好成绩",
        "m_szDesc": "提升玩家击打音符的命中率和准确度"
    },
    {
        "@version": "1",
        "m_usID": "2",
        "m_ucPropertyID": "0x2",
        "m_ucType": "0x1",
        "m_usIconID": "0",
        "m_ucEffectType": "0x2",
        "m_szName": "血量增加",
        "m_szEffect": "生命值",
        "m_szDesc": "按比例提升打歌时的生命上限，难度较高的歌曲更容易存活"
    },
    {
        "@version": "1",
        "m_usID": "3",
        "m_ucPropertyID": "0x3",
        "m_ucType": "0x1",
        "m_usIconID": "0",
        "m_ucEffectType": "0x2",
        "m_szName": "经验加成",
        "m_szEffect": "经验",
        "m_szDesc": "按比例提升打歌结束后获得的经验，加快等级提升的速度"
    },
    {
        "@version": "1",
        "m_usID": "4",
        "m_ucPropertyID": "0x4",
        "m_ucType": "0x1",
        "m_usIconID": "0",
        "m_ucEffectType": "0x2",
        "m_szName": "扣血减少",
        "m_szEffect": "防御",
        "m_szDesc": "按比例减少在打歌中生命扣除的数量，提升存活能力"
    },
    {
        "@version": "1",
        "m_usID": "5",
        "m_ucPropertyID": "0x5",
        "m_ucType": "0x1",
        "m_usIconID": "0",
        "m_ucEffectType": "0x2",
        "m_szName": "快速回血",
        "m_szEffect": "回血速度",
        "m_szDesc": "按比例提高在打歌中生命恢复的速度，提升存活能力"
    },
    {
        "@version": "1",
        "m_usID": "6",
        "m_ucPropertyID": "0x6",
        "m_ucType": "0x2",
        "m_usIconID": "6",
        "m_ucEffectType": "0x0",
        "m_szName": "FEVER",
        "m_szEffect": "FEVER",
        "m_szDesc": "主动技能，在主动触发后，对应时间内所有按键全部变成金色，击中后获得金P成绩，时间结束后回到正常操作"
    },
    {
        "@version": "1",
        "m_usID": "7",
        "m_ucPropertyID": "0x7",
        "m_ucType": "0x2",
        "m_usIconID": "0",
        "m_ucEffectType": "0x2",
        "m_szName": "游戏加速",
        "m_szEffect": "游戏速度",
        "m_szDesc": "按数值改变落键的速度，固定增加0.5"
    },
    {
        "@version": "1",
        "m_usID": "8",
        "m_ucPropertyID": "0x8",
        "m_ucType": "0x2",
        "m_usIconID": "1001",
        "m_ucEffectType": "0x3",
        "m_szName": "消除[漏击]",
        "m_szEffect": "[漏击]数",
        "m_szDesc": "按数量抵消打歌中产生的[漏击]"
    },
    {
        "@version": "1",
        "m_usID": "9",
        "m_ucPropertyID": "0x9",
        "m_ucType": "0x2",
        "m_usIconID": "1002",
        "m_ucEffectType": "0x3",
        "m_szName": "消除[很棒]",
        "m_szEffect": "[很棒]数",
        "m_szDesc": "按数量修改打歌中产生的[很棒]成为[完美]"
    },
    {
        "@version": "1",
        "m_usID": "10",
        "m_ucPropertyID": "0xa",
        "m_ucType": "0x2",
        "m_usIconID": "1003",
        "m_ucEffectType": "0x2",
        "m_szName": "补全长条",
        "m_szEffect": "补全长条",
        "m_szDesc": "按数量补全产生遗漏的条形按键，一个完整的长条计数1个"
    },
    {
        "@version": "1",
        "m_usID": "11",
        "m_ucPropertyID": "0xb",
        "m_ucType": "0x2",
        "m_usIconID": "11",
        "m_ucEffectType": "0x0",
        "m_szName": "镜像谱面",
        "m_szEffect": "镜像谱面",
        "m_szDesc": "改变原有铺面成为镜面谱"
    },
    {
        "@version": "1",
        "m_usID": "12",
        "m_ucPropertyID": "0xc",
        "m_ucType": "0x2",
        "m_usIconID": "12",
        "m_ucEffectType": "0x0",
        "m_szName": "落键渐隐",
        "m_szEffect": "落键渐隐",
        "m_szDesc": "使谱面下落后接近判断前渐渐消失"
    },
    {
        "@version": "1",
        "m_usID": "13",
        "m_ucPropertyID": "0xd",
        "m_ucType": "0x2",
        "m_usIconID": "1004",
        "m_ucEffectType": "0x3",
        "m_szName": "防漏键",
        "m_szEffect": "遗漏判定",
        "m_szDesc": "按数量抵消打歌中遗漏的键（可以是[漏击]或者是长条中少了的一个）"
    },
    {
        "@version": "1",
        "m_usID": "14",
        "m_ucPropertyID": "0xe",
        "m_ucType": "0x2",
        "m_usIconID": "0",
        "m_ucEffectType": "0x2",
        "m_szName": "积分加成",
        "m_szEffect": "对战积分",
        "m_szDesc": "按百分比提高在PK中获得的PK积分奖励"
    },
    {
        "@version": "1",
        "m_usID": "15",
        "m_ucPropertyID": "0xf",
        "m_ucType": "0x2",
        "m_usIconID": "0",
        "m_ucEffectType": "0x0",
        "m_szName": "幸运抽奖",
        "m_szEffect": "更易抽取高奖励",
        "m_szDesc": "按百分比提高在抽奖中获得的奖励数量"
    },
    {
        "@version": "1",
        "m_usID": "16",
        "m_ucPropertyID": "0x10",
        "m_ucType": "0x2",
        "m_usIconID": "1005",
        "m_ucEffectType": "0x4",
        "m_szName": "复活冷却",
        "m_szEffect": "复活冷却",
        "m_szDesc": "按冷却时间主动触发死亡后技能复活一次"
    },
    {
        "@version": "1",
        "m_usID": "17",
        "m_ucPropertyID": "0x11",
        "m_ucType": "0x2",
        "m_usIconID": "1006",
        "m_ucEffectType": "0x3",
        "m_szName": "高级防漏",
        "m_szEffect": "M/G/漏键",
        "m_szDesc": "按数量抵消打歌中遗漏的键（可以是P以下的任何一个，或者是长条中少了的一个）"
    },
    {
        "@version": "1",
        "m_usID": "18",
        "m_ucPropertyID": "0x12",
        "m_ucType": "0x2",
        "m_usIconID": "0",
        "m_ucEffectType": "0x2",
        "m_szName": "分数加成",
        "m_szEffect": "歌曲分数",
        "m_szDesc": "按比例提高打歌成绩，不超过对应歌曲总分上限"
    }
]