[
    {
        "@version": "1",
        "m_iID": "0",
        "m_iLevel": "0",
        "m_iLinkType": "0",
        "m_iContentType": "0",
        "m_szTitle": "0",
        "m_szContent": null,
        "m_szUrl": "0",
        "m_iForce": "0",
        "m_iPhonetype": "1",
        "m_iLoginType": "0"
    },
    {
        "@version": "1",
        "m_iID": "389",
        "m_iLevel": "4",
        "m_iLinkType": "1",
        "m_iContentType": "2",
        "m_szTitle": null,
        "m_szContent": "http://ossweb-img.qq.com/images/chanpin/cvoice/public/da/20160628_a.jpg",
        "m_szUrl": "http://zhen.qq.com/act/authenticate/index.html",
        "m_iForce": "1",
        "m_iPhonetype": "0",
        "m_iLoginType": "0"
    },
    {
        "@version": "1",
        "m_iID": "667",
        "m_iLevel": "2",
        "m_iLinkType": "0",
        "m_iContentType": "2",
        "m_szTitle": null,
        "m_szContent": "http://down.qq.com/wepop/jiezou/20200817_04.jpg",
        "m_szUrl": null,
        "m_iForce": "0",
        "m_iPhonetype": "0",
        "m_iLoginType": "0"
    },
    {
        "@version": "1",
        "m_iID": "668",
        "m_iLevel": "2",
        "m_iLinkType": "0",
        "m_iContentType": "2",
        "m_szTitle": null,
        "m_szContent": "http://down.qq.com/wepop/jiezou/20200817_05.jpg",
        "m_szUrl": null,
        "m_iForce": "0",
        "m_iPhonetype": "0",
        "m_iLoginType": "0"
    },
    {
        "@version": "1",
        "m_iID": "669",
        "m_iLevel": "3",
        "m_iLinkType": "0",
        "m_iContentType": "2",
        "m_szTitle": null,
        "m_szContent": "http://down.qq.com/wepop/jiezou/20200817_06.jpg",
        "m_szUrl": null,
        "m_iForce": "0",
        "m_iPhonetype": "0",
        "m_iLoginType": "0"
    }
]