[
    {
        "@version": "1",
        "m_ushID": "0",
        "m_szTitle": null,
        "m_szContent": null,
        "m_szFrom": null
    },
    {
        "@version": "1",
        "m_ushID": "1",
        "m_szTitle": "系统补偿补发",
        "m_szContent": "给你补发奖励",
        "m_szFrom": "小师妹"
    },
    {
        "@version": "1",
        "m_ushID": "2",
        "m_szTitle": "XX结算奖励发送",
        "m_szContent": "给你发XX结算奖励",
        "m_szFrom": "小师妹"
    },
    {
        "@version": "1",
        "m_ushID": "3",
        "m_szTitle": "测试",
        "m_szContent": "测试发送奖励",
        "m_szFrom": "小师妹"
    }
]