[
    {
        "@version": "1",
        "m_iID": "10501",
        "m_iSongID": "97",
        "m_iNodeDiff": "3",
        "m_iNodeKey": "2",
        "m_iFinishType": "15",
        "m_iFinishNum": "0",
        "m_iVersion": "0"
    },
    {
        "@version": "1",
        "m_iID": "10502",
        "m_iSongID": "478",
        "m_iNodeDiff": "3",
        "m_iNodeKey": "1",
        "m_iFinishType": "7",
        "m_iFinishNum": "1",
        "m_iVersion": "0"
    },
    {
        "@version": "1",
        "m_iID": "10503",
        "m_iSongID": "477",
        "m_iNodeDiff": "3",
        "m_iNodeKey": "2",
        "m_iFinishType": "15",
        "m_iFinishNum": "0",
        "m_iVersion": "0"
    },
    {
        "@version": "1",
        "m_iID": "10504",
        "m_iSongID": "287",
        "m_iNodeDiff": "3",
        "m_iNodeKey": "1",
        "m_iFinishType": "7",
        "m_iFinishNum": "1",
        "m_iVersion": "0"
    },
    {
        "@version": "1",
        "m_iID": "10505",
        "m_iSongID": "6",
        "m_iNodeDiff": "3",
        "m_iNodeKey": "2",
        "m_iFinishType": "15",
        "m_iFinishNum": "0",
        "m_iVersion": "0"
    },
    {
        "@version": "1",
        "m_iID": "10506",
        "m_iSongID": "415",
        "m_iNodeDiff": "3",
        "m_iNodeKey": "2",
        "m_iFinishType": "7",
        "m_iFinishNum": "1",
        "m_iVersion": "0"
    },
    {
        "@version": "1",
        "m_iID": "10507",
        "m_iSongID": "373",
        "m_iNodeDiff": "3",
        "m_iNodeKey": "1",
        "m_iFinishType": "15",
        "m_iFinishNum": "0",
        "m_iVersion": "0"
    },
    {
        "@version": "1",
        "m_iID": "10508",
        "m_iSongID": "282",
        "m_iNodeDiff": "3",
        "m_iNodeKey": "1",
        "m_iFinishType": "7",
        "m_iFinishNum": "1",
        "m_iVersion": "0"
    },
    {
        "@version": "1",
        "m_iID": "10509",
        "m_iSongID": "237",
        "m_iNodeDiff": "3",
        "m_iNodeKey": "2",
        "m_iFinishType": "15",
        "m_iFinishNum": "0",
        "m_iVersion": "0"
    },
    {
        "@version": "1",
        "m_iID": "10510",
        "m_iSongID": "531",
        "m_iNodeDiff": "3",
        "m_iNodeKey": "2",
        "m_iFinishType": "7",
        "m_iFinishNum": "1",
        "m_iVersion": "0"
    }
]