[
    {
        "@version": "1",
        "m_iFloorID": "0",
        "m_iTimeLimitID": "0",
        "m_iNeedFriendNum": "0",
        "m_iNeedPassID": "0x0",
        "m_iID": "0",
        "m_iNoteType": "0",
        "m_iNodeValue": "0",
        "m_iNodeSong": "0",
        "m_iNodeDiff": "0",
        "m_iNodeKey": "0",
        "m_iRewardType": "0",
        "m_iRewardValue": "0",
        "m_iRewardGroup": "0",
        "m_iVersion": "0",
        "m_iPlayStyle": "0"
    },
    {
        "@version": "1",
        "m_iFloorID": "1",
        "m_iTimeLimitID": "10101",
        "m_iNeedFriendNum": "0",
        "m_iNeedPassID": "0x0",
        "m_iID": "1",
        "m_iNoteType": "7",
        "m_iNodeValue": "3",
        "m_iNodeSong": "467",
        "m_iNodeDiff": "1",
        "m_iNodeKey": "2",
        "m_iRewardType": "1",
        "m_iRewardValue": "0",
        "m_iRewardGroup": "4",
        "m_iVersion": "24010001",
        "m_iPlayStyle": "0"
    },
    {
        "@version": "1",
        "m_iFloorID": "2",
        "m_iTimeLimitID": "10101",
        "m_iNeedFriendNum": "0",
        "m_iNeedPassID": "0x0",
        "m_iID": "2",
        "m_iNoteType": "15",
        "m_iNodeValue": "0",
        "m_iNodeSong": "386",
        "m_iNodeDiff": "2",
        "m_iNodeKey": "1",
        "m_iRewardType": "0",
        "m_iRewardValue": "0",
        "m_iRewardGroup": "0",
        "m_iVersion": "24010001",
        "m_iPlayStyle": "0"
    },
    {
        "@version": "1",
        "m_iFloorID": "3",
        "m_iTimeLimitID": "10101",
        "m_iNeedFriendNum": "0",
        "m_iNeedPassID": "0x0",
        "m_iID": "3",
        "m_iNoteType": "9",
        "m_iNodeValue": "15",
        "m_iNodeSong": "535",
        "m_iNodeDiff": "2",
        "m_iNodeKey": "1",
        "m_iRewardType": "0",
        "m_iRewardValue": "0",
        "m_iRewardGroup": "0",
        "m_iVersion": "24010001",
        "m_iPlayStyle": "0"
    },
    {
        "@version": "1",
        "m_iFloorID": "4",
        "m_iTimeLimitID": "10101",
        "m_iNeedFriendNum": "0",
        "m_iNeedPassID": "0x0",
        "m_iID": "4",
        "m_iNoteType": "3",
        "m_iNodeValue": "80",
        "m_iNodeSong": "568",
        "m_iNodeDiff": "2",
        "m_iNodeKey": "1",
        "m_iRewardType": "0",
        "m_iRewardValue": "0",
        "m_iRewardGroup": "0",
        "m_iVersion": "24010001",
        "m_iPlayStyle": "0"
    },
    {
        "@version": "1",
        "m_iFloorID": "5",
        "m_iTimeLimitID": "10101",
        "m_iNeedFriendNum": "0",
        "m_iNeedPassID": "0x0",
        "m_iID": "5",
        "m_iNoteType": "7",
        "m_iNodeValue": "3",
        "m_iNodeSong": "372",
        "m_iNodeDiff": "2",
        "m_iNodeKey": "1",
        "m_iRewardType": "1",
        "m_iRewardValue": "0",
        "m_iRewardGroup": "5",
        "m_iVersion": "24010001",
        "m_iPlayStyle": "0"
    },
    {
        "@version": "1",
        "m_iFloorID": "6",
        "m_iTimeLimitID": "10101",
        "m_iNeedFriendNum": "0",
        "m_iNeedPassID": "0x0",
        "m_iID": "6",
        "m_iNoteType": "27",
        "m_iNodeValue": "50",
        "m_iNodeSong": "410",
        "m_iNodeDiff": "2",
        "m_iNodeKey": "1",
        "m_iRewardType": "0",
        "m_iRewardValue": "0",
        "m_iRewardGroup": "0",
        "m_iVersion": "24010001",
        "m_iPlayStyle": "0"
    },
    {
        "@version": "1",
        "m_iFloorID": "7",
        "m_iTimeLimitID": "10101",
        "m_iNeedFriendNum": "0",
        "m_iNeedPassID": "0x0",
        "m_iID": "7",
        "m_iNoteType": "7",
        "m_iNodeValue": "4",
        "m_iNodeSong": "359",
        "m_iNodeDiff": "2",
        "m_iNodeKey": "1",
        "m_iRewardType": "0",
        "m_iRewardValue": "0",
        "m_iRewardGroup": "0",
        "m_iVersion": "24010001",
        "m_iPlayStyle": "0"
    },
    {
        "@version": "1",
        "m_iFloorID": "8",
        "m_iTimeLimitID": "10101",
        "m_iNeedFriendNum": "0",
        "m_iNeedPassID": "0x0",
        "m_iID": "8",
        "m_iNoteType": "19",
        "m_iNodeValue": "70",
        "m_iNodeSong": "371",
        "m_iNodeDiff": "3",
        "m_iNodeKey": "1",
        "m_iRewardType": "0",
        "m_iRewardValue": "0",
        "m_iRewardGroup": "0",
        "m_iVersion": "24010001",
        "m_iPlayStyle": "0"
    },
    {
        "@version": "1",
        "m_iFloorID": "9",
        "m_iTimeLimitID": "10101",
        "m_iNeedFriendNum": "0",
        "m_iNeedPassID": "0x0",
        "m_iID": "9",
        "m_iNoteType": "9",
        "m_iNodeValue": "10",
        "m_iNodeSong": "444",
        "m_iNodeDiff": "2",
        "m_iNodeKey": "1",
        "m_iRewardType": "0",
        "m_iRewardValue": "0",
        "m_iRewardGroup": "0",
        "m_iVersion": "24010001",
        "m_iPlayStyle": "0"
    },
    {
        "@version": "1",
        "m_iFloorID": "10",
        "m_iTimeLimitID": "10101",
        "m_iNeedFriendNum": "0",
        "m_iNeedPassID": "0x0",
        "m_iID": "10",
        "m_iNoteType": "18",
        "m_iNodeValue": "0",
        "m_iNodeSong": "423",
        "m_iNodeDiff": "3",
        "m_iNodeKey": "1",
        "m_iRewardType": "1",
        "m_iRewardValue": "0",
        "m_iRewardGroup": "6",
        "m_iVersion": "24010001",
        "m_iPlayStyle": "0"
    },
    {
        "@version": "1",
        "m_iFloorID": "11",
        "m_iTimeLimitID": "10101",
        "m_iNeedFriendNum": "0",
        "m_iNeedPassID": "0x0",
        "m_iID": "11",
        "m_iNoteType": "7",
        "m_iNodeValue": "4",
        "m_iNodeSong": "374",
        "m_iNodeDiff": "2",
        "m_iNodeKey": "1",
        "m_iRewardType": "0",
        "m_iRewardValue": "0",
        "m_iRewardGroup": "0",
        "m_iVersion": "24010001",
        "m_iPlayStyle": "0"
    },
    {
        "@version": "1",
        "m_iFloorID": "12",
        "m_iTimeLimitID": "10101",
        "m_iNeedFriendNum": "0",
        "m_iNeedPassID": "0x0",
        "m_iID": "12",
        "m_iNoteType": "27",
        "m_iNodeValue": "60",
        "m_iNodeSong": "509",
        "m_iNodeDiff": "3",
        "m_iNodeKey": "1",
        "m_iRewardType": "0",
        "m_iRewardValue": "0",
        "m_iRewardGroup": "0",
        "m_iVersion": "24010001",
        "m_iPlayStyle": "0"
    },
    {
        "@version": "1",
        "m_iFloorID": "13",
        "m_iTimeLimitID": "10101",
        "m_iNeedFriendNum": "0",
        "m_iNeedPassID": "0x0",
        "m_iID": "13",
        "m_iNoteType": "19",
        "m_iNodeValue": "70",
        "m_iNodeSong": "455",
        "m_iNodeDiff": "2",
        "m_iNodeKey": "1",
        "m_iRewardType": "0",
        "m_iRewardValue": "0",
        "m_iRewardGroup": "0",
        "m_iVersion": "24010001",
        "m_iPlayStyle": "0"
    },
    {
        "@version": "1",
        "m_iFloorID": "14",
        "m_iTimeLimitID": "10101",
        "m_iNeedFriendNum": "0",
        "m_iNeedPassID": "0x0",
        "m_iID": "14",
        "m_iNoteType": "11",
        "m_iNodeValue": "15",
        "m_iNodeSong": "486",
        "m_iNodeDiff": "3",
        "m_iNodeKey": "2",
        "m_iRewardType": "0",
        "m_iRewardValue": "0",
        "m_iRewardGroup": "0",
        "m_iVersion": "24010001",
        "m_iPlayStyle": "0"
    },
    {
        "@version": "1",
        "m_iFloorID": "15",
        "m_iTimeLimitID": "10101",
        "m_iNeedFriendNum": "0",
        "m_iNeedPassID": "0x0",
        "m_iID": "15",
        "m_iNoteType": "7",
        "m_iNodeValue": "4",
        "m_iNodeSong": "442",
        "m_iNodeDiff": "3",
        "m_iNodeKey": "1",
        "m_iRewardType": "1",
        "m_iRewardValue": "0",
        "m_iRewardGroup": "7",
        "m_iVersion": "24010001",
        "m_iPlayStyle": "0"
    },
    {
        "@version": "1",
        "m_iFloorID": "16",
        "m_iTimeLimitID": "10101",
        "m_iNeedFriendNum": "0",
        "m_iNeedPassID": "0x0",
        "m_iID": "16",
        "m_iNoteType": "11",
        "m_iNodeValue": "15",
        "m_iNodeSong": "554",
        "m_iNodeDiff": "3",
        "m_iNodeKey": "1",
        "m_iRewardType": "0",
        "m_iRewardValue": "0",
        "m_iRewardGroup": "0",
        "m_iVersion": "24010001",
        "m_iPlayStyle": "0"
    },
    {
        "@version": "1",
        "m_iFloorID": "17",
        "m_iTimeLimitID": "10101",
        "m_iNeedFriendNum": "0",
        "m_iNeedPassID": "0x0",
        "m_iID": "17",
        "m_iNoteType": "27",
        "m_iNodeValue": "60",
        "m_iNodeSong": "547",
        "m_iNodeDiff": "3",
        "m_iNodeKey": "1",
        "m_iRewardType": "0",
        "m_iRewardValue": "0",
        "m_iRewardGroup": "0",
        "m_iVersion": "24010001",
        "m_iPlayStyle": "0"
    },
    {
        "@version": "1",
        "m_iFloorID": "18",
        "m_iTimeLimitID": "10101",
        "m_iNeedFriendNum": "0",
        "m_iNeedPassID": "0x0",
        "m_iID": "18",
        "m_iNoteType": "18",
        "m_iNodeValue": "0",
        "m_iNodeSong": "570",
        "m_iNodeDiff": "3",
        "m_iNodeKey": "1",
        "m_iRewardType": "0",
        "m_iRewardValue": "0",
        "m_iRewardGroup": "0",
        "m_iVersion": "24010001",
        "m_iPlayStyle": "0"
    },
    {
        "@version": "1",
        "m_iFloorID": "19",
        "m_iTimeLimitID": "10101",
        "m_iNeedFriendNum": "0",
        "m_iNeedPassID": "0x0",
        "m_iID": "19",
        "m_iNoteType": "14",
        "m_iNodeValue": "0",
        "m_iNodeSong": "537",
        "m_iNodeDiff": "3",
        "m_iNodeKey": "1",
        "m_iRewardType": "0",
        "m_iRewardValue": "0",
        "m_iRewardGroup": "0",
        "m_iVersion": "24010001",
        "m_iPlayStyle": "2"
    },
    {
        "@version": "1",
        "m_iFloorID": "20",
        "m_iTimeLimitID": "10101",
        "m_iNeedFriendNum": "0",
        "m_iNeedPassID": "0x0",
        "m_iID": "20",
        "m_iNoteType": "19",
        "m_iNodeValue": "95",
        "m_iNodeSong": "520",
        "m_iNodeDiff": "3",
        "m_iNodeKey": "1",
        "m_iRewardType": "1",
        "m_iRewardValue": "0",
        "m_iRewardGroup": "13",
        "m_iVersion": "24010001",
        "m_iPlayStyle": "0"
    },
    {
        "@version": "1",
        "m_iFloorID": "21",
        "m_iTimeLimitID": "10102",
        "m_iNeedFriendNum": "0",
        "m_iNeedPassID": "0x0",
        "m_iID": "1",
        "m_iNoteType": "9",
        "m_iNodeValue": "10",
        "m_iNodeSong": "467",
        "m_iNodeDiff": "1",
        "m_iNodeKey": "2",
        "m_iRewardType": "1",
        "m_iRewardValue": "0",
        "m_iRewardGroup": "4",
        "m_iVersion": "24010001",
        "m_iPlayStyle": "0"
    },
    {
        "@version": "1",
        "m_iFloorID": "22",
        "m_iTimeLimitID": "10102",
        "m_iNeedFriendNum": "0",
        "m_iNeedPassID": "0x0",
        "m_iID": "2",
        "m_iNoteType": "7",
        "m_iNodeValue": "3",
        "m_iNodeSong": "424",
        "m_iNodeDiff": "2",
        "m_iNodeKey": "1",
        "m_iRewardType": "0",
        "m_iRewardValue": "0",
        "m_iRewardGroup": "0",
        "m_iVersion": "24010001",
        "m_iPlayStyle": "0"
    },
    {
        "@version": "1",
        "m_iFloorID": "23",
        "m_iTimeLimitID": "10102",
        "m_iNeedFriendNum": "0",
        "m_iNeedPassID": "0x0",
        "m_iID": "3",
        "m_iNoteType": "19",
        "m_iNodeValue": "85",
        "m_iNodeSong": "418",
        "m_iNodeDiff": "2",
        "m_iNodeKey": "1",
        "m_iRewardType": "0",
        "m_iRewardValue": "0",
        "m_iRewardGroup": "0",
        "m_iVersion": "24010001",
        "m_iPlayStyle": "0"
    },
    {
        "@version": "1",
        "m_iFloorID": "24",
        "m_iTimeLimitID": "10102",
        "m_iNeedFriendNum": "0",
        "m_iNeedPassID": "0x0",
        "m_iID": "4",
        "m_iNoteType": "7",
        "m_iNodeValue": "4",
        "m_iNodeSong": "358",
        "m_iNodeDiff": "2",
        "m_iNodeKey": "1",
        "m_iRewardType": "0",
        "m_iRewardValue": "0",
        "m_iRewardGroup": "0",
        "m_iVersion": "24010001",
        "m_iPlayStyle": "0"
    },
    {
        "@version": "1",
        "m_iFloorID": "25",
        "m_iTimeLimitID": "10102",
        "m_iNeedFriendNum": "0",
        "m_iNeedPassID": "0x0",
        "m_iID": "5",
        "m_iNoteType": "11",
        "m_iNodeValue": "3",
        "m_iNodeSong": "445",
        "m_iNodeDiff": "2",
        "m_iNodeKey": "1",
        "m_iRewardType": "1",
        "m_iRewardValue": "0",
        "m_iRewardGroup": "5",
        "m_iVersion": "24010001",
        "m_iPlayStyle": "0"
    },
    {
        "@version": "1",
        "m_iFloorID": "26",
        "m_iTimeLimitID": "10102",
        "m_iNeedFriendNum": "0",
        "m_iNeedPassID": "0x0",
        "m_iID": "6",
        "m_iNoteType": "7",
        "m_iNodeValue": "5",
        "m_iNodeSong": "561",
        "m_iNodeDiff": "2",
        "m_iNodeKey": "1",
        "m_iRewardType": "0",
        "m_iRewardValue": "0",
        "m_iRewardGroup": "0",
        "m_iVersion": "24010001",
        "m_iPlayStyle": "0"
    },
    {
        "@version": "1",
        "m_iFloorID": "27",
        "m_iTimeLimitID": "10102",
        "m_iNeedFriendNum": "0",
        "m_iNeedPassID": "0x0",
        "m_iID": "7",
        "m_iNoteType": "19",
        "m_iNodeValue": "98",
        "m_iNodeSong": "404",
        "m_iNodeDiff": "2",
        "m_iNodeKey": "1",
        "m_iRewardType": "0",
        "m_iRewardValue": "0",
        "m_iRewardGroup": "0",
        "m_iVersion": "24010001",
        "m_iPlayStyle": "0"
    },
    {
        "@version": "1",
        "m_iFloorID": "28",
        "m_iTimeLimitID": "10102",
        "m_iNeedFriendNum": "0",
        "m_iNeedPassID": "0x0",
        "m_iID": "8",
        "m_iNoteType": "14",
        "m_iNodeValue": "0",
        "m_iNodeSong": "417",
        "m_iNodeDiff": "2",
        "m_iNodeKey": "1",
        "m_iRewardType": "0",
        "m_iRewardValue": "0",
        "m_iRewardGroup": "0",
        "m_iVersion": "24010001",
        "m_iPlayStyle": "0"
    },
    {
        "@version": "1",
        "m_iFloorID": "29",
        "m_iTimeLimitID": "10102",
        "m_iNeedFriendNum": "0",
        "m_iNeedPassID": "0x0",
        "m_iID": "9",
        "m_iNoteType": "7",
        "m_iNodeValue": "4",
        "m_iNodeSong": "427",
        "m_iNodeDiff": "2",
        "m_iNodeKey": "1",
        "m_iRewardType": "0",
        "m_iRewardValue": "0",
        "m_iRewardGroup": "0",
        "m_iVersion": "24010001",
        "m_iPlayStyle": "0"
    },
    {
        "@version": "1",
        "m_iFloorID": "30",
        "m_iTimeLimitID": "10102",
        "m_iNeedFriendNum": "0",
        "m_iNeedPassID": "0x0",
        "m_iID": "10",
        "m_iNoteType": "11",
        "m_iNodeValue": "3",
        "m_iNodeSong": "548",
        "m_iNodeDiff": "2",
        "m_iNodeKey": "1",
        "m_iRewardType": "1",
        "m_iRewardValue": "0",
        "m_iRewardGroup": "6",
        "m_iVersion": "24010001",
        "m_iPlayStyle": "0"
    },
    {
        "@version": "1",
        "m_iFloorID": "31",
        "m_iTimeLimitID": "10102",
        "m_iNeedFriendNum": "0",
        "m_iNeedPassID": "0x0",
        "m_iID": "11",
        "m_iNoteType": "7",
        "m_iNodeValue": "5",
        "m_iNodeSong": "574",
        "m_iNodeDiff": "2",
        "m_iNodeKey": "1",
        "m_iRewardType": "0",
        "m_iRewardValue": "0",
        "m_iRewardGroup": "0",
        "m_iVersion": "24010001",
        "m_iPlayStyle": "0"
    },
    {
        "@version": "1",
        "m_iFloorID": "32",
        "m_iTimeLimitID": "10102",
        "m_iNeedFriendNum": "0",
        "m_iNeedPassID": "0x0",
        "m_iID": "12",
        "m_iNoteType": "14",
        "m_iNodeValue": "0",
        "m_iNodeSong": "543",
        "m_iNodeDiff": "3",
        "m_iNodeKey": "1",
        "m_iRewardType": "0",
        "m_iRewardValue": "0",
        "m_iRewardGroup": "0",
        "m_iVersion": "24010001",
        "m_iPlayStyle": "0"
    },
    {
        "@version": "1",
        "m_iFloorID": "33",
        "m_iTimeLimitID": "10102",
        "m_iNeedFriendNum": "0",
        "m_iNeedPassID": "0x0",
        "m_iID": "13",
        "m_iNoteType": "19",
        "m_iNodeValue": "85",
        "m_iNodeSong": "567",
        "m_iNodeDiff": "2",
        "m_iNodeKey": "1",
        "m_iRewardType": "0",
        "m_iRewardValue": "0",
        "m_iRewardGroup": "0",
        "m_iVersion": "24010001",
        "m_iPlayStyle": "0"
    },
    {
        "@version": "1",
        "m_iFloorID": "34",
        "m_iTimeLimitID": "10102",
        "m_iNeedFriendNum": "0",
        "m_iNeedPassID": "0x0",
        "m_iID": "14",
        "m_iNoteType": "7",
        "m_iNodeValue": "4",
        "m_iNodeSong": "459",
        "m_iNodeDiff": "2",
        "m_iNodeKey": "1",
        "m_iRewardType": "0",
        "m_iRewardValue": "0",
        "m_iRewardGroup": "0",
        "m_iVersion": "24010001",
        "m_iPlayStyle": "0"
    },
    {
        "@version": "1",
        "m_iFloorID": "35",
        "m_iTimeLimitID": "10102",
        "m_iNeedFriendNum": "0",
        "m_iNeedPassID": "0x0",
        "m_iID": "15",
        "m_iNoteType": "27",
        "m_iNodeValue": "85",
        "m_iNodeSong": "524",
        "m_iNodeDiff": "3",
        "m_iNodeKey": "1",
        "m_iRewardType": "1",
        "m_iRewardValue": "0",
        "m_iRewardGroup": "7",
        "m_iVersion": "24010001",
        "m_iPlayStyle": "0"
    },
    {
        "@version": "1",
        "m_iFloorID": "36",
        "m_iTimeLimitID": "10102",
        "m_iNeedFriendNum": "0",
        "m_iNeedPassID": "0x0",
        "m_iID": "16",
        "m_iNoteType": "7",
        "m_iNodeValue": "6",
        "m_iNodeSong": "480",
        "m_iNodeDiff": "3",
        "m_iNodeKey": "1",
        "m_iRewardType": "0",
        "m_iRewardValue": "0",
        "m_iRewardGroup": "0",
        "m_iVersion": "24010001",
        "m_iPlayStyle": "0"
    },
    {
        "@version": "1",
        "m_iFloorID": "37",
        "m_iTimeLimitID": "10102",
        "m_iNeedFriendNum": "0",
        "m_iNeedPassID": "0x0",
        "m_iID": "17",
        "m_iNoteType": "18",
        "m_iNodeValue": "0",
        "m_iNodeSong": "373",
        "m_iNodeDiff": "3",
        "m_iNodeKey": "1",
        "m_iRewardType": "0",
        "m_iRewardValue": "0",
        "m_iRewardGroup": "0",
        "m_iVersion": "24010001",
        "m_iPlayStyle": "0"
    },
    {
        "@version": "1",
        "m_iFloorID": "38",
        "m_iTimeLimitID": "10102",
        "m_iNeedFriendNum": "0",
        "m_iNeedPassID": "0x0",
        "m_iID": "18",
        "m_iNoteType": "14",
        "m_iNodeValue": "0",
        "m_iNodeSong": "571",
        "m_iNodeDiff": "3",
        "m_iNodeKey": "1",
        "m_iRewardType": "0",
        "m_iRewardValue": "0",
        "m_iRewardGroup": "0",
        "m_iVersion": "24010001",
        "m_iPlayStyle": "2"
    },
    {
        "@version": "1",
        "m_iFloorID": "39",
        "m_iTimeLimitID": "10102",
        "m_iNeedFriendNum": "0",
        "m_iNeedPassID": "0x0",
        "m_iID": "19",
        "m_iNoteType": "11",
        "m_iNodeValue": "3",
        "m_iNodeSong": "551",
        "m_iNodeDiff": "3",
        "m_iNodeKey": "1",
        "m_iRewardType": "0",
        "m_iRewardValue": "0",
        "m_iRewardGroup": "0",
        "m_iVersion": "24010001",
        "m_iPlayStyle": "0"
    },
    {
        "@version": "1",
        "m_iFloorID": "40",
        "m_iTimeLimitID": "10102",
        "m_iNeedFriendNum": "0",
        "m_iNeedPassID": "0x0",
        "m_iID": "20",
        "m_iNoteType": "7",
        "m_iNodeValue": "5",
        "m_iNodeSong": "520",
        "m_iNodeDiff": "3",
        "m_iNodeKey": "1",
        "m_iRewardType": "1",
        "m_iRewardValue": "0",
        "m_iRewardGroup": "13",
        "m_iVersion": "24010001",
        "m_iPlayStyle": "0"
    },
    {
        "@version": "1",
        "m_iFloorID": "41",
        "m_iTimeLimitID": "10103",
        "m_iNeedFriendNum": "0",
        "m_iNeedPassID": "0x0",
        "m_iID": "1",
        "m_iNoteType": "9",
        "m_iNodeValue": "10",
        "m_iNodeSong": "424",
        "m_iNodeDiff": "2",
        "m_iNodeKey": "1",
        "m_iRewardType": "1",
        "m_iRewardValue": "0",
        "m_iRewardGroup": "4",
        "m_iVersion": "24010001",
        "m_iPlayStyle": "0"
    },
    {
        "@version": "1",
        "m_iFloorID": "42",
        "m_iTimeLimitID": "10103",
        "m_iNeedFriendNum": "0",
        "m_iNeedPassID": "0x0",
        "m_iID": "2",
        "m_iNoteType": "19",
        "m_iNodeValue": "60",
        "m_iNodeSong": "506",
        "m_iNodeDiff": "2",
        "m_iNodeKey": "1",
        "m_iRewardType": "0",
        "m_iRewardValue": "0",
        "m_iRewardGroup": "0",
        "m_iVersion": "24010001",
        "m_iPlayStyle": "0"
    },
    {
        "@version": "1",
        "m_iFloorID": "43",
        "m_iTimeLimitID": "10103",
        "m_iNeedFriendNum": "0",
        "m_iNeedPassID": "0x0",
        "m_iID": "3",
        "m_iNoteType": "7",
        "m_iNodeValue": "3",
        "m_iNodeSong": "418",
        "m_iNodeDiff": "2",
        "m_iNodeKey": "1",
        "m_iRewardType": "0",
        "m_iRewardValue": "0",
        "m_iRewardGroup": "0",
        "m_iVersion": "24010001",
        "m_iPlayStyle": "0"
    },
    {
        "@version": "1",
        "m_iFloorID": "44",
        "m_iTimeLimitID": "10103",
        "m_iNeedFriendNum": "0",
        "m_iNeedPassID": "0x0",
        "m_iID": "4",
        "m_iNoteType": "3",
        "m_iNodeValue": "80",
        "m_iNodeSong": "358",
        "m_iNodeDiff": "2",
        "m_iNodeKey": "1",
        "m_iRewardType": "0",
        "m_iRewardValue": "0",
        "m_iRewardGroup": "0",
        "m_iVersion": "24010001",
        "m_iPlayStyle": "0"
    },
    {
        "@version": "1",
        "m_iFloorID": "45",
        "m_iTimeLimitID": "10103",
        "m_iNeedFriendNum": "0",
        "m_iNeedPassID": "0x0",
        "m_iID": "5",
        "m_iNoteType": "9",
        "m_iNodeValue": "5",
        "m_iNodeSong": "546",
        "m_iNodeDiff": "2",
        "m_iNodeKey": "2",
        "m_iRewardType": "1",
        "m_iRewardValue": "0",
        "m_iRewardGroup": "5",
        "m_iVersion": "24010001",
        "m_iPlayStyle": "0"
    },
    {
        "@version": "1",
        "m_iFloorID": "46",
        "m_iTimeLimitID": "10103",
        "m_iNeedFriendNum": "0",
        "m_iNeedPassID": "0x0",
        "m_iID": "6",
        "m_iNoteType": "14",
        "m_iNodeValue": "0",
        "m_iNodeSong": "444",
        "m_iNodeDiff": "2",
        "m_iNodeKey": "1",
        "m_iRewardType": "0",
        "m_iRewardValue": "0",
        "m_iRewardGroup": "0",
        "m_iVersion": "24010001",
        "m_iPlayStyle": "0"
    },
    {
        "@version": "1",
        "m_iFloorID": "47",
        "m_iTimeLimitID": "10103",
        "m_iNeedFriendNum": "0",
        "m_iNeedPassID": "0x0",
        "m_iID": "7",
        "m_iNoteType": "7",
        "m_iNodeValue": "4",
        "m_iNodeSong": "410",
        "m_iNodeDiff": "2",
        "m_iNodeKey": "1",
        "m_iRewardType": "0",
        "m_iRewardValue": "0",
        "m_iRewardGroup": "0",
        "m_iVersion": "24010001",
        "m_iPlayStyle": "0"
    },
    {
        "@version": "1",
        "m_iFloorID": "48",
        "m_iTimeLimitID": "10103",
        "m_iNeedFriendNum": "0",
        "m_iNeedPassID": "0x0",
        "m_iID": "8",
        "m_iNoteType": "19",
        "m_iNodeValue": "90",
        "m_iNodeSong": "565",
        "m_iNodeDiff": "2",
        "m_iNodeKey": "1",
        "m_iRewardType": "0",
        "m_iRewardValue": "0",
        "m_iRewardGroup": "0",
        "m_iVersion": "24010001",
        "m_iPlayStyle": "0"
    },
    {
        "@version": "1",
        "m_iFloorID": "49",
        "m_iTimeLimitID": "10103",
        "m_iNeedFriendNum": "0",
        "m_iNeedPassID": "0x0",
        "m_iID": "9",
        "m_iNoteType": "11",
        "m_iNodeValue": "5",
        "m_iNodeSong": "535",
        "m_iNodeDiff": "2",
        "m_iNodeKey": "1",
        "m_iRewardType": "0",
        "m_iRewardValue": "0",
        "m_iRewardGroup": "0",
        "m_iVersion": "24010001",
        "m_iPlayStyle": "0"
    },
    {
        "@version": "1",
        "m_iFloorID": "50",
        "m_iTimeLimitID": "10103",
        "m_iNeedFriendNum": "0",
        "m_iNeedPassID": "0x0",
        "m_iID": "10",
        "m_iNoteType": "7",
        "m_iNodeValue": "5",
        "m_iNodeSong": "427",
        "m_iNodeDiff": "2",
        "m_iNodeKey": "1",
        "m_iRewardType": "1",
        "m_iRewardValue": "0",
        "m_iRewardGroup": "6",
        "m_iVersion": "24010001",
        "m_iPlayStyle": "0"
    },
    {
        "@version": "1",
        "m_iFloorID": "51",
        "m_iTimeLimitID": "10103",
        "m_iNeedFriendNum": "0",
        "m_iNeedPassID": "0x0",
        "m_iID": "11",
        "m_iNoteType": "14",
        "m_iNodeValue": "0",
        "m_iNodeSong": "420",
        "m_iNodeDiff": "3",
        "m_iNodeKey": "1",
        "m_iRewardType": "0",
        "m_iRewardValue": "0",
        "m_iRewardGroup": "0",
        "m_iVersion": "24010001",
        "m_iPlayStyle": "0"
    },
    {
        "@version": "1",
        "m_iFloorID": "52",
        "m_iTimeLimitID": "10103",
        "m_iNeedFriendNum": "0",
        "m_iNeedPassID": "0x0",
        "m_iID": "12",
        "m_iNoteType": "18",
        "m_iNodeValue": "0",
        "m_iNodeSong": "463",
        "m_iNodeDiff": "2",
        "m_iNodeKey": "1",
        "m_iRewardType": "0",
        "m_iRewardValue": "0",
        "m_iRewardGroup": "0",
        "m_iVersion": "24010001",
        "m_iPlayStyle": "0"
    },
    {
        "@version": "1",
        "m_iFloorID": "53",
        "m_iTimeLimitID": "10103",
        "m_iNeedFriendNum": "0",
        "m_iNeedPassID": "0x0",
        "m_iID": "13",
        "m_iNoteType": "7",
        "m_iNodeValue": "5",
        "m_iNodeSong": "455",
        "m_iNodeDiff": "2",
        "m_iNodeKey": "1",
        "m_iRewardType": "0",
        "m_iRewardValue": "0",
        "m_iRewardGroup": "0",
        "m_iVersion": "24010001",
        "m_iPlayStyle": "0"
    },
    {
        "@version": "1",
        "m_iFloorID": "54",
        "m_iTimeLimitID": "10103",
        "m_iNeedFriendNum": "0",
        "m_iNeedPassID": "0x0",
        "m_iID": "14",
        "m_iNoteType": "19",
        "m_iNodeValue": "90",
        "m_iNodeSong": "544",
        "m_iNodeDiff": "2",
        "m_iNodeKey": "1",
        "m_iRewardType": "0",
        "m_iRewardValue": "0",
        "m_iRewardGroup": "0",
        "m_iVersion": "24010001",
        "m_iPlayStyle": "0"
    },
    {
        "@version": "1",
        "m_iFloorID": "55",
        "m_iTimeLimitID": "10103",
        "m_iNeedFriendNum": "0",
        "m_iNeedPassID": "0x0",
        "m_iID": "15",
        "m_iNoteType": "9",
        "m_iNodeValue": "3",
        "m_iNodeSong": "440",
        "m_iNodeDiff": "3",
        "m_iNodeKey": "1",
        "m_iRewardType": "1",
        "m_iRewardValue": "0",
        "m_iRewardGroup": "7",
        "m_iVersion": "24010001",
        "m_iPlayStyle": "0"
    },
    {
        "@version": "1",
        "m_iFloorID": "56",
        "m_iTimeLimitID": "10103",
        "m_iNeedFriendNum": "0",
        "m_iNeedPassID": "0x0",
        "m_iID": "16",
        "m_iNoteType": "11",
        "m_iNodeValue": "5",
        "m_iNodeSong": "373",
        "m_iNodeDiff": "3",
        "m_iNodeKey": "1",
        "m_iRewardType": "0",
        "m_iRewardValue": "0",
        "m_iRewardGroup": "0",
        "m_iVersion": "24010001",
        "m_iPlayStyle": "0"
    },
    {
        "@version": "1",
        "m_iFloorID": "57",
        "m_iTimeLimitID": "10103",
        "m_iNeedFriendNum": "0",
        "m_iNeedPassID": "0x0",
        "m_iID": "17",
        "m_iNoteType": "18",
        "m_iNodeValue": "0",
        "m_iNodeSong": "564",
        "m_iNodeDiff": "3",
        "m_iNodeKey": "1",
        "m_iRewardType": "0",
        "m_iRewardValue": "0",
        "m_iRewardGroup": "0",
        "m_iVersion": "24010001",
        "m_iPlayStyle": "2"
    },
    {
        "@version": "1",
        "m_iFloorID": "58",
        "m_iTimeLimitID": "10103",
        "m_iNeedFriendNum": "0",
        "m_iNeedPassID": "0x0",
        "m_iID": "18",
        "m_iNoteType": "25",
        "m_iNodeValue": "95",
        "m_iNodeSong": "512",
        "m_iNodeDiff": "3",
        "m_iNodeKey": "1",
        "m_iRewardType": "0",
        "m_iRewardValue": "0",
        "m_iRewardGroup": "0",
        "m_iVersion": "24010001",
        "m_iPlayStyle": "0"
    },
    {
        "@version": "1",
        "m_iFloorID": "59",
        "m_iTimeLimitID": "10103",
        "m_iNeedFriendNum": "0",
        "m_iNeedPassID": "0x0",
        "m_iID": "19",
        "m_iNoteType": "14",
        "m_iNodeValue": "0",
        "m_iNodeSong": "520",
        "m_iNodeDiff": "3",
        "m_iNodeKey": "1",
        "m_iRewardType": "0",
        "m_iRewardValue": "0",
        "m_iRewardGroup": "0",
        "m_iVersion": "24010001",
        "m_iPlayStyle": "0"
    },
    {
        "@version": "1",
        "m_iFloorID": "60",
        "m_iTimeLimitID": "10103",
        "m_iNeedFriendNum": "0",
        "m_iNeedPassID": "0x0",
        "m_iID": "20",
        "m_iNoteType": "7",
        "m_iNodeValue": "5",
        "m_iNodeSong": "537",
        "m_iNodeDiff": "3",
        "m_iNodeKey": "1",
        "m_iRewardType": "1",
        "m_iRewardValue": "0",
        "m_iRewardGroup": "13",
        "m_iVersion": "24010001",
        "m_iPlayStyle": "0"
    },
    {
        "@version": "1",
        "m_iFloorID": "61",
        "m_iTimeLimitID": "10104",
        "m_iNeedFriendNum": "0",
        "m_iNeedPassID": "0x0",
        "m_iID": "1",
        "m_iNoteType": "7",
        "m_iNodeValue": "3",
        "m_iNodeSong": "424",
        "m_iNodeDiff": "2",
        "m_iNodeKey": "1",
        "m_iRewardType": "1",
        "m_iRewardValue": "0",
        "m_iRewardGroup": "4",
        "m_iVersion": "24010001",
        "m_iPlayStyle": "0"
    },
    {
        "@version": "1",
        "m_iFloorID": "62",
        "m_iTimeLimitID": "10104",
        "m_iNeedFriendNum": "0",
        "m_iNeedPassID": "0x0",
        "m_iID": "2",
        "m_iNoteType": "15",
        "m_iNodeValue": "0",
        "m_iNodeSong": "386",
        "m_iNodeDiff": "2",
        "m_iNodeKey": "1",
        "m_iRewardType": "0",
        "m_iRewardValue": "0",
        "m_iRewardGroup": "0",
        "m_iVersion": "24010001",
        "m_iPlayStyle": "0"
    },
    {
        "@version": "1",
        "m_iFloorID": "63",
        "m_iTimeLimitID": "10104",
        "m_iNeedFriendNum": "0",
        "m_iNeedPassID": "0x0",
        "m_iID": "3",
        "m_iNoteType": "9",
        "m_iNodeValue": "10",
        "m_iNodeSong": "470",
        "m_iNodeDiff": "2",
        "m_iNodeKey": "1",
        "m_iRewardType": "0",
        "m_iRewardValue": "0",
        "m_iRewardGroup": "0",
        "m_iVersion": "24010001",
        "m_iPlayStyle": "0"
    },
    {
        "@version": "1",
        "m_iFloorID": "64",
        "m_iTimeLimitID": "10104",
        "m_iNeedFriendNum": "0",
        "m_iNeedPassID": "0x0",
        "m_iID": "4",
        "m_iNoteType": "7",
        "m_iNodeValue": "4",
        "m_iNodeSong": "573",
        "m_iNodeDiff": "2",
        "m_iNodeKey": "1",
        "m_iRewardType": "0",
        "m_iRewardValue": "0",
        "m_iRewardGroup": "0",
        "m_iVersion": "24010001",
        "m_iPlayStyle": "0"
    },
    {
        "@version": "1",
        "m_iFloorID": "65",
        "m_iTimeLimitID": "10104",
        "m_iNeedFriendNum": "0",
        "m_iNeedPassID": "0x0",
        "m_iID": "5",
        "m_iNoteType": "18",
        "m_iNodeValue": "0",
        "m_iNodeSong": "418",
        "m_iNodeDiff": "2",
        "m_iNodeKey": "1",
        "m_iRewardType": "1",
        "m_iRewardValue": "0",
        "m_iRewardGroup": "5",
        "m_iVersion": "24010001",
        "m_iPlayStyle": "0"
    },
    {
        "@version": "1",
        "m_iFloorID": "66",
        "m_iTimeLimitID": "10104",
        "m_iNeedFriendNum": "0",
        "m_iNeedPassID": "0x0",
        "m_iID": "6",
        "m_iNoteType": "27",
        "m_iNodeValue": "75",
        "m_iNodeSong": "410",
        "m_iNodeDiff": "2",
        "m_iNodeKey": "1",
        "m_iRewardType": "0",
        "m_iRewardValue": "0",
        "m_iRewardGroup": "0",
        "m_iVersion": "24010001",
        "m_iPlayStyle": "0"
    },
    {
        "@version": "1",
        "m_iFloorID": "67",
        "m_iTimeLimitID": "10104",
        "m_iNeedFriendNum": "0",
        "m_iNeedPassID": "0x0",
        "m_iID": "7",
        "m_iNoteType": "19",
        "m_iNodeValue": "85",
        "m_iNodeSong": "370",
        "m_iNodeDiff": "2",
        "m_iNodeKey": "1",
        "m_iRewardType": "0",
        "m_iRewardValue": "0",
        "m_iRewardGroup": "0",
        "m_iVersion": "24010001",
        "m_iPlayStyle": "0"
    },
    {
        "@version": "1",
        "m_iFloorID": "68",
        "m_iTimeLimitID": "10104",
        "m_iNeedFriendNum": "0",
        "m_iNeedPassID": "0x0",
        "m_iID": "8",
        "m_iNoteType": "7",
        "m_iNodeValue": "4",
        "m_iNodeSong": "567",
        "m_iNodeDiff": "2",
        "m_iNodeKey": "1",
        "m_iRewardType": "0",
        "m_iRewardValue": "0",
        "m_iRewardGroup": "0",
        "m_iVersion": "24010001",
        "m_iPlayStyle": "0"
    },
    {
        "@version": "1",
        "m_iFloorID": "69",
        "m_iTimeLimitID": "10104",
        "m_iNeedFriendNum": "0",
        "m_iNeedPassID": "0x0",
        "m_iID": "9",
        "m_iNoteType": "18",
        "m_iNodeValue": "0",
        "m_iNodeSong": "404",
        "m_iNodeDiff": "2",
        "m_iNodeKey": "1",
        "m_iRewardType": "0",
        "m_iRewardValue": "0",
        "m_iRewardGroup": "0",
        "m_iVersion": "24010001",
        "m_iPlayStyle": "0"
    },
    {
        "@version": "1",
        "m_iFloorID": "70",
        "m_iTimeLimitID": "10104",
        "m_iNeedFriendNum": "0",
        "m_iNeedPassID": "0x0",
        "m_iID": "10",
        "m_iNoteType": "11",
        "m_iNodeValue": "15",
        "m_iNodeSong": "441",
        "m_iNodeDiff": "3",
        "m_iNodeKey": "1",
        "m_iRewardType": "1",
        "m_iRewardValue": "0",
        "m_iRewardGroup": "6",
        "m_iVersion": "24010001",
        "m_iPlayStyle": "0"
    },
    {
        "@version": "1",
        "m_iFloorID": "71",
        "m_iTimeLimitID": "10104",
        "m_iNeedFriendNum": "0",
        "m_iNeedPassID": "0x0",
        "m_iID": "11",
        "m_iNoteType": "27",
        "m_iNodeValue": "75",
        "m_iNodeSong": "553",
        "m_iNodeDiff": "2",
        "m_iNodeKey": "1",
        "m_iRewardType": "0",
        "m_iRewardValue": "0",
        "m_iRewardGroup": "0",
        "m_iVersion": "24010001",
        "m_iPlayStyle": "0"
    },
    {
        "@version": "1",
        "m_iFloorID": "72",
        "m_iTimeLimitID": "10104",
        "m_iNeedFriendNum": "0",
        "m_iNeedPassID": "0x0",
        "m_iID": "12",
        "m_iNoteType": "7",
        "m_iNodeValue": "4",
        "m_iNodeSong": "499",
        "m_iNodeDiff": "3",
        "m_iNodeKey": "2",
        "m_iRewardType": "0",
        "m_iRewardValue": "0",
        "m_iRewardGroup": "0",
        "m_iVersion": "24010001",
        "m_iPlayStyle": "0"
    },
    {
        "@version": "1",
        "m_iFloorID": "73",
        "m_iTimeLimitID": "10104",
        "m_iNeedFriendNum": "0",
        "m_iNeedPassID": "0x0",
        "m_iID": "13",
        "m_iNoteType": "9",
        "m_iNodeValue": "3",
        "m_iNodeSong": "518",
        "m_iNodeDiff": "2",
        "m_iNodeKey": "1",
        "m_iRewardType": "0",
        "m_iRewardValue": "0",
        "m_iRewardGroup": "0",
        "m_iVersion": "24010001",
        "m_iPlayStyle": "0"
    },
    {
        "@version": "1",
        "m_iFloorID": "74",
        "m_iTimeLimitID": "10104",
        "m_iNeedFriendNum": "0",
        "m_iNeedPassID": "0x0",
        "m_iID": "14",
        "m_iNoteType": "19",
        "m_iNodeValue": "85",
        "m_iNodeSong": "459",
        "m_iNodeDiff": "2",
        "m_iNodeKey": "1",
        "m_iRewardType": "0",
        "m_iRewardValue": "0",
        "m_iRewardGroup": "0",
        "m_iVersion": "24010001",
        "m_iPlayStyle": "0"
    },
    {
        "@version": "1",
        "m_iFloorID": "75",
        "m_iTimeLimitID": "10104",
        "m_iNeedFriendNum": "0",
        "m_iNeedPassID": "0x0",
        "m_iID": "15",
        "m_iNoteType": "7",
        "m_iNodeValue": "4",
        "m_iNodeSong": "457",
        "m_iNodeDiff": "3",
        "m_iNodeKey": "2",
        "m_iRewardType": "1",
        "m_iRewardValue": "0",
        "m_iRewardGroup": "7",
        "m_iVersion": "24010001",
        "m_iPlayStyle": "0"
    },
    {
        "@version": "1",
        "m_iFloorID": "76",
        "m_iTimeLimitID": "10104",
        "m_iNeedFriendNum": "0",
        "m_iNeedPassID": "0x0",
        "m_iID": "16",
        "m_iNoteType": "14",
        "m_iNodeValue": "0",
        "m_iNodeSong": "564",
        "m_iNodeDiff": "3",
        "m_iNodeKey": "1",
        "m_iRewardType": "0",
        "m_iRewardValue": "0",
        "m_iRewardGroup": "0",
        "m_iVersion": "24010001",
        "m_iPlayStyle": "0"
    },
    {
        "@version": "1",
        "m_iFloorID": "77",
        "m_iTimeLimitID": "10104",
        "m_iNeedFriendNum": "0",
        "m_iNeedPassID": "0x0",
        "m_iID": "17",
        "m_iNoteType": "7",
        "m_iNodeValue": "5",
        "m_iNodeSong": "545",
        "m_iNodeDiff": "3",
        "m_iNodeKey": "1",
        "m_iRewardType": "0",
        "m_iRewardValue": "0",
        "m_iRewardGroup": "0",
        "m_iVersion": "24010001",
        "m_iPlayStyle": "0"
    },
    {
        "@version": "1",
        "m_iFloorID": "78",
        "m_iTimeLimitID": "10104",
        "m_iNeedFriendNum": "0",
        "m_iNeedPassID": "0x0",
        "m_iID": "18",
        "m_iNoteType": "27",
        "m_iNodeValue": "75",
        "m_iNodeSong": "524",
        "m_iNodeDiff": "3",
        "m_iNodeKey": "1",
        "m_iRewardType": "0",
        "m_iRewardValue": "0",
        "m_iRewardGroup": "0",
        "m_iVersion": "24010001",
        "m_iPlayStyle": "0"
    },
    {
        "@version": "1",
        "m_iFloorID": "79",
        "m_iTimeLimitID": "10104",
        "m_iNeedFriendNum": "0",
        "m_iNeedPassID": "0x0",
        "m_iID": "19",
        "m_iNoteType": "19",
        "m_iNodeValue": "85",
        "m_iNodeSong": "512",
        "m_iNodeDiff": "3",
        "m_iNodeKey": "1",
        "m_iRewardType": "0",
        "m_iRewardValue": "0",
        "m_iRewardGroup": "0",
        "m_iVersion": "24010001",
        "m_iPlayStyle": "2"
    },
    {
        "@version": "1",
        "m_iFloorID": "80",
        "m_iTimeLimitID": "10104",
        "m_iNeedFriendNum": "0",
        "m_iNeedPassID": "0x0",
        "m_iID": "20",
        "m_iNoteType": "7",
        "m_iNodeValue": "5",
        "m_iNodeSong": "571",
        "m_iNodeDiff": "3",
        "m_iNodeKey": "1",
        "m_iRewardType": "1",
        "m_iRewardValue": "0",
        "m_iRewardGroup": "13",
        "m_iVersion": "24010001",
        "m_iPlayStyle": "0"
    }
]