[
    {
        "@version": "1",
        "m_ushAreaID": "1",
        "m_szAreaName": "北京",
        "m_iVersion": "0"
    },
    {
        "@version": "1",
        "m_ushAreaID": "2",
        "m_szAreaName": "上海",
        "m_iVersion": "0"
    },
    {
        "@version": "1",
        "m_ushAreaID": "3",
        "m_szAreaName": "重庆",
        "m_iVersion": "0"
    },
    {
        "@version": "1",
        "m_ushAreaID": "4",
        "m_szAreaName": "天津",
        "m_iVersion": "0"
    },
    {
        "@version": "1",
        "m_ushAreaID": "5",
        "m_szAreaName": "广东",
        "m_iVersion": "0"
    },
    {
        "@version": "1",
        "m_ushAreaID": "6",
        "m_szAreaName": "广西",
        "m_iVersion": "0"
    },
    {
        "@version": "1",
        "m_ushAreaID": "7",
        "m_szAreaName": "海南",
        "m_iVersion": "0"
    },
    {
        "@version": "1",
        "m_ushAreaID": "8",
        "m_szAreaName": "浙江",
        "m_iVersion": "0"
    },
    {
        "@version": "1",
        "m_ushAreaID": "9",
        "m_szAreaName": "江苏",
        "m_iVersion": "0"
    },
    {
        "@version": "1",
        "m_ushAreaID": "10",
        "m_szAreaName": "江西",
        "m_iVersion": "0"
    },
    {
        "@version": "1",
        "m_ushAreaID": "11",
        "m_szAreaName": "安徽",
        "m_iVersion": "0"
    },
    {
        "@version": "1",
        "m_ushAreaID": "12",
        "m_szAreaName": "福建",
        "m_iVersion": "0"
    },
    {
        "@version": "1",
        "m_ushAreaID": "13",
        "m_szAreaName": "山东",
        "m_iVersion": "0"
    },
    {
        "@version": "1",
        "m_ushAreaID": "14",
        "m_szAreaName": "山西",
        "m_iVersion": "0"
    },
    {
        "@version": "1",
        "m_ushAreaID": "15",
        "m_szAreaName": "内蒙古",
        "m_iVersion": "0"
    },
    {
        "@version": "1",
        "m_ushAreaID": "16",
        "m_szAreaName": "河北",
        "m_iVersion": "0"
    },
    {
        "@version": "1",
        "m_ushAreaID": "17",
        "m_szAreaName": "河南",
        "m_iVersion": "0"
    },
    {
        "@version": "1",
        "m_ushAreaID": "18",
        "m_szAreaName": "湖南",
        "m_iVersion": "0"
    },
    {
        "@version": "1",
        "m_ushAreaID": "19",
        "m_szAreaName": "湖北",
        "m_iVersion": "0"
    },
    {
        "@version": "1",
        "m_ushAreaID": "20",
        "m_szAreaName": "陕西",
        "m_iVersion": "0"
    },
    {
        "@version": "1",
        "m_ushAreaID": "21",
        "m_szAreaName": "青海",
        "m_iVersion": "0"
    },
    {
        "@version": "1",
        "m_ushAreaID": "22",
        "m_szAreaName": "甘肃",
        "m_iVersion": "0"
    },
    {
        "@version": "1",
        "m_ushAreaID": "23",
        "m_szAreaName": "宁夏",
        "m_iVersion": "0"
    },
    {
        "@version": "1",
        "m_ushAreaID": "24",
        "m_szAreaName": "新疆",
        "m_iVersion": "0"
    },
    {
        "@version": "1",
        "m_ushAreaID": "25",
        "m_szAreaName": "四川",
        "m_iVersion": "0"
    },
    {
        "@version": "1",
        "m_ushAreaID": "26",
        "m_szAreaName": "云南",
        "m_iVersion": "0"
    },
    {
        "@version": "1",
        "m_ushAreaID": "27",
        "m_szAreaName": "贵州",
        "m_iVersion": "0"
    },
    {
        "@version": "1",
        "m_ushAreaID": "28",
        "m_szAreaName": "西藏",
        "m_iVersion": "0"
    },
    {
        "@version": "1",
        "m_ushAreaID": "29",
        "m_szAreaName": "黑龙江",
        "m_iVersion": "0"
    },
    {
        "@version": "1",
        "m_ushAreaID": "30",
        "m_szAreaName": "吉林",
        "m_iVersion": "0"
    },
    {
        "@version": "1",
        "m_ushAreaID": "31",
        "m_szAreaName": "辽宁",
        "m_iVersion": "0"
    },
    {
        "@version": "1",
        "m_ushAreaID": "32",
        "m_szAreaName": "香港",
        "m_iVersion": "0"
    },
    {
        "@version": "1",
        "m_ushAreaID": "33",
        "m_szAreaName": "澳门",
        "m_iVersion": "0"
    },
    {
        "@version": "1",
        "m_ushAreaID": "34",
        "m_szAreaName": "台湾",
        "m_iVersion": "0"
    },
    {
        "@version": "1",
        "m_ushAreaID": "35",
        "m_szAreaName": "海外",
        "m_iVersion": "0"
    }
]