[
    {
        "@version": "1",
        "m_uiID": "0",
        "m_ucType": "0x0",
        "m_ucSubType": "0x0",
        "m_szProductID": "0产品ID",
        "m_szDesc": "0描述",
        "m_uiCost": "0",
        "m_uiValue": "0",
        "m_uiPresentValue": "0",
        "m_iVersion": "0"
    },
    {
        "@version": "1",
        "m_uiID": "1",
        "m_ucType": "0x2",
        "m_ucSubType": "0x0",
        "m_szProductID": "600",
        "m_szDesc": null,
        "m_uiCost": "6",
        "m_uiValue": "600",
        "m_uiPresentValue": "0",
        "m_iVersion": "0"
    },
    {
        "@version": "1",
        "m_uiID": "2",
        "m_ucType": "0x2",
        "m_ucSubType": "0x0",
        "m_szProductID": "1800",
        "m_szDesc": null,
        "m_uiCost": "18",
        "m_uiValue": "1800",
        "m_uiPresentValue": "0",
        "m_iVersion": "0"
    },
    {
        "@version": "1",
        "m_uiID": "3",
        "m_ucType": "0x2",
        "m_ucSubType": "0x0",
        "m_szProductID": "3000",
        "m_szDesc": null,
        "m_uiCost": "30",
        "m_uiValue": "3000",
        "m_uiPresentValue": "0",
        "m_iVersion": "0"
    },
    {
        "@version": "1",
        "m_uiID": "4",
        "m_ucType": "0x2",
        "m_ucSubType": "0x0",
        "m_szProductID": "9800",
        "m_szDesc": null,
        "m_uiCost": "98",
        "m_uiValue": "9800",
        "m_uiPresentValue": "0",
        "m_iVersion": "0"
    },
    {
        "@version": "1",
        "m_uiID": "5",
        "m_ucType": "0x4",
        "m_ucSubType": "0x2",
        "m_szProductID": "30",
        "m_szDesc": "赠送300钻石  每日登录可额外领取15钻石",
        "m_uiCost": "30",
        "m_uiValue": "30",
        "m_uiPresentValue": "0",
        "m_iVersion": "0"
    },
    {
        "@version": "1",
        "m_uiID": "6",
        "m_ucType": "0x3",
        "m_ucSubType": "0x0",
        "m_szProductID": "60",
        "m_szDesc": null,
        "m_uiCost": "6",
        "m_uiValue": "60",
        "m_uiPresentValue": "0",
        "m_iVersion": "0"
    },
    {
        "@version": "1",
        "m_uiID": "7",
        "m_ucType": "0x3",
        "m_ucSubType": "0x0",
        "m_szProductID": "190",
        "m_szDesc": null,
        "m_uiCost": "18",
        "m_uiValue": "180",
        "m_uiPresentValue": "0",
        "m_iVersion": "0"
    },
    {
        "@version": "1",
        "m_uiID": "8",
        "m_ucType": "0x3",
        "m_ucSubType": "0x0",
        "m_szProductID": "320",
        "m_szDesc": null,
        "m_uiCost": "30",
        "m_uiValue": "300",
        "m_uiPresentValue": "0",
        "m_iVersion": "0"
    },
    {
        "@version": "1",
        "m_uiID": "9",
        "m_ucType": "0x3",
        "m_ucSubType": "0x0",
        "m_szProductID": "1050",
        "m_szDesc": null,
        "m_uiCost": "98",
        "m_uiValue": "980",
        "m_uiPresentValue": "0",
        "m_iVersion": "0"
    },
    {
        "@version": "1",
        "m_uiID": "10",
        "m_ucType": "0x3",
        "m_ucSubType": "0x0",
        "m_szProductID": "2450",
        "m_szDesc": null,
        "m_uiCost": "228",
        "m_uiValue": "2280",
        "m_uiPresentValue": "0",
        "m_iVersion": "0"
    }
]