[
    {
        "@version": "1",
        "m_ushActiveID": "0",
        "m_ucActiveType": "0x0",
        "m_iNumber": "0",
        "m_ucRewardNumber": "0x0"
    },
    {
        "@version": "1",
        "m_ushActiveID": "1",
        "m_ucActiveType": "0x1",
        "m_iNumber": "1",
        "m_ucRewardNumber": "0x2",
        "m_astReward": [
            {
                "@type": "ActiveReward",
                "m_ucRewardType": "0x1",
                "m_iRewardID": "0",
                "m_iRewardValue": "40"
            },
            {
                "@type": "ActiveReward",
                "m_ucRewardType": "0x1",
                "m_iRewardID": "0",
                "m_iRewardValue": "20"
            }
        ]
    },
    {
        "@version": "1",
        "m_ushActiveID": "2",
        "m_ucActiveType": "0x1",
        "m_iNumber": "2",
        "m_ucRewardNumber": "0x2",
        "m_astReward": [
            {
                "@type": "ActiveReward",
                "m_ucRewardType": "0x1",
                "m_iRewardID": "0",
                "m_iRewardValue": "60"
            },
            {
                "@type": "ActiveReward",
                "m_ucRewardType": "0x5",
                "m_iRewardID": "1",
                "m_iRewardValue": "2"
            }
        ]
    },
    {
        "@version": "1",
        "m_ushActiveID": "3",
        "m_ucActiveType": "0x1",
        "m_iNumber": "3",
        "m_ucRewardNumber": "0x2",
        "m_astReward": [
            {
                "@type": "ActiveReward",
                "m_ucRewardType": "0x1",
                "m_iRewardID": "0",
                "m_iRewardValue": "64"
            },
            {
                "@type": "ActiveReward",
                "m_ucRewardType": "0x7",
                "m_iRewardID": "0",
                "m_iRewardValue": "4"
            }
        ]
    },
    {
        "@version": "1",
        "m_ushActiveID": "4",
        "m_ucActiveType": "0x1",
        "m_iNumber": "4",
        "m_ucRewardNumber": "0x2",
        "m_astReward": [
            {
                "@type": "ActiveReward",
                "m_ucRewardType": "0x1",
                "m_iRewardID": "0",
                "m_iRewardValue": "68"
            },
            {
                "@type": "ActiveReward",
                "m_ucRewardType": "0x1",
                "m_iRewardID": "0",
                "m_iRewardValue": "50"
            }
        ]
    },
    {
        "@version": "1",
        "m_ushActiveID": "5",
        "m_ucActiveType": "0x1",
        "m_iNumber": "5",
        "m_ucRewardNumber": "0x2",
        "m_astReward": [
            {
                "@type": "ActiveReward",
                "m_ucRewardType": "0x1",
                "m_iRewardID": "0",
                "m_iRewardValue": "72"
            },
            {
                "@type": "ActiveReward",
                "m_ucRewardType": "0xb",
                "m_iRewardID": "0",
                "m_iRewardValue": "108"
            }
        ]
    },
    {
        "@version": "1",
        "m_ushActiveID": "6",
        "m_ucActiveType": "0x1",
        "m_iNumber": "6",
        "m_ucRewardNumber": "0x2",
        "m_astReward": [
            {
                "@type": "ActiveReward",
                "m_ucRewardType": "0x1",
                "m_iRewardID": "0",
                "m_iRewardValue": "80"
            },
            {
                "@type": "ActiveReward",
                "m_ucRewardType": "0x5",
                "m_iRewardID": "404",
                "m_iRewardValue": "1"
            }
        ]
    },
    {
        "@version": "1",
        "m_ushActiveID": "7",
        "m_ucActiveType": "0x1",
        "m_iNumber": "7",
        "m_ucRewardNumber": "0x2",
        "m_astReward": [
            {
                "@type": "ActiveReward",
                "m_ucRewardType": "0x1",
                "m_iRewardID": "0",
                "m_iRewardValue": "100"
            },
            {
                "@type": "ActiveReward",
                "m_ucRewardType": "0x7",
                "m_iRewardID": "0",
                "m_iRewardValue": "12"
            }
        ]
    }
]