[
    {
        "@version": "1",
        "m_ushID": "0",
        "m_szDesc": null
    },
    {
        "@version": "1",
        "m_ushID": "0",
        "m_szDesc": null
    },
    {
        "@version": "1",
        "m_ushID": "0",
        "m_szDesc": null
    },
    {
        "@version": "1",
        "m_ushID": "1",
        "m_szDesc": "命中率达到%d%以上"
    },
    {
        "@version": "1",
        "m_ushID": "2",
        "m_szDesc": "命中率低于%d%，不死过关"
    },
    {
        "@version": "1",
        "m_ushID": "3",
        "m_szDesc": "结算时血量不低于总血量%d%"
    },
    {
        "@version": "1",
        "m_ushID": "4",
        "m_szDesc": "结算时血量不超过%d%"
    },
    {
        "@version": "1",
        "m_ushID": "5",
        "m_szDesc": "最高连击数达到%d个"
    },
    {
        "@version": "1",
        "m_ushID": "6",
        "m_szDesc": "最高连击数不超过%d个"
    },
    {
        "@version": "1",
        "m_ushID": "7",
        "m_szDesc": "结算评价达到%s"
    },
    {
        "@version": "1",
        "m_ushID": "8",
        "m_szDesc": "[漏击]不少于%d，不死过关"
    },
    {
        "@version": "1",
        "m_ushID": "9",
        "m_szDesc": "[漏击]不超过%d个"
    },
    {
        "@version": "1",
        "m_ushID": "10",
        "m_szDesc": "结算时[很棒]不少于%d个"
    },
    {
        "@version": "1",
        "m_ushID": "11",
        "m_szDesc": "结算时[很棒]不超过%d个"
    },
    {
        "@version": "1",
        "m_ushID": "12",
        "m_szDesc": "结算时[完美]不少于%d个"
    },
    {
        "@version": "1",
        "m_ushID": "13",
        "m_szDesc": "结算时[完美]不超过%d个"
    },
    {
        "@version": "1",
        "m_ushID": "14",
        "m_szDesc": "歌曲达到全部连击"
    },
    {
        "@version": "1",
        "m_ushID": "15",
        "m_szDesc": "不死完成这首歌曲"
    },
    {
        "@version": "1",
        "m_ushID": "16",
        "m_szDesc": "歌曲分数不少于%d分"
    },
    {
        "@version": "1",
        "m_ushID": "17",
        "m_szDesc": "歌曲分数不超过%d分"
    },
    {
        "@version": "1",
        "m_ushID": "18",
        "m_szDesc": "歌曲完成时血量为满血"
    },
    {
        "@version": "1",
        "m_ushID": "19",
        "m_szDesc": "[完美]不少于总音符数的%d%"
    },
    {
        "@version": "1",
        "m_ushID": "20",
        "m_szDesc": "[完美]不超过总音符数的%d%"
    },
    {
        "@version": "1",
        "m_ushID": "21",
        "m_szDesc": "[很棒]不少于总音符数的%d%"
    },
    {
        "@version": "1",
        "m_ushID": "22",
        "m_szDesc": "[很棒]不超过总音符数的%d%"
    },
    {
        "@version": "1",
        "m_ushID": "23",
        "m_szDesc": "[漏击]不少于总音符数的%d%"
    },
    {
        "@version": "1",
        "m_ushID": "24",
        "m_szDesc": "[漏击]不超过总音符数%d%"
    },
    {
        "@version": "1",
        "m_ushID": "25",
        "m_szDesc": "分数不低于总分的%d%"
    },
    {
        "@version": "1",
        "m_ushID": "26",
        "m_szDesc": "分数不超过总分的%d%"
    },
    {
        "@version": "1",
        "m_ushID": "27",
        "m_szDesc": "连击不低于总音符数的%d%"
    },
    {
        "@version": "1",
        "m_ushID": "28",
        "m_szDesc": "连击不超过总音符数的%d%"
    },
    {
        "@version": "1",
        "m_ushID": "29",
        "m_szDesc": null
    },
    {
        "@version": "1",
        "m_ushID": "30",
        "m_szDesc": null
    },
    {
        "@version": "1",
        "m_ushID": "31",
        "m_szDesc": null
    },
    {
        "@version": "1",
        "m_ushID": "32",
        "m_szDesc": null
    },
    {
        "@version": "1",
        "m_ushID": "33",
        "m_szDesc": null
    },
    {
        "@version": "1",
        "m_ushID": "34",
        "m_szDesc": null
    },
    {
        "@version": "1",
        "m_ushID": "35",
        "m_szDesc": null
    },
    {
        "@version": "1",
        "m_ushID": "36",
        "m_szDesc": null
    },
    {
        "@version": "1",
        "m_ushID": "37",
        "m_szDesc": null
    },
    {
        "@version": "1",
        "m_ushID": "38",
        "m_szDesc": null
    },
    {
        "@version": "1",
        "m_ushID": "39",
        "m_szDesc": null
    },
    {
        "@version": "1",
        "m_ushID": "40",
        "m_szDesc": null
    },
    {
        "@version": "1",
        "m_ushID": "41",
        "m_szDesc": null
    },
    {
        "@version": "1",
        "m_ushID": "42",
        "m_szDesc": null
    },
    {
        "@version": "1",
        "m_ushID": "43",
        "m_szDesc": null
    },
    {
        "@version": "1",
        "m_ushID": "44",
        "m_szDesc": null
    },
    {
        "@version": "1",
        "m_ushID": "45",
        "m_szDesc": null
    },
    {
        "@version": "1",
        "m_ushID": "46",
        "m_szDesc": null
    },
    {
        "@version": "1",
        "m_ushID": "47",
        "m_szDesc": null
    },
    {
        "@version": "1",
        "m_ushID": "48",
        "m_szDesc": null
    },
    {
        "@version": "1",
        "m_ushID": "49",
        "m_szDesc": null
    },
    {
        "@version": "1",
        "m_ushID": "51",
        "m_szDesc": null
    },
    {
        "@version": "1",
        "m_ushID": "52",
        "m_szDesc": null
    },
    {
        "@version": "1",
        "m_ushID": "53",
        "m_szDesc": null
    },
    {
        "@version": "1",
        "m_ushID": "54",
        "m_szDesc": null
    },
    {
        "@version": "1",
        "m_ushID": "55",
        "m_szDesc": null
    },
    {
        "@version": "1",
        "m_ushID": "56",
        "m_szDesc": null
    },
    {
        "@version": "1",
        "m_ushID": "57",
        "m_szDesc": null
    },
    {
        "@version": "1",
        "m_ushID": "58",
        "m_szDesc": null
    },
    {
        "@version": "1",
        "m_ushID": "59",
        "m_szDesc": null
    },
    {
        "@version": "1",
        "m_ushID": "60",
        "m_szDesc": null
    },
    {
        "@version": "1",
        "m_ushID": "61",
        "m_szDesc": null
    },
    {
        "@version": "1",
        "m_ushID": "62",
        "m_szDesc": null
    },
    {
        "@version": "1",
        "m_ushID": "63",
        "m_szDesc": null
    },
    {
        "@version": "1",
        "m_ushID": "64",
        "m_szDesc": null
    },
    {
        "@version": "1",
        "m_ushID": "65",
        "m_szDesc": null
    },
    {
        "@version": "1",
        "m_ushID": "66",
        "m_szDesc": null
    },
    {
        "@version": "1",
        "m_ushID": "67",
        "m_szDesc": null
    },
    {
        "@version": "1",
        "m_ushID": "68",
        "m_szDesc": null
    },
    {
        "@version": "1",
        "m_ushID": "69",
        "m_szDesc": null
    },
    {
        "@version": "1",
        "m_ushID": "70",
        "m_szDesc": null
    },
    {
        "@version": "1",
        "m_ushID": "71",
        "m_szDesc": null
    },
    {
        "@version": "1",
        "m_ushID": "72",
        "m_szDesc": null
    },
    {
        "@version": "1",
        "m_ushID": "73",
        "m_szDesc": null
    },
    {
        "@version": "1",
        "m_ushID": "74",
        "m_szDesc": null
    },
    {
        "@version": "1",
        "m_ushID": "75",
        "m_szDesc": null
    },
    {
        "@version": "1",
        "m_ushID": "76",
        "m_szDesc": null
    },
    {
        "@version": "1",
        "m_ushID": "77",
        "m_szDesc": null
    },
    {
        "@version": "1",
        "m_ushID": "78",
        "m_szDesc": null
    },
    {
        "@version": "1",
        "m_ushID": "79",
        "m_szDesc": null
    },
    {
        "@version": "1",
        "m_ushID": "80",
        "m_szDesc": null
    },
    {
        "@version": "1",
        "m_ushID": "81",
        "m_szDesc": null
    },
    {
        "@version": "1",
        "m_ushID": "82",
        "m_szDesc": null
    },
    {
        "@version": "1",
        "m_ushID": "83",
        "m_szDesc": null
    },
    {
        "@version": "1",
        "m_ushID": "1001",
        "m_szDesc": "完成 %d难度 的歌曲 %d 次"
    },
    {
        "@version": "1",
        "m_ushID": "1002",
        "m_szDesc": "完成 %d键 的歌曲 %d 次"
    },
    {
        "@version": "1",
        "m_ushID": "1003",
        "m_szDesc": "完成 %d键 %s难度 的歌曲 %d 次"
    },
    {
        "@version": "1",
        "m_ushID": "1004",
        "m_szDesc": "完成 等级小于%d %s难度 的歌曲 %d 次"
    },
    {
        "@version": "1",
        "m_ushID": "1005",
        "m_szDesc": "完成 等级小于%d %d键 的歌曲 %d 次"
    },
    {
        "@version": "1",
        "m_ushID": "1006",
        "m_szDesc": "完成 等级小于%d %d键 %s难度 的歌曲 %d 次"
    },
    {
        "@version": "1",
        "m_ushID": "1007",
        "m_szDesc": "完成 等级大于%d %s难度 的歌曲 %d 次"
    },
    {
        "@version": "1",
        "m_ushID": "1008",
        "m_szDesc": "完成 等级大于%d %d键 的歌曲 %d 次"
    },
    {
        "@version": "1",
        "m_ushID": "1009",
        "m_szDesc": "完成 等级大于%d %d键 %s难度 的歌曲 %d 次"
    },
    {
        "@version": "1",
        "m_ushID": "1010",
        "m_szDesc": "完成 等级%d %s难度 的歌曲 %d 次"
    },
    {
        "@version": "1",
        "m_ushID": "1011",
        "m_szDesc": "完成 等级%d %d键 的歌曲 %d 次"
    },
    {
        "@version": "1",
        "m_ushID": "1012",
        "m_szDesc": "完成 等级%d %d键 %s难度 的歌曲 %d 次"
    },
    {
        "@version": "1",
        "m_ushID": "1013",
        "m_szDesc": "完成 等级小于%d 的歌曲 %d 次"
    },
    {
        "@version": "1",
        "m_ushID": "1014",
        "m_szDesc": "完成 等级大于%d 的歌曲 %d 次"
    },
    {
        "@version": "1",
        "m_ushID": "1015",
        "m_szDesc": "完成 等级%d 的歌曲 %d 次"
    },
    {
        "@version": "1",
        "m_ushID": "1016",
        "m_szDesc": "完成歌曲 %s %d 次"
    },
    {
        "@version": "1",
        "m_ushID": "1017",
        "m_szDesc": "完成歌曲 %s %d 次"
    },
    {
        "@version": "1",
        "m_ushID": "1018",
        "m_szDesc": "完成专辑 %s %d 次"
    },
    {
        "@version": "1",
        "m_ushID": "1019",
        "m_szDesc": "使用道具 %s %d 次"
    },
    {
        "@version": "1",
        "m_ushID": "1020",
        "m_szDesc": "装备角色 %s 完成歌曲 %d 次"
    },
    {
        "@version": "1",
        "m_ushID": "1021",
        "m_szDesc": "血量大于%d 时完成歌曲 %d 次"
    },
    {
        "@version": "1",
        "m_ushID": "1022",
        "m_szDesc": "血量小于%d 时完成歌曲 %d 次"
    },
    {
        "@version": "1",
        "m_ushID": "1023",
        "m_szDesc": "血量等于%d 时完成歌曲 %d 次"
    },
    {
        "@version": "1",
        "m_ushID": "1024",
        "m_szDesc": "满血完成歌曲 %d 次"
    },
    {
        "@version": "1",
        "m_ushID": "1025",
        "m_szDesc": "最大连击大于%d% 时完成歌曲 %d 次"
    },
    {
        "@version": "1",
        "m_ushID": "1026",
        "m_szDesc": "最大连击小于%d% 时完成歌曲 %d 次"
    },
    {
        "@version": "1",
        "m_ushID": "1027",
        "m_szDesc": "最大连击大于%d 时完成歌曲 %d 次"
    },
    {
        "@version": "1",
        "m_ushID": "1028",
        "m_szDesc": "最大连击小于%d 时完成歌曲 %d 次"
    },
    {
        "@version": "1",
        "m_ushID": "1029",
        "m_szDesc": "Fever 次数大于%d  时完成歌曲 %d 次"
    },
    {
        "@version": "1",
        "m_ushID": "1030",
        "m_szDesc": "分数大于%d 时完成歌曲 %d 次"
    },
    {
        "@version": "1",
        "m_ushID": "1031",
        "m_szDesc": "分数小于%d 时完成歌曲 %d 次"
    },
    {
        "@version": "1",
        "m_ushID": "1032",
        "m_szDesc": "评价为 %d 或以上时完成歌曲 %d 次"
    },
    {
        "@version": "1",
        "m_ushID": "1033",
        "m_szDesc": "评价为 %d 或以下时完成歌曲 %d 次"
    },
    {
        "@version": "1",
        "m_ushID": "1034",
        "m_szDesc": "评价为 %d 时完成歌曲 %d 次"
    },
    {
        "@version": "1",
        "m_ushID": "1035",
        "m_szDesc": "判定 Perfect 大于 %d 时完成歌曲 %d 次"
    },
    {
        "@version": "1",
        "m_ushID": "1036",
        "m_szDesc": "判定 Perfect 小于 %d 时完成歌曲 %d 次"
    },
    {
        "@version": "1",
        "m_ushID": "1037",
        "m_szDesc": "判定 Perfect 等于 %d 时完成歌曲 %d 次"
    },
    {
        "@version": "1",
        "m_ushID": "1038",
        "m_szDesc": "判定 Great 大于 %d 时完成歌曲 %d 次"
    },
    {
        "@version": "1",
        "m_ushID": "1039",
        "m_szDesc": "判定 Great 小于 %d 时完成歌曲 %d 次"
    },
    {
        "@version": "1",
        "m_ushID": "1040",
        "m_szDesc": "判定 Great 等于 %d 时完成歌曲 %d 次"
    },
    {
        "@version": "1",
        "m_ushID": "1041",
        "m_szDesc": "判定 Miss 大于 %d 时完成歌曲 %d 次"
    },
    {
        "@version": "1",
        "m_ushID": "1042",
        "m_szDesc": "判定 Miss 小于 %d 时完成歌曲 %d 次"
    },
    {
        "@version": "1",
        "m_ushID": "1043",
        "m_szDesc": "判定 Miss 等于 %d 时完成歌曲 %d 次"
    },
    {
        "@version": "1",
        "m_ushID": "1044",
        "m_szDesc": "完成歌曲时达成全部连击 %d 次"
    },
    {
        "@version": "1",
        "m_ushID": "1045",
        "m_szDesc": "完成歌曲时达成完美演奏 %d 次"
    },
    {
        "@version": "1",
        "m_ushID": "1046",
        "m_szDesc": "判定 Perfect 百分比大于 %d% 时完成歌曲 %d 次"
    },
    {
        "@version": "1",
        "m_ushID": "1047",
        "m_szDesc": "判定 Perfect 百分比小于 %d% 时完成歌曲 %d 次"
    },
    {
        "@version": "1",
        "m_ushID": "1048",
        "m_szDesc": "判定 Perfect 百分比等于 %d% 时完成歌曲 %d 次"
    },
    {
        "@version": "1",
        "m_ushID": "1049",
        "m_szDesc": "判定 Great 百分比大于 %d% 时完成歌曲 %d 次"
    },
    {
        "@version": "1",
        "m_ushID": "1050",
        "m_szDesc": "判定 Great 百分比小于 %d% 时完成歌曲 %d 次"
    },
    {
        "@version": "1",
        "m_ushID": "1051",
        "m_szDesc": "判定 Great 百分比等于 %d% 时完成歌曲 %d 次"
    },
    {
        "@version": "1",
        "m_ushID": "1052",
        "m_szDesc": "判定 Miss 百分比大于 %d% 时完成歌曲 %d 次"
    },
    {
        "@version": "1",
        "m_ushID": "1053",
        "m_szDesc": "判定 Miss 百分比小于 %d% 时完成歌曲 %d 次"
    },
    {
        "@version": "1",
        "m_ushID": "1054",
        "m_szDesc": "判定 Miss 百分比等于 %d% 时完成歌曲 %d 次"
    },
    {
        "@version": "1",
        "m_ushID": "2001",
        "m_szDesc": "累计 闯关过关 %d 关"
    },
    {
        "@version": "1",
        "m_ushID": "2002",
        "m_szDesc": "累计 闯关星星 %d 个"
    },
    {
        "@version": "1",
        "m_ushID": "2003",
        "m_szDesc": "PK 游玩 %d 次"
    },
    {
        "@version": "1",
        "m_ushID": "2004",
        "m_szDesc": "PK 胜利 %d 次"
    },
    {
        "@version": "1",
        "m_ushID": "2005",
        "m_szDesc": "完成歌曲 %d 次"
    },
    {
        "@version": "1",
        "m_ushID": "2006",
        "m_szDesc": "累计 连击 %d 个"
    },
    {
        "@version": "1",
        "m_ushID": "2007",
        "m_szDesc": "累计 分数 %d 分"
    },
    {
        "@version": "1",
        "m_ushID": "2008",
        "m_szDesc": "累计 PERFECT判定 %d 个"
    },
    {
        "@version": "1",
        "m_ushID": "2009",
        "m_szDesc": "累计 GREAT判定 %d 个"
    },
    {
        "@version": "1",
        "m_ushID": "2010",
        "m_szDesc": "累计 MISS判定 %d 个"
    },
    {
        "@version": "1",
        "m_ushID": "2011",
        "m_szDesc": "累计 击键数 %d 个"
    },
    {
        "@version": "1",
        "m_ushID": "2012",
        "m_szDesc": "累计 充值 %d 元"
    },
    {
        "@version": "1",
        "m_ushID": "2013",
        "m_szDesc": "累计 充值 %d 次"
    }
]