[
    {
        "@version": "1",
        "m_ushID": "0",
        "m_ucType": "0x0",
        "m_iThingID": "0",
        "m_szItemName": "0 显示名称",
        "m_szDescriptionName": "0 显示描述(背包",
        "m_szBeginTime": "0 道具开始启用的时间",
        "m_szEndTime": "0 没有过期日期就是不能卖掉",
        "m_uSellType": "0",
        "m_uSellNumber": "0",
        "m_iIconID": "0",
        "m_ucIsStackable": "0x0",
        "m_iDisabled": "0"
    },
    {
        "@version": "1",
        "m_ushID": "1",
        "m_ucType": "0x5",
        "m_iThingID": "1",
        "m_szItemName": "[漏击]消除",
        "m_szDescriptionName": "使用后可抵消3次[漏击]判定",
        "m_szBeginTime": "2020-01-01 00:00:00",
        "m_szEndTime": null,
        "m_uSellType": "0",
        "m_uSellNumber": "0",
        "m_iIconID": "1",
        "m_ucIsStackable": "0x1",
        "m_iDisabled": "0"
    },
    {
        "@version": "1",
        "m_ushID": "2",
        "m_ucType": "0x5",
        "m_iThingID": "2",
        "m_szItemName": "血量回复",
        "m_szDescriptionName": "血量低于20%时自动补满",
        "m_szBeginTime": "2020-01-01 00:00:00",
        "m_szEndTime": null,
        "m_uSellType": "0",
        "m_uSellNumber": "0",
        "m_iIconID": "2",
        "m_ucIsStackable": "0x1",
        "m_iDisabled": "0"
    },
    {
        "@version": "1",
        "m_ushID": "3",
        "m_ucType": "0x5",
        "m_iThingID": "3",
        "m_szItemName": "血量增加",
        "m_szDescriptionName": "增加50%生命值上限",
        "m_szBeginTime": "2020-01-01 00:00:00",
        "m_szEndTime": null,
        "m_uSellType": "0",
        "m_uSellNumber": "0",
        "m_iIconID": "0",
        "m_ucIsStackable": "0x1",
        "m_iDisabled": "0"
    },
    {
        "@version": "1",
        "m_ushID": "4",
        "m_ucType": "0x5",
        "m_iThingID": "4",
        "m_szItemName": "防护罩",
        "m_szDescriptionName": "血量低于10%时进入10秒无敌状态",
        "m_szBeginTime": "2020-01-01 00:00:00",
        "m_szEndTime": null,
        "m_uSellType": "0",
        "m_uSellNumber": "0",
        "m_iIconID": "0",
        "m_ucIsStackable": "0x1",
        "m_iDisabled": "0"
    },
    {
        "@version": "1",
        "m_ushID": "6",
        "m_ucType": "0x5",
        "m_iThingID": "6",
        "m_szItemName": "抵消[很棒]",
        "m_szDescriptionName": "将五个[很棒]修改为[完美]判定",
        "m_szBeginTime": "2020-01-01 00:00:00",
        "m_szEndTime": null,
        "m_uSellType": "0",
        "m_uSellNumber": "0",
        "m_iIconID": "6",
        "m_ucIsStackable": "0x1",
        "m_iDisabled": "0"
    },
    {
        "@version": "1",
        "m_ushID": "7",
        "m_ucType": "0x5",
        "m_iThingID": "7",
        "m_szItemName": "双倍经验",
        "m_szDescriptionName": "本局游戏获得基础经验提高100%",
        "m_szBeginTime": "2020-01-01 00:00:00",
        "m_szEndTime": null,
        "m_uSellType": "0",
        "m_uSellNumber": "0",
        "m_iIconID": "7",
        "m_ucIsStackable": "0x1",
        "m_iDisabled": "0"
    },
    {
        "@version": "1",
        "m_ushID": "8",
        "m_ucType": "0x5",
        "m_iThingID": "8",
        "m_szItemName": "不死鸟",
        "m_szDescriptionName": "本局游戏不会中途死亡",
        "m_szBeginTime": "2020-01-01 00:00:00",
        "m_szEndTime": null,
        "m_uSellType": "0",
        "m_uSellNumber": "0",
        "m_iIconID": "8",
        "m_ucIsStackable": "0x1",
        "m_iDisabled": "0"
    },
    {
        "@version": "1",
        "m_ushID": "9",
        "m_ucType": "0x5",
        "m_iThingID": "9",
        "m_szItemName": "普通幸运道具",
        "m_szDescriptionName": "随机获得神秘效果",
        "m_szBeginTime": "2020-01-01 00:00:00",
        "m_szEndTime": null,
        "m_uSellType": "0",
        "m_uSellNumber": "0",
        "m_iIconID": "122",
        "m_ucIsStackable": "0x1",
        "m_iDisabled": "0"
    },
    {
        "@version": "1",
        "m_ushID": "10",
        "m_ucType": "0x5",
        "m_iThingID": "10",
        "m_szItemName": "大[漏击]消除",
        "m_szDescriptionName": "使用后可抵消9次[漏击]判定",
        "m_szBeginTime": "2020-01-01 00:00:00",
        "m_szEndTime": null,
        "m_uSellType": "0",
        "m_uSellNumber": "0",
        "m_iIconID": "123",
        "m_ucIsStackable": "0x1",
        "m_iDisabled": "0"
    },
    {
        "@version": "1",
        "m_ushID": "402",
        "m_ucType": "0x5",
        "m_iThingID": "402",
        "m_szItemName": "留声音符",
        "m_szDescriptionName": "获得一次免费积分抽奖机会",
        "m_szBeginTime": "2020-01-01 00:00:00",
        "m_szEndTime": null,
        "m_uSellType": "0",
        "m_uSellNumber": "0",
        "m_iIconID": "402",
        "m_ucIsStackable": "0x1",
        "m_iDisabled": "0"
    },
    {
        "@version": "1",
        "m_ushID": "403",
        "m_ucType": "0x5",
        "m_iThingID": "403",
        "m_szItemName": "免费跳关",
        "m_szDescriptionName": "获得一次免费跳关机会",
        "m_szBeginTime": "2020-01-01 00:00:00",
        "m_szEndTime": null,
        "m_uSellType": "0",
        "m_uSellNumber": "0",
        "m_iIconID": "403",
        "m_ucIsStackable": "0x1",
        "m_iDisabled": "0"
    },
    {
        "@version": "1",
        "m_ushID": "404",
        "m_ucType": "0x5",
        "m_iThingID": "404",
        "m_szItemName": "88金币入场券",
        "m_szDescriptionName": "免门票进入88金币PK场",
        "m_szBeginTime": "2020-01-01 00:00:00",
        "m_szEndTime": null,
        "m_uSellType": "0",
        "m_uSellNumber": "0",
        "m_iIconID": "404",
        "m_ucIsStackable": "0x1",
        "m_iDisabled": "0"
    },
    {
        "@version": "1",
        "m_ushID": "405",
        "m_ucType": "0x5",
        "m_iThingID": "405",
        "m_szItemName": "398金币入场券",
        "m_szDescriptionName": "免门票进入398金币PK场",
        "m_szBeginTime": "2020-01-01 00:00:00",
        "m_szEndTime": null,
        "m_uSellType": "0",
        "m_uSellNumber": "0",
        "m_iIconID": "405",
        "m_ucIsStackable": "0x1",
        "m_iDisabled": "0"
    },
    {
        "@version": "1",
        "m_ushID": "406",
        "m_ucType": "0x5",
        "m_iThingID": "406",
        "m_szItemName": "20钻入场券",
        "m_szDescriptionName": "免门票进入20钻石PK场",
        "m_szBeginTime": "2020-01-01 00:00:00",
        "m_szEndTime": null,
        "m_uSellType": "0",
        "m_uSellNumber": "0",
        "m_iIconID": "406",
        "m_ucIsStackable": "0x1",
        "m_iDisabled": "0"
    },
    {
        "@version": "1",
        "m_ushID": "407",
        "m_ucType": "0x5",
        "m_iThingID": "407",
        "m_szItemName": "188钻入场券",
        "m_szDescriptionName": "免门票进入188钻石PK场",
        "m_szBeginTime": "2020-01-01 00:00:00",
        "m_szEndTime": null,
        "m_uSellType": "0",
        "m_uSellNumber": "0",
        "m_iIconID": "407",
        "m_ucIsStackable": "0x1",
        "m_iDisabled": "0"
    },
    {
        "@version": "1",
        "m_ushID": "408",
        "m_ucType": "0x5",
        "m_iThingID": "408",
        "m_szItemName": "20钻星动入场券",
        "m_szDescriptionName": "免门票进入20钻石星动PK场",
        "m_szBeginTime": "2020-01-01 00:00:00",
        "m_szEndTime": null,
        "m_uSellType": "0",
        "m_uSellNumber": "0",
        "m_iIconID": "408",
        "m_ucIsStackable": "0x1",
        "m_iDisabled": "0"
    },
    {
        "@version": "1",
        "m_ushID": "409",
        "m_ucType": "0x5",
        "m_iThingID": "409",
        "m_szItemName": "无道具入场券",
        "m_szDescriptionName": "免门票进入88金币无道具PK场",
        "m_szBeginTime": "2020-01-01 00:00:00",
        "m_szEndTime": null,
        "m_uSellType": "0",
        "m_uSellNumber": "0",
        "m_iIconID": "409",
        "m_ucIsStackable": "0x1",
        "m_iDisabled": "0"
    },
    {
        "@version": "1",
        "m_ushID": "414",
        "m_ucType": "0x5",
        "m_iThingID": "414",
        "m_szItemName": "旋转音符",
        "m_szDescriptionName": "礼从天降活动中开启转盘",
        "m_szBeginTime": "2020-01-01 00:00:00",
        "m_szEndTime": null,
        "m_uSellType": "0",
        "m_uSellNumber": "0",
        "m_iIconID": "410",
        "m_ucIsStackable": "0x1",
        "m_iDisabled": "0"
    },
    {
        "@version": "1",
        "m_ushID": "500",
        "m_ucType": "0x5",
        "m_iThingID": "500",
        "m_szItemName": "贵族免费神秘祝福道具",
        "m_szDescriptionName": "贵族免费神秘祝福道具",
        "m_szBeginTime": "2020-01-01 00:00:00",
        "m_szEndTime": null,
        "m_uSellType": "0",
        "m_uSellNumber": "0",
        "m_iIconID": "0",
        "m_ucIsStackable": "0x1",
        "m_iDisabled": "0"
    },
    {
        "@version": "1",
        "m_ushID": "501",
        "m_ucType": "0x5",
        "m_iThingID": "0",
        "m_szItemName": "改名卡",
        "m_szDescriptionName": "使用后可以修改玩家的昵称",
        "m_szBeginTime": "2020-01-01 00:00:00",
        "m_szEndTime": null,
        "m_uSellType": "0",
        "m_uSellNumber": "0",
        "m_iIconID": "501",
        "m_ucIsStackable": "0x1",
        "m_iDisabled": "0"
    }
]