[
    {
        "@version": "1",
        "m_uItemID": "0",
        "m_uType": "0",
        "m_ucSubType": "0x0",
        "m_szItemName": "0 显示名称",
        "m_szDescription": "0 显示描述(背包",
        "m_szBeginTime": "0 道具开始启用的时间",
        "m_szEndTime": "0 道具到期后只能卖",
        "m_iSellCoin": "0",
        "m_iSellDiamond": "0",
        "m_iIconID": "0",
        "m_szResourceName": "0 Prefab 名称",
        "m_ucIsOpen": "0x0"
    },
    {
        "@version": "1",
        "m_uItemID": "21001",
        "m_uType": "15",
        "m_ucSubType": "0x1",
        "m_szItemName": "无",
        "m_szDescription": "无",
        "m_szBeginTime": "2020-01-01 00:00:00",
        "m_szEndTime": null,
        "m_iSellCoin": "0",
        "m_iSellDiamond": "0",
        "m_iIconID": "21001",
        "m_szResourceName": "1",
        "m_ucIsOpen": "0x1"
    },
    {
        "@version": "1",
        "m_uItemID": "21002",
        "m_uType": "15",
        "m_ucSubType": "0x1",
        "m_szItemName": "闯关能手",
        "m_szDescription": "老版本 999",
        "m_szBeginTime": "2020-01-01 00:00:00",
        "m_szEndTime": null,
        "m_iSellCoin": "0",
        "m_iSellDiamond": "0",
        "m_iIconID": "21001",
        "m_szResourceName": "2",
        "m_ucIsOpen": "0x0"
    },
    {
        "@version": "1",
        "m_uItemID": "21003",
        "m_uType": "15",
        "m_ucSubType": "0x1",
        "m_szItemName": "闯关精英",
        "m_szDescription": "老版本 999",
        "m_szBeginTime": "2020-01-01 00:00:00",
        "m_szEndTime": null,
        "m_iSellCoin": "0",
        "m_iSellDiamond": "0",
        "m_iIconID": "21001",
        "m_szResourceName": "3",
        "m_ucIsOpen": "0x0"
    },
    {
        "@version": "1",
        "m_uItemID": "21004",
        "m_uType": "15",
        "m_ucSubType": "0x1",
        "m_szItemName": "闯关大师",
        "m_szDescription": "老版本 999",
        "m_szBeginTime": "2020-01-01 00:00:00",
        "m_szEndTime": null,
        "m_iSellCoin": "0",
        "m_iSellDiamond": "0",
        "m_iIconID": "21001",
        "m_szResourceName": "2",
        "m_ucIsOpen": "0x0"
    },
    {
        "@version": "1",
        "m_uItemID": "21011",
        "m_uType": "15",
        "m_ucSubType": "0x1",
        "m_szItemName": "小白",
        "m_szDescription": "老版本段位",
        "m_szBeginTime": "2020-01-01 00:00:00",
        "m_szEndTime": null,
        "m_iSellCoin": "0",
        "m_iSellDiamond": "0",
        "m_iIconID": "21001",
        "m_szResourceName": "3",
        "m_ucIsOpen": "0x0"
    },
    {
        "@version": "1",
        "m_uItemID": "21012",
        "m_uType": "15",
        "m_ucSubType": "0x1",
        "m_szItemName": "入门",
        "m_szDescription": "老版本段位",
        "m_szBeginTime": "2020-01-01 00:00:00",
        "m_szEndTime": null,
        "m_iSellCoin": "0",
        "m_iSellDiamond": "0",
        "m_iIconID": "21001",
        "m_szResourceName": "2",
        "m_ucIsOpen": "0x0"
    },
    {
        "@version": "1",
        "m_uItemID": "21013",
        "m_uType": "15",
        "m_ucSubType": "0x1",
        "m_szItemName": "进阶",
        "m_szDescription": "老版本段位",
        "m_szBeginTime": "2020-01-01 00:00:00",
        "m_szEndTime": null,
        "m_iSellCoin": "0",
        "m_iSellDiamond": "0",
        "m_iIconID": "21001",
        "m_szResourceName": "3",
        "m_ucIsOpen": "0x0"
    },
    {
        "@version": "1",
        "m_uItemID": "21014",
        "m_uType": "15",
        "m_ucSubType": "0x1",
        "m_szItemName": "普通",
        "m_szDescription": "老版本段位",
        "m_szBeginTime": "2020-01-01 00:00:00",
        "m_szEndTime": null,
        "m_iSellCoin": "0",
        "m_iSellDiamond": "0",
        "m_iIconID": "21001",
        "m_szResourceName": "2",
        "m_ucIsOpen": "0x0"
    },
    {
        "@version": "1",
        "m_uItemID": "21015",
        "m_uType": "15",
        "m_ucSubType": "0x1",
        "m_szItemName": "高手",
        "m_szDescription": "老版本段位",
        "m_szBeginTime": "2020-01-01 00:00:00",
        "m_szEndTime": null,
        "m_iSellCoin": "0",
        "m_iSellDiamond": "0",
        "m_iIconID": "21001",
        "m_szResourceName": "3",
        "m_ucIsOpen": "0x0"
    },
    {
        "@version": "1",
        "m_uItemID": "21016",
        "m_uType": "15",
        "m_ucSubType": "0x1",
        "m_szItemName": "专业",
        "m_szDescription": "老版本段位",
        "m_szBeginTime": "2020-01-01 00:00:00",
        "m_szEndTime": null,
        "m_iSellCoin": "0",
        "m_iSellDiamond": "0",
        "m_iIconID": "21001",
        "m_szResourceName": "2",
        "m_ucIsOpen": "0x0"
    },
    {
        "@version": "1",
        "m_uItemID": "21017",
        "m_uType": "15",
        "m_ucSubType": "0x1",
        "m_szItemName": "大师",
        "m_szDescription": "老版本段位",
        "m_szBeginTime": "2020-01-01 00:00:00",
        "m_szEndTime": null,
        "m_iSellCoin": "0",
        "m_iSellDiamond": "0",
        "m_iIconID": "21001",
        "m_szResourceName": "3",
        "m_ucIsOpen": "0x0"
    },
    {
        "@version": "1",
        "m_uItemID": "21101",
        "m_uType": "15",
        "m_ucSubType": "0x1",
        "m_szItemName": "头像框1",
        "m_szDescription": "头像框1",
        "m_szBeginTime": "2020-01-01 00:00:00",
        "m_szEndTime": null,
        "m_iSellCoin": "0",
        "m_iSellDiamond": "0",
        "m_iIconID": "21001",
        "m_szResourceName": "2",
        "m_ucIsOpen": "0x0"
    },
    {
        "@version": "1",
        "m_uItemID": "21102",
        "m_uType": "15",
        "m_ucSubType": "0x1",
        "m_szItemName": "头像框2",
        "m_szDescription": "头像框2",
        "m_szBeginTime": "2020-01-01 00:00:00",
        "m_szEndTime": null,
        "m_iSellCoin": "0",
        "m_iSellDiamond": "0",
        "m_iIconID": "21001",
        "m_szResourceName": "3",
        "m_ucIsOpen": "0x0"
    },
    {
        "@version": "1",
        "m_uItemID": "21201",
        "m_uType": "15",
        "m_ucSubType": "0x1",
        "m_szItemName": "汪汪汪",
        "m_szDescription": "可爱的小狗最能治愈所有不开心。",
        "m_szBeginTime": "2020-01-01 00:00:00",
        "m_szEndTime": null,
        "m_iSellCoin": "0",
        "m_iSellDiamond": "0",
        "m_iIconID": "21001",
        "m_szResourceName": "10001",
        "m_ucIsOpen": "0x0"
    },
    {
        "@version": "1",
        "m_uItemID": "21202",
        "m_uType": "15",
        "m_ucSubType": "0x1",
        "m_szItemName": "忆海烁光",
        "m_szDescription": "徜徉在忆海之上，繁星闪烁，与鲸翱翔。",
        "m_szBeginTime": "2020-01-01 00:00:01",
        "m_szEndTime": null,
        "m_iSellCoin": "0",
        "m_iSellDiamond": "0",
        "m_iIconID": "21002",
        "m_szResourceName": "10002",
        "m_ucIsOpen": "0x0"
    },
    {
        "@version": "1",
        "m_uItemID": "21203",
        "m_uType": "15",
        "m_ucSubType": "0x1",
        "m_szItemName": "馥郁芳香",
        "m_szDescription": "晴空下的花朵唱着春日的歌谣。",
        "m_szBeginTime": "2020-01-01 00:00:02",
        "m_szEndTime": null,
        "m_iSellCoin": "0",
        "m_iSellDiamond": "0",
        "m_iIconID": "21003",
        "m_szResourceName": "10003",
        "m_ucIsOpen": "0x0"
    },
    {
        "@version": "1",
        "m_uItemID": "21204",
        "m_uType": "15",
        "m_ucSubType": "0x1",
        "m_szItemName": "搞怪乐园",
        "m_szDescription": "汇聚所有快乐因子将欢乐带给人们。",
        "m_szBeginTime": "2020-01-01 00:00:03",
        "m_szEndTime": null,
        "m_iSellCoin": "0",
        "m_iSellDiamond": "0",
        "m_iIconID": "21004",
        "m_szResourceName": "10004",
        "m_ucIsOpen": "0x0"
    },
    {
        "@version": "1",
        "m_uItemID": "21205",
        "m_uType": "15",
        "m_ucSubType": "0x1",
        "m_szItemName": "像素大战",
        "m_szDescription": "像素大战一触即发。",
        "m_szBeginTime": "2020-01-01 00:00:04",
        "m_szEndTime": null,
        "m_iSellCoin": "0",
        "m_iSellDiamond": "0",
        "m_iIconID": "21005",
        "m_szResourceName": "10005",
        "m_ucIsOpen": "0x0"
    },
    {
        "@version": "1",
        "m_uItemID": "21206",
        "m_uType": "15",
        "m_ucSubType": "0x1",
        "m_szItemName": "舞台演奏",
        "m_szDescription": "在舞台上闪闪发光",
        "m_szBeginTime": "2020-01-01 00:00:00",
        "m_szEndTime": null,
        "m_iSellCoin": "0",
        "m_iSellDiamond": "0",
        "m_iIconID": "21206",
        "m_szResourceName": "10006",
        "m_ucIsOpen": "0x0"
    },
    {
        "@version": "1",
        "m_uItemID": "21207",
        "m_uType": "15",
        "m_ucSubType": "0x1",
        "m_szItemName": "游乐园",
        "m_szDescription": "气球，摩天轮，棉花糖，陪你一起看夕阳。",
        "m_szBeginTime": "2020-01-01 00:00:00",
        "m_szEndTime": null,
        "m_iSellCoin": "0",
        "m_iSellDiamond": "0",
        "m_iIconID": "21207",
        "m_szResourceName": "10007",
        "m_ucIsOpen": "0x0"
    },
    {
        "@version": "1",
        "m_uItemID": "22001",
        "m_uType": "15",
        "m_ucSubType": "0x2",
        "m_szItemName": "默认名牌背景",
        "m_szDescription": "默认名牌背景",
        "m_szBeginTime": "2020-01-01 00:00:00",
        "m_szEndTime": null,
        "m_iSellCoin": "0",
        "m_iSellDiamond": "0",
        "m_iIconID": "22001",
        "m_szResourceName": "1",
        "m_ucIsOpen": "0x1"
    },
    {
        "@version": "1",
        "m_uItemID": "22002",
        "m_uType": "15",
        "m_ucSubType": "0x2",
        "m_szItemName": "闯关能手",
        "m_szDescription": "老版本 1299",
        "m_szBeginTime": "2020-01-01 00:00:00",
        "m_szEndTime": null,
        "m_iSellCoin": "0",
        "m_iSellDiamond": "0",
        "m_iIconID": "22001",
        "m_szResourceName": "2",
        "m_ucIsOpen": "0x0"
    },
    {
        "@version": "1",
        "m_uItemID": "22003",
        "m_uType": "15",
        "m_ucSubType": "0x2",
        "m_szItemName": "闯关精英",
        "m_szDescription": "老版本 1299",
        "m_szBeginTime": "2020-01-01 00:00:00",
        "m_szEndTime": null,
        "m_iSellCoin": "0",
        "m_iSellDiamond": "0",
        "m_iIconID": "22001",
        "m_szResourceName": "3",
        "m_ucIsOpen": "0x0"
    },
    {
        "@version": "1",
        "m_uItemID": "22004",
        "m_uType": "15",
        "m_ucSubType": "0x2",
        "m_szItemName": "闯关大师",
        "m_szDescription": "老版本 1299",
        "m_szBeginTime": "2020-01-01 00:00:00",
        "m_szEndTime": null,
        "m_iSellCoin": "0",
        "m_iSellDiamond": "0",
        "m_iIconID": "22001",
        "m_szResourceName": "2",
        "m_ucIsOpen": "0x0"
    },
    {
        "@version": "1",
        "m_uItemID": "22011",
        "m_uType": "15",
        "m_ucSubType": "0x2",
        "m_szItemName": "小白",
        "m_szDescription": "老版本段位",
        "m_szBeginTime": "2020-01-01 00:00:00",
        "m_szEndTime": null,
        "m_iSellCoin": "0",
        "m_iSellDiamond": "0",
        "m_iIconID": "22001",
        "m_szResourceName": "3",
        "m_ucIsOpen": "0x0"
    },
    {
        "@version": "1",
        "m_uItemID": "22012",
        "m_uType": "15",
        "m_ucSubType": "0x2",
        "m_szItemName": "入门",
        "m_szDescription": "老版本段位",
        "m_szBeginTime": "2020-01-01 00:00:00",
        "m_szEndTime": null,
        "m_iSellCoin": "0",
        "m_iSellDiamond": "0",
        "m_iIconID": "22001",
        "m_szResourceName": "2",
        "m_ucIsOpen": "0x0"
    },
    {
        "@version": "1",
        "m_uItemID": "22013",
        "m_uType": "15",
        "m_ucSubType": "0x2",
        "m_szItemName": "进阶",
        "m_szDescription": "老版本段位",
        "m_szBeginTime": "2020-01-01 00:00:00",
        "m_szEndTime": null,
        "m_iSellCoin": "0",
        "m_iSellDiamond": "0",
        "m_iIconID": "22001",
        "m_szResourceName": "3",
        "m_ucIsOpen": "0x0"
    },
    {
        "@version": "1",
        "m_uItemID": "22014",
        "m_uType": "15",
        "m_ucSubType": "0x2",
        "m_szItemName": "普通",
        "m_szDescription": "老版本段位",
        "m_szBeginTime": "2020-01-01 00:00:00",
        "m_szEndTime": null,
        "m_iSellCoin": "0",
        "m_iSellDiamond": "0",
        "m_iIconID": "22001",
        "m_szResourceName": "2",
        "m_ucIsOpen": "0x0"
    },
    {
        "@version": "1",
        "m_uItemID": "22015",
        "m_uType": "15",
        "m_ucSubType": "0x2",
        "m_szItemName": "高手",
        "m_szDescription": "老版本段位",
        "m_szBeginTime": "2020-01-01 00:00:00",
        "m_szEndTime": null,
        "m_iSellCoin": "0",
        "m_iSellDiamond": "0",
        "m_iIconID": "22001",
        "m_szResourceName": "3",
        "m_ucIsOpen": "0x0"
    },
    {
        "@version": "1",
        "m_uItemID": "22016",
        "m_uType": "15",
        "m_ucSubType": "0x2",
        "m_szItemName": "专业",
        "m_szDescription": "老版本段位",
        "m_szBeginTime": "2020-01-01 00:00:00",
        "m_szEndTime": null,
        "m_iSellCoin": "0",
        "m_iSellDiamond": "0",
        "m_iIconID": "22001",
        "m_szResourceName": "2",
        "m_ucIsOpen": "0x0"
    },
    {
        "@version": "1",
        "m_uItemID": "22017",
        "m_uType": "15",
        "m_ucSubType": "0x2",
        "m_szItemName": "大师",
        "m_szDescription": "老版本段位",
        "m_szBeginTime": "2020-01-01 00:00:00",
        "m_szEndTime": null,
        "m_iSellCoin": "0",
        "m_iSellDiamond": "0",
        "m_iIconID": "22001",
        "m_szResourceName": "3",
        "m_ucIsOpen": "0x0"
    },
    {
        "@version": "1",
        "m_uItemID": "22101",
        "m_uType": "15",
        "m_ucSubType": "0x2",
        "m_szItemName": "名牌背景1",
        "m_szDescription": "名牌背景1",
        "m_szBeginTime": "2020-01-01 00:00:00",
        "m_szEndTime": null,
        "m_iSellCoin": "0",
        "m_iSellDiamond": "0",
        "m_iIconID": "22001",
        "m_szResourceName": "2",
        "m_ucIsOpen": "0x0"
    },
    {
        "@version": "1",
        "m_uItemID": "22102",
        "m_uType": "15",
        "m_ucSubType": "0x2",
        "m_szItemName": "名牌背景2",
        "m_szDescription": "名牌背景2",
        "m_szBeginTime": "2020-01-01 00:00:00",
        "m_szEndTime": null,
        "m_iSellCoin": "0",
        "m_iSellDiamond": "0",
        "m_iIconID": "22001",
        "m_szResourceName": "3",
        "m_ucIsOpen": "0x0"
    },
    {
        "@version": "1",
        "m_uItemID": "22201",
        "m_uType": "15",
        "m_ucSubType": "0x2",
        "m_szItemName": "假日沙滩",
        "m_szDescription": "大海晚霞，沙滩黄昏。",
        "m_szBeginTime": "2020-01-01 00:00:00",
        "m_szEndTime": null,
        "m_iSellCoin": "0",
        "m_iSellDiamond": "0",
        "m_iIconID": "22201",
        "m_szResourceName": "20001",
        "m_ucIsOpen": "0x0"
    },
    {
        "@version": "1",
        "m_uItemID": "22202",
        "m_uType": "15",
        "m_ucSubType": "0x2",
        "m_szItemName": "盛夏之旅",
        "m_szDescription": "海风会吹走所有烦恼。",
        "m_szBeginTime": "2020-01-01 00:00:01",
        "m_szEndTime": null,
        "m_iSellCoin": "0",
        "m_iSellDiamond": "0",
        "m_iIconID": "22202",
        "m_szResourceName": "20002",
        "m_ucIsOpen": "0x0"
    },
    {
        "@version": "1",
        "m_uItemID": "22203",
        "m_uType": "15",
        "m_ucSubType": "0x2",
        "m_szItemName": "梦幻渐变",
        "m_szDescription": "紫色是最梦幻的颜色。",
        "m_szBeginTime": "2020-01-01 00:00:02",
        "m_szEndTime": null,
        "m_iSellCoin": "0",
        "m_iSellDiamond": "0",
        "m_iIconID": "22203",
        "m_szResourceName": "20003",
        "m_ucIsOpen": "0x0"
    },
    {
        "@version": "1",
        "m_uItemID": "22204",
        "m_uType": "15",
        "m_ucSubType": "0x2",
        "m_szItemName": "流光幻色",
        "m_szDescription": "如果不开心就去听歌吧。",
        "m_szBeginTime": "2020-01-01 00:00:03",
        "m_szEndTime": null,
        "m_iSellCoin": "0",
        "m_iSellDiamond": "0",
        "m_iIconID": "22204",
        "m_szResourceName": "20004",
        "m_ucIsOpen": "0x0"
    },
    {
        "@version": "1",
        "m_uItemID": "22205",
        "m_uType": "15",
        "m_ucSubType": "0x2",
        "m_szItemName": "贪吃小熊",
        "m_szDescription": "沉浸式宅家体验。",
        "m_szBeginTime": "2020-01-01 00:00:04",
        "m_szEndTime": null,
        "m_iSellCoin": "0",
        "m_iSellDiamond": "0",
        "m_iIconID": "22205",
        "m_szResourceName": "20005",
        "m_ucIsOpen": "0x0"
    },
    {
        "@version": "1",
        "m_uItemID": "22206",
        "m_uType": "15",
        "m_ucSubType": "0x2",
        "m_szItemName": "江南烟雨",
        "m_szDescription": "杏花微雨，山水如画。",
        "m_szBeginTime": "2020-01-01 00:00:05",
        "m_szEndTime": null,
        "m_iSellCoin": "0",
        "m_iSellDiamond": "0",
        "m_iIconID": "22206",
        "m_szResourceName": "20006",
        "m_ucIsOpen": "0x0"
    },
    {
        "@version": "1",
        "m_uItemID": "22207",
        "m_uType": "15",
        "m_ucSubType": "0x2",
        "m_szItemName": "大师归来",
        "m_szDescription": "第0赛季华丽乐章专属头像框",
        "m_szBeginTime": "2020-01-01 00:00:00",
        "m_szEndTime": null,
        "m_iSellCoin": "0",
        "m_iSellDiamond": "0",
        "m_iIconID": "22207",
        "m_szResourceName": "20006",
        "m_ucIsOpen": "0x0"
    },
    {
        "@version": "1",
        "m_uItemID": "23001",
        "m_uType": "15",
        "m_ucSubType": "0x3",
        "m_szItemName": "无",
        "m_szDescription": "无",
        "m_szBeginTime": "2020-01-01 00:00:00",
        "m_szEndTime": null,
        "m_iSellCoin": "0",
        "m_iSellDiamond": "0",
        "m_iIconID": "23001",
        "m_szResourceName": null,
        "m_ucIsOpen": "0x1"
    },
    {
        "@version": "1",
        "m_uItemID": "23002",
        "m_uType": "15",
        "m_ucSubType": "0x3",
        "m_szItemName": "闯关能手",
        "m_szDescription": "老版本 1699",
        "m_szBeginTime": "2020-01-01 00:00:00",
        "m_szEndTime": null,
        "m_iSellCoin": "0",
        "m_iSellDiamond": "0",
        "m_iIconID": "23001",
        "m_szResourceName": "2",
        "m_ucIsOpen": "0x0"
    },
    {
        "@version": "1",
        "m_uItemID": "23003",
        "m_uType": "15",
        "m_ucSubType": "0x3",
        "m_szItemName": "闯关精英",
        "m_szDescription": "老版本 1699",
        "m_szBeginTime": "2020-01-01 00:00:00",
        "m_szEndTime": null,
        "m_iSellCoin": "0",
        "m_iSellDiamond": "0",
        "m_iIconID": "23001",
        "m_szResourceName": "3",
        "m_ucIsOpen": "0x0"
    },
    {
        "@version": "1",
        "m_uItemID": "23005",
        "m_uType": "15",
        "m_ucSubType": "0x3",
        "m_szItemName": "闯关大师",
        "m_szDescription": "老版本 1699",
        "m_szBeginTime": "2020-01-01 00:00:00",
        "m_szEndTime": null,
        "m_iSellCoin": "0",
        "m_iSellDiamond": "0",
        "m_iIconID": "23001",
        "m_szResourceName": "2",
        "m_ucIsOpen": "0x0"
    },
    {
        "@version": "1",
        "m_uItemID": "23011",
        "m_uType": "15",
        "m_ucSubType": "0x3",
        "m_szItemName": "小白",
        "m_szDescription": "老版本段位",
        "m_szBeginTime": "2020-01-01 00:00:00",
        "m_szEndTime": null,
        "m_iSellCoin": "0",
        "m_iSellDiamond": "0",
        "m_iIconID": "23001",
        "m_szResourceName": "3",
        "m_ucIsOpen": "0x0"
    },
    {
        "@version": "1",
        "m_uItemID": "23012",
        "m_uType": "15",
        "m_ucSubType": "0x3",
        "m_szItemName": "入门",
        "m_szDescription": "老版本段位",
        "m_szBeginTime": "2020-01-01 00:00:00",
        "m_szEndTime": null,
        "m_iSellCoin": "0",
        "m_iSellDiamond": "0",
        "m_iIconID": "23001",
        "m_szResourceName": "2",
        "m_ucIsOpen": "0x0"
    },
    {
        "@version": "1",
        "m_uItemID": "23013",
        "m_uType": "15",
        "m_ucSubType": "0x3",
        "m_szItemName": "进阶",
        "m_szDescription": "老版本段位",
        "m_szBeginTime": "2020-01-01 00:00:00",
        "m_szEndTime": null,
        "m_iSellCoin": "0",
        "m_iSellDiamond": "0",
        "m_iIconID": "23001",
        "m_szResourceName": "3",
        "m_ucIsOpen": "0x0"
    },
    {
        "@version": "1",
        "m_uItemID": "23014",
        "m_uType": "15",
        "m_ucSubType": "0x3",
        "m_szItemName": "普通",
        "m_szDescription": "老版本段位",
        "m_szBeginTime": "2020-01-01 00:00:00",
        "m_szEndTime": null,
        "m_iSellCoin": "0",
        "m_iSellDiamond": "0",
        "m_iIconID": "23001",
        "m_szResourceName": "2",
        "m_ucIsOpen": "0x0"
    },
    {
        "@version": "1",
        "m_uItemID": "23015",
        "m_uType": "15",
        "m_ucSubType": "0x3",
        "m_szItemName": "高手",
        "m_szDescription": "老版本段位",
        "m_szBeginTime": "2020-01-01 00:00:00",
        "m_szEndTime": null,
        "m_iSellCoin": "0",
        "m_iSellDiamond": "0",
        "m_iIconID": "23001",
        "m_szResourceName": "3",
        "m_ucIsOpen": "0x0"
    },
    {
        "@version": "1",
        "m_uItemID": "23016",
        "m_uType": "15",
        "m_ucSubType": "0x3",
        "m_szItemName": "专业",
        "m_szDescription": "老版本段位",
        "m_szBeginTime": "2020-01-01 00:00:00",
        "m_szEndTime": null,
        "m_iSellCoin": "0",
        "m_iSellDiamond": "0",
        "m_iIconID": "23001",
        "m_szResourceName": "2",
        "m_ucIsOpen": "0x0"
    },
    {
        "@version": "1",
        "m_uItemID": "23017",
        "m_uType": "15",
        "m_ucSubType": "0x3",
        "m_szItemName": "大师",
        "m_szDescription": "老版本段位",
        "m_szBeginTime": "2020-01-01 00:00:00",
        "m_szEndTime": null,
        "m_iSellCoin": "0",
        "m_iSellDiamond": "0",
        "m_iIconID": "23001",
        "m_szResourceName": "3",
        "m_ucIsOpen": "0x0"
    },
    {
        "@version": "1",
        "m_uItemID": "23101",
        "m_uType": "15",
        "m_ucSubType": "0x3",
        "m_szItemName": "你好",
        "m_szDescription": null,
        "m_szBeginTime": "2020-01-01 00:00:00",
        "m_szEndTime": null,
        "m_iSellCoin": "0",
        "m_iSellDiamond": "0",
        "m_iIconID": "23001",
        "m_szResourceName": "1",
        "m_ucIsOpen": "0x0"
    },
    {
        "@version": "1",
        "m_uItemID": "23102",
        "m_uType": "15",
        "m_ucSubType": "0x3",
        "m_szItemName": "我是新手",
        "m_szDescription": null,
        "m_szBeginTime": "2020-01-01 00:00:00",
        "m_szEndTime": null,
        "m_iSellCoin": "0",
        "m_iSellDiamond": "0",
        "m_iIconID": "23001",
        "m_szResourceName": "2",
        "m_ucIsOpen": "0x0"
    },
    {
        "@version": "1",
        "m_uItemID": "23103",
        "m_uType": "15",
        "m_ucSubType": "0x3",
        "m_szItemName": "喜爱4键",
        "m_szDescription": null,
        "m_szBeginTime": "2020-01-01 00:00:00",
        "m_szEndTime": null,
        "m_iSellCoin": "0",
        "m_iSellDiamond": "0",
        "m_iIconID": "23003",
        "m_szResourceName": "3",
        "m_ucIsOpen": "0x0"
    },
    {
        "@version": "1",
        "m_uItemID": "23104",
        "m_uType": "15",
        "m_ucSubType": "0x3",
        "m_szItemName": "喜爱5键",
        "m_szDescription": null,
        "m_szBeginTime": "2020-01-01 00:00:00",
        "m_szEndTime": null,
        "m_iSellCoin": "0",
        "m_iSellDiamond": "0",
        "m_iIconID": "23001",
        "m_szResourceName": "1",
        "m_ucIsOpen": "0x0"
    },
    {
        "@version": "1",
        "m_uItemID": "23105",
        "m_uType": "15",
        "m_ucSubType": "0x3",
        "m_szItemName": "喜爱6键",
        "m_szDescription": null,
        "m_szBeginTime": "2020-01-01 00:00:00",
        "m_szEndTime": null,
        "m_iSellCoin": "0",
        "m_iSellDiamond": "0",
        "m_iIconID": "23002",
        "m_szResourceName": "2",
        "m_ucIsOpen": "0x0"
    }
]