[
    {
        "@version": "1",
        "m_ushLevelID": "1",
        "m_uiLevelUpExp": "0",
        "m_uiMaxMemberSize": "10",
        "m_uiMaxEliteSize": "1",
        "m_uiUnLockActivity": "100"
    },
    {
        "@version": "1",
        "m_ushLevelID": "2",
        "m_uiLevelUpExp": "900",
        "m_uiMaxMemberSize": "20",
        "m_uiMaxEliteSize": "1",
        "m_uiUnLockActivity": "200"
    },
    {
        "@version": "1",
        "m_ushLevelID": "3",
        "m_uiLevelUpExp": "4100",
        "m_uiMaxMemberSize": "30",
        "m_uiMaxEliteSize": "2",
        "m_uiUnLockActivity": "200"
    },
    {
        "@version": "1",
        "m_ushLevelID": "4",
        "m_uiLevelUpExp": "12200",
        "m_uiMaxMemberSize": "40",
        "m_uiMaxEliteSize": "2",
        "m_uiUnLockActivity": "300"
    },
    {
        "@version": "1",
        "m_ushLevelID": "5",
        "m_uiLevelUpExp": "30600",
        "m_uiMaxMemberSize": "50",
        "m_uiMaxEliteSize": "3",
        "m_uiUnLockActivity": "300"
    },
    {
        "@version": "1",
        "m_ushLevelID": "6",
        "m_uiLevelUpExp": "69900",
        "m_uiMaxMemberSize": "60",
        "m_uiMaxEliteSize": "3",
        "m_uiUnLockActivity": "400"
    },
    {
        "@version": "1",
        "m_ushLevelID": "7",
        "m_uiLevelUpExp": "150300",
        "m_uiMaxMemberSize": "70",
        "m_uiMaxEliteSize": "4",
        "m_uiUnLockActivity": "400"
    },
    {
        "@version": "1",
        "m_ushLevelID": "8",
        "m_uiLevelUpExp": "309900",
        "m_uiMaxMemberSize": "80",
        "m_uiMaxEliteSize": "4",
        "m_uiUnLockActivity": "500"
    },
    {
        "@version": "1",
        "m_ushLevelID": "9",
        "m_uiLevelUpExp": "620500",
        "m_uiMaxMemberSize": "90",
        "m_uiMaxEliteSize": "5",
        "m_uiUnLockActivity": "500"
    },
    {
        "@version": "1",
        "m_ushLevelID": "10",
        "m_uiLevelUpExp": "1215000",
        "m_uiMaxMemberSize": "100",
        "m_uiMaxEliteSize": "5",
        "m_uiUnLockActivity": "600"
    }
]