{
    "@version": "1",
    "m_ushSongID": "10001",
    "m_iVersion": "38",
    "m_szSongName": "最炫民族风",
    "m_cDifficulty": "0x1",
    "m_cLevel": "0x1",
    "m_szPath": "zuixuanminzufeng",
    "m_szArtist": "凤凰传奇",
    "m_szSongTime": "0.083333",
    "m_iGameTime": "120",
    "m_szRegion": "大陆",
    "m_szStyle": "古典",
    "m_szBPM": "127",
    "m_szNoteNumber": "178",
    "m_iOrderIndex": "5",
    "m_ucIsOpen": "0x1",
    "m_ucIsFree": "0x1",
    "m_ucIsHide": "0x0",
    "m_ucIsReward": "0x0",
    "m_ucIsLevelReward": "0x0",
    "m_iSongType": "0"
}