[
    {
        "@version": "1",
        "m_iBuyID": "0",
        "m_ucItemType": "0x0",
        "m_iItemID": "0",
        "m_iItemValue": "0",
        "m_iScorePresent": "0",
        "m_ucBuyType": "0x0",
        "m_iCostNum": "0"
    },
    {
        "@version": "1",
        "m_iBuyID": "1",
        "m_ucItemType": "0x3",
        "m_iItemID": "1",
        "m_iItemValue": "3",
        "m_iScorePresent": "1200",
        "m_ucBuyType": "0x3",
        "m_iCostNum": "58"
    },
    {
        "@version": "1",
        "m_iBuyID": "2",
        "m_ucItemType": "0x3",
        "m_iItemID": "1",
        "m_iItemValue": "7",
        "m_iScorePresent": "10088",
        "m_ucBuyType": "0x3",
        "m_iCostNum": "480"
    }
]