[
    {
        "@version": "1",
        "m_iBuyID": "0",
        "m_ucItemType": "0x0",
        "m_iItemID": "0",
        "m_iItemValue": "0",
        "m_ucPresentType": "0x0",
        "m_iPresentId": "0",
        "m_iPresentNum": "0",
        "m_ucBuyType": "0x0",
        "m_iCostNum": "0",
        "m_iMinClientVersion": "0"
    },
    {
        "@version": "1",
        "m_iBuyID": "1",
        "m_ucItemType": "0x3",
        "m_iItemID": "38",
        "m_iItemValue": "3",
        "m_ucPresentType": "0x5",
        "m_iPresentId": "414",
        "m_iPresentNum": "5",
        "m_ucBuyType": "0x3",
        "m_iCostNum": "58",
        "m_iMinClientVersion": "23010002"
    },
    {
        "@version": "1",
        "m_iBuyID": "2",
        "m_ucItemType": "0x3",
        "m_iItemID": "146",
        "m_iItemValue": "7",
        "m_ucPresentType": "0x5",
        "m_iPresentId": "414",
        "m_iPresentNum": "45",
        "m_ucBuyType": "0x3",
        "m_iCostNum": "480",
        "m_iMinClientVersion": "23010002"
    }
]