[
    {
        "@version": "1",
        "m_ushRoomID": "0",
        "m_ucSongType": "0x0",
        "m_ucTicketType": "0x0",
        "m_iTicketNum": "0",
        "m_ucRewardType": "0x0",
        "m_iRewardNum": "0",
        "m_iRewardIntergral": "0",
        "m_ucIsOpen": "0x0",
        "m_ucIsNewOpen": "0x0",
        "m_ucIsProp": "0x0",
        "m_iMinClientVersion": "0"
    },
    {
        "@version": "1",
        "m_ushRoomID": "1",
        "m_ucSongType": "0x1",
        "m_ucTicketType": "0x1",
        "m_iTicketNum": "88",
        "m_ucRewardType": "0x1",
        "m_iRewardNum": "150",
        "m_iRewardIntergral": "5",
        "m_ucIsOpen": "0x0",
        "m_ucIsNewOpen": "0x1",
        "m_ucIsProp": "0x1",
        "m_iMinClientVersion": "23020001"
    },
    {
        "@version": "1",
        "m_ushRoomID": "2",
        "m_ucSongType": "0x1",
        "m_ucTicketType": "0x1",
        "m_iTicketNum": "398",
        "m_ucRewardType": "0x1",
        "m_iRewardNum": "700",
        "m_iRewardIntergral": "20",
        "m_ucIsOpen": "0x0",
        "m_ucIsNewOpen": "0x1",
        "m_ucIsProp": "0x1",
        "m_iMinClientVersion": "23020001"
    },
    {
        "@version": "1",
        "m_ushRoomID": "3",
        "m_ucSongType": "0x1",
        "m_ucTicketType": "0x7",
        "m_iTicketNum": "20",
        "m_ucRewardType": "0x7",
        "m_iRewardNum": "30",
        "m_iRewardIntergral": "100",
        "m_ucIsOpen": "0x0",
        "m_ucIsNewOpen": "0x1",
        "m_ucIsProp": "0x1",
        "m_iMinClientVersion": "25070001"
    },
    {
        "@version": "1",
        "m_ushRoomID": "5",
        "m_ucSongType": "0x2",
        "m_ucTicketType": "0x7",
        "m_iTicketNum": "20",
        "m_ucRewardType": "0x7",
        "m_iRewardNum": "30",
        "m_iRewardIntergral": "100",
        "m_ucIsOpen": "0x0",
        "m_ucIsNewOpen": "0x1",
        "m_ucIsProp": "0x1",
        "m_iMinClientVersion": "25070001"
    },
    {
        "@version": "1",
        "m_ushRoomID": "6",
        "m_ucSongType": "0x1",
        "m_ucTicketType": "0x1",
        "m_iTicketNum": "88",
        "m_ucRewardType": "0x1",
        "m_iRewardNum": "150",
        "m_iRewardIntergral": "5",
        "m_ucIsOpen": "0x0",
        "m_ucIsNewOpen": "0x1",
        "m_ucIsProp": "0x0",
        "m_iMinClientVersion": "23020001"
    },
    {
        "@version": "1",
        "m_ushRoomID": "7",
        "m_ucSongType": "0x1",
        "m_ucTicketType": "0x7",
        "m_iTicketNum": "20",
        "m_ucRewardType": "0x7",
        "m_iRewardNum": "30",
        "m_iRewardIntergral": "100",
        "m_ucIsOpen": "0x0",
        "m_ucIsNewOpen": "0x1",
        "m_ucIsProp": "0x0",
        "m_iMinClientVersion": "25070001"
    },
    {
        "@version": "1",
        "m_ushRoomID": "8",
        "m_ucSongType": "0x1",
        "m_ucTicketType": "0x1",
        "m_iTicketNum": "88",
        "m_ucRewardType": "0x1",
        "m_iRewardNum": "150",
        "m_iRewardIntergral": "5",
        "m_ucIsOpen": "0x1",
        "m_ucIsNewOpen": "0x0",
        "m_ucIsProp": "0x1",
        "m_iMinClientVersion": "23010001"
    },
    {
        "@version": "1",
        "m_ushRoomID": "10",
        "m_ucSongType": "0x1",
        "m_ucTicketType": "0x7",
        "m_iTicketNum": "20",
        "m_ucRewardType": "0x7",
        "m_iRewardNum": "20",
        "m_iRewardIntergral": "10",
        "m_ucIsOpen": "0x0",
        "m_ucIsNewOpen": "0x1",
        "m_ucIsProp": "0x1",
        "m_iMinClientVersion": "25070001"
    }
]