[
    {
        "@version": "1",
        "m_iMatchID": "36",
        "m_szFilterSort1": "地区",
        "m_szFilterSort2": "城市",
        "m_szFilter1": "东北大区",
        "m_szFilter2": "沈阳"
    },
    {
        "@version": "1",
        "m_iMatchID": "37",
        "m_szFilterSort1": "地区",
        "m_szFilterSort2": "城市",
        "m_szFilter1": "东北大区",
        "m_szFilter2": "长春"
    },
    {
        "@version": "1",
        "m_iMatchID": "38",
        "m_szFilterSort1": "地区",
        "m_szFilterSort2": "城市",
        "m_szFilter1": "东北大区",
        "m_szFilter2": "鸡西"
    },
    {
        "@version": "1",
        "m_iMatchID": "39",
        "m_szFilterSort1": "地区",
        "m_szFilterSort2": "城市",
        "m_szFilter1": "华北大区",
        "m_szFilter2": "帝都"
    },
    {
        "@version": "1",
        "m_iMatchID": "40",
        "m_szFilterSort1": "地区",
        "m_szFilterSort2": "城市",
        "m_szFilter1": "华北大区",
        "m_szFilter2": "大同"
    },
    {
        "@version": "1",
        "m_iMatchID": "41",
        "m_szFilterSort1": "地区",
        "m_szFilterSort2": "城市",
        "m_szFilter1": "华北大区",
        "m_szFilter2": "天津"
    },
    {
        "@version": "1",
        "m_iMatchID": "42",
        "m_szFilterSort1": "地区",
        "m_szFilterSort2": "城市",
        "m_szFilter1": "华东大区",
        "m_szFilter2": "上海"
    },
    {
        "@version": "1",
        "m_iMatchID": "43",
        "m_szFilterSort1": "地区",
        "m_szFilterSort2": "城市",
        "m_szFilter1": "华东大区",
        "m_szFilter2": "烟台"
    },
    {
        "@version": "1",
        "m_iMatchID": "44",
        "m_szFilterSort1": "地区",
        "m_szFilterSort2": "城市",
        "m_szFilter1": "华东大区",
        "m_szFilter2": "台北"
    }
]