[
    {
        "@version": "1",
        "m_ucActivityID": "0x0",
        "m_ucActivityIcon": "0x0",
        "m_szActivityName": "0活动名称",
        "m_szActivityDesc": "0活动说明",
        "m_iGuildLevel": "0",
        "m_ucIsOpen": "0x0",
        "m_ucIsClientShow": "0x0",
        "m_iVersion": "0"
    },
    {
        "@version": "1",
        "m_ucActivityID": "0x1",
        "m_ucActivityIcon": "0x1",
        "m_szActivityName": "歌曲竞技",
        "m_szActivityDesc": "挑战战队竞技歌曲，获取活跃值奖励",
        "m_iGuildLevel": "1",
        "m_ucIsOpen": "0x1",
        "m_ucIsClientShow": "0x1",
        "m_iVersion": "23020001"
    },
    {
        "@version": "1",
        "m_ucActivityID": "0x2",
        "m_ucActivityIcon": "0x0",
        "m_szActivityName": "战队PK",
        "m_szActivityDesc": "向其它战队挑战，赢取活跃值、积分",
        "m_iGuildLevel": "2",
        "m_ucIsOpen": "0x1",
        "m_ucIsClientShow": "0x1",
        "m_iVersion": "23020001"
    },
    {
        "@version": "1",
        "m_ucActivityID": "0x3",
        "m_ucActivityIcon": "0x0",
        "m_szActivityName": null,
        "m_szActivityDesc": null,
        "m_iGuildLevel": "10",
        "m_ucIsOpen": "0x0",
        "m_ucIsClientShow": "0x1",
        "m_iVersion": "23020001"
    }
]