[
    {
        "@version": "1",
        "m_iQuestId": "0",
        "m_szQuestName": "0任务名称",
        "m_szDescription": "0任务说明",
        "m_iMethod": "0",
        "m_iNodeType": "0",
        "m_iNodeValue": "0",
        "m_iNodeLimit": "0",
        "m_iSongNodeID": "0",
        "m_iSongNodeNoteType": "0",
        "m_iRewardType": "0",
        "m_iRewardID": "0",
        "m_iRewardValue": "0"
    },
    {
        "@version": "1",
        "m_iQuestId": "1",
        "m_szQuestName": "闯关达人",
        "m_szDescription": "当天累计完成5次关卡(跳关有效)",
        "m_iMethod": "6",
        "m_iNodeType": "37",
        "m_iNodeValue": "5",
        "m_iNodeLimit": "0",
        "m_iSongNodeID": "0",
        "m_iSongNodeNoteType": "0",
        "m_iRewardType": "7",
        "m_iRewardID": "0",
        "m_iRewardValue": "2"
    },
    {
        "@version": "1",
        "m_iQuestId": "2",
        "m_szQuestName": "小试身手",
        "m_szDescription": "当天累计获得5次A以上评价",
        "m_iMethod": "7",
        "m_iNodeType": "31",
        "m_iNodeValue": "5",
        "m_iNodeLimit": "4",
        "m_iSongNodeID": "0",
        "m_iSongNodeNoteType": "0",
        "m_iRewardType": "7",
        "m_iRewardID": "0",
        "m_iRewardValue": "2"
    },
    {
        "@version": "1",
        "m_iQuestId": "3",
        "m_szQuestName": "超越好友",
        "m_szDescription": "当天累计超越2次好友",
        "m_iMethod": "15",
        "m_iNodeType": "47",
        "m_iNodeValue": "2",
        "m_iNodeLimit": "0",
        "m_iSongNodeID": "0",
        "m_iSongNodeNoteType": "0",
        "m_iRewardType": "7",
        "m_iRewardID": "0",
        "m_iRewardValue": "2"
    },
    {
        "@version": "1",
        "m_iQuestId": "4",
        "m_szQuestName": "S周闯关",
        "m_szDescription": "当天累计完成5次S周闯关",
        "m_iMethod": "4",
        "m_iNodeType": "37",
        "m_iNodeValue": "5",
        "m_iNodeLimit": "0",
        "m_iSongNodeID": "0",
        "m_iSongNodeNoteType": "0",
        "m_iRewardType": "7",
        "m_iRewardID": "0",
        "m_iRewardValue": "2"
    },
    {
        "@version": "1",
        "m_iQuestId": "5",
        "m_szQuestName": "超越自己",
        "m_szDescription": "当天累计刷新2次个人歌曲记录",
        "m_iMethod": "15",
        "m_iNodeType": "54",
        "m_iNodeValue": "2",
        "m_iNodeLimit": "0",
        "m_iSongNodeID": "0",
        "m_iSongNodeNoteType": "0",
        "m_iRewardType": "7",
        "m_iRewardID": "0",
        "m_iRewardValue": "2"
    },
    {
        "@version": "1",
        "m_iQuestId": "6",
        "m_szQuestName": "S评价",
        "m_szDescription": "当天累计获得3次S以上评价",
        "m_iMethod": "7",
        "m_iNodeType": "31",
        "m_iNodeValue": "3",
        "m_iNodeLimit": "5",
        "m_iSongNodeID": "0",
        "m_iSongNodeNoteType": "0",
        "m_iRewardType": "7",
        "m_iRewardID": "0",
        "m_iRewardValue": "2"
    },
    {
        "@version": "1",
        "m_iQuestId": "7",
        "m_szQuestName": "完成星动模式",
        "m_szDescription": "当天累计完成5次星动模式歌曲",
        "m_iMethod": "8",
        "m_iNodeType": "42",
        "m_iNodeValue": "5",
        "m_iNodeLimit": "1",
        "m_iSongNodeID": "0",
        "m_iSongNodeNoteType": "0",
        "m_iRewardType": "7",
        "m_iRewardID": "0",
        "m_iRewardValue": "2"
    },
    {
        "@version": "1",
        "m_iQuestId": "8",
        "m_szQuestName": "星动五星",
        "m_szDescription": "当天累计获得3次星动模式五星评价",
        "m_iMethod": "8",
        "m_iNodeType": "42",
        "m_iNodeValue": "3",
        "m_iNodeLimit": "5",
        "m_iSongNodeID": "0",
        "m_iSongNodeNoteType": "0",
        "m_iRewardType": "7",
        "m_iRewardID": "0",
        "m_iRewardValue": "2"
    },
    {
        "@version": "1",
        "m_iQuestId": "11",
        "m_szQuestName": "我爱对战",
        "m_szDescription": "当天累计参与1次世界对战",
        "m_iMethod": "0",
        "m_iNodeType": "56",
        "m_iNodeValue": "1",
        "m_iNodeLimit": "0",
        "m_iSongNodeID": "0",
        "m_iSongNodeNoteType": "0",
        "m_iRewardType": "7",
        "m_iRewardID": "0",
        "m_iRewardValue": "2"
    },
    {
        "@version": "1",
        "m_iQuestId": "10010",
        "m_szQuestName": "低于10Miss",
        "m_szDescription": "累计3次完成歌曲时Miss数少于10",
        "m_iMethod": "15",
        "m_iNodeType": "9",
        "m_iNodeValue": "3",
        "m_iNodeLimit": "10",
        "m_iSongNodeID": "0",
        "m_iSongNodeNoteType": "0",
        "m_iRewardType": "1",
        "m_iRewardID": "0",
        "m_iRewardValue": "10"
    },
    {
        "@version": "1",
        "m_iQuestId": "10020",
        "m_szQuestName": "世界对战",
        "m_szDescription": "累计参与2次世界对战",
        "m_iMethod": "0",
        "m_iNodeType": "56",
        "m_iNodeValue": "2",
        "m_iNodeLimit": "0",
        "m_iSongNodeID": "0",
        "m_iSongNodeNoteType": "0",
        "m_iRewardType": "5",
        "m_iRewardID": "10",
        "m_iRewardValue": "2"
    },
    {
        "@version": "1",
        "m_iQuestId": "10030",
        "m_szQuestName": "低于30Great",
        "m_szDescription": "累计5次完成歌曲时Great数少于30",
        "m_iMethod": "15",
        "m_iNodeType": "11",
        "m_iNodeValue": "5",
        "m_iNodeLimit": "30",
        "m_iSongNodeID": "0",
        "m_iSongNodeNoteType": "0",
        "m_iRewardType": "1",
        "m_iRewardID": "0",
        "m_iRewardValue": "20"
    },
    {
        "@version": "1",
        "m_iQuestId": "10040",
        "m_szQuestName": "90%得分",
        "m_szDescription": "累计8次完成歌曲时得分高于90%",
        "m_iMethod": "15",
        "m_iNodeType": "25",
        "m_iNodeValue": "8",
        "m_iNodeLimit": "90",
        "m_iSongNodeID": "0",
        "m_iSongNodeNoteType": "0",
        "m_iRewardType": "1",
        "m_iRewardID": "0",
        "m_iRewardValue": "30"
    },
    {
        "@version": "1",
        "m_iQuestId": "10050",
        "m_szQuestName": "使用道具",
        "m_szDescription": "使用3次任意道具",
        "m_iMethod": "15",
        "m_iNodeType": "48",
        "m_iNodeValue": "3",
        "m_iNodeLimit": "0",
        "m_iSongNodeID": "0",
        "m_iSongNodeNoteType": "0",
        "m_iRewardType": "6",
        "m_iRewardID": "0",
        "m_iRewardValue": "100"
    },
    {
        "@version": "1",
        "m_iQuestId": "10060",
        "m_szQuestName": "赠送体力",
        "m_szDescription": "累计给好友赠送5次体力",
        "m_iMethod": "0",
        "m_iNodeType": "46",
        "m_iNodeValue": "5",
        "m_iNodeLimit": "0",
        "m_iSongNodeID": "0",
        "m_iSongNodeNoteType": "0",
        "m_iRewardType": "2",
        "m_iRewardID": "0",
        "m_iRewardValue": "2"
    },
    {
        "@version": "1",
        "m_iQuestId": "10070",
        "m_szQuestName": "钻石场对战",
        "m_szDescription": "累计参与1次经典模式20钻石场",
        "m_iMethod": "0",
        "m_iNodeType": "57",
        "m_iNodeValue": "1",
        "m_iNodeLimit": "3",
        "m_iSongNodeID": "0",
        "m_iSongNodeNoteType": "0",
        "m_iRewardType": "5",
        "m_iRewardID": "10",
        "m_iRewardValue": "2"
    },
    {
        "@version": "1",
        "m_iQuestId": "10140",
        "m_szQuestName": "收集星星",
        "m_szDescription": "累计在星动模式中获得15颗星星",
        "m_iMethod": "8",
        "m_iNodeType": "43",
        "m_iNodeValue": "15",
        "m_iNodeLimit": "0",
        "m_iSongNodeID": "0",
        "m_iSongNodeNoteType": "0",
        "m_iRewardType": "5",
        "m_iRewardID": "7",
        "m_iRewardValue": "2"
    },
    {
        "@version": "1",
        "m_iQuestId": "10150",
        "m_szQuestName": "星星大师",
        "m_szDescription": "累计在星动模式中获得30颗星星",
        "m_iMethod": "8",
        "m_iNodeType": "43",
        "m_iNodeValue": "30",
        "m_iNodeLimit": "0",
        "m_iSongNodeID": "0",
        "m_iSongNodeNoteType": "0",
        "m_iRewardType": "1",
        "m_iRewardID": "0",
        "m_iRewardValue": "20"
    },
    {
        "@version": "1",
        "m_iQuestId": "10180",
        "m_szQuestName": "获得擂主",
        "m_szDescription": "累计在星动模式中获得3次擂主",
        "m_iMethod": "8",
        "m_iNodeType": "40",
        "m_iNodeValue": "3",
        "m_iNodeLimit": "0",
        "m_iSongNodeID": "0",
        "m_iSongNodeNoteType": "0",
        "m_iRewardType": "1",
        "m_iRewardID": "0",
        "m_iRewardValue": "20"
    },
    {
        "@version": "1",
        "m_iQuestId": "10190",
        "m_szQuestName": "星动AC达人",
        "m_szDescription": "累计在星动模式中获得3次AC评价",
        "m_iMethod": "8",
        "m_iNodeType": "41",
        "m_iNodeValue": "3",
        "m_iNodeLimit": "1",
        "m_iSongNodeID": "0",
        "m_iSongNodeNoteType": "0",
        "m_iRewardType": "6",
        "m_iRewardID": "0",
        "m_iRewardValue": "300"
    },
    {
        "@version": "1",
        "m_iQuestId": "10200",
        "m_szQuestName": "经典模式满血",
        "m_szDescription": "累计5次完成经典模式歌曲时满血",
        "m_iMethod": "7",
        "m_iNodeType": "3",
        "m_iNodeValue": "5",
        "m_iNodeLimit": "100",
        "m_iSongNodeID": "0",
        "m_iSongNodeNoteType": "0",
        "m_iRewardType": "2",
        "m_iRewardID": "0",
        "m_iRewardValue": "2"
    },
    {
        "@version": "1",
        "m_iQuestId": "10210",
        "m_szQuestName": "积分抽奖",
        "m_szDescription": "累计使用2次积分抽奖",
        "m_iMethod": "0",
        "m_iNodeType": "60",
        "m_iNodeValue": "2",
        "m_iNodeLimit": "0",
        "m_iSongNodeID": "0",
        "m_iSongNodeNoteType": "0",
        "m_iRewardType": "1",
        "m_iRewardID": "0",
        "m_iRewardValue": "30"
    },
    {
        "@version": "1",
        "m_iQuestId": "10230",
        "m_szQuestName": "世界对战胜利",
        "m_szDescription": "累计在世界对战中获得2次胜利",
        "m_iMethod": "0",
        "m_iNodeType": "58",
        "m_iNodeValue": "2",
        "m_iNodeLimit": "0",
        "m_iSongNodeID": "0",
        "m_iSongNodeNoteType": "0",
        "m_iRewardType": "1",
        "m_iRewardID": "0",
        "m_iRewardValue": "30"
    },
    {
        "@version": "1",
        "m_iQuestId": "10240",
        "m_szQuestName": "钻石场对战胜利",
        "m_szDescription": "累计胜利2次经典模式20钻石场",
        "m_iMethod": "0",
        "m_iNodeType": "59",
        "m_iNodeValue": "2",
        "m_iNodeLimit": "3",
        "m_iSongNodeID": "0",
        "m_iSongNodeNoteType": "0",
        "m_iRewardType": "6",
        "m_iRewardID": "0",
        "m_iRewardValue": "200"
    }
]