[
    {
        "@version": "1",
        "m_ushGroupID": "0",
        "m_szGroupName": "0 显示名称",
        "m_szDes": "0 显示描述",
        "m_ucIconID": "0",
        "m_ucRewardNumber": "0x0"
    },
    {
        "@version": "1",
        "m_ushGroupID": "30001",
        "m_szGroupName": "新皮肤奖励",
        "m_szDes": null,
        "m_ucIconID": "30001",
        "m_ucRewardNumber": "0x5",
        "m_astReward": [
            {
                "@type": "RewardServer",
                "m_ucRewardType": "0xd",
                "m_iRewardID": "11003",
                "m_iRewardValue": "1"
            },
            {
                "@type": "RewardServer",
                "m_ucRewardType": "0xd",
                "m_iRewardID": "12003",
                "m_iRewardValue": "1"
            },
            {
                "@type": "RewardServer",
                "m_ucRewardType": "0xd",
                "m_iRewardID": "13003",
                "m_iRewardValue": "1"
            },
            {
                "@type": "RewardServer",
                "m_ucRewardType": "0xd",
                "m_iRewardID": "14003",
                "m_iRewardValue": "1"
            },
            {
                "@type": "RewardServer",
                "m_ucRewardType": "0xd",
                "m_iRewardID": "15003",
                "m_iRewardValue": "1"
            }
        ]
    },
    {
        "@version": "1",
        "m_ushGroupID": "30002",
        "m_szGroupName": "给你很多钱和钻石",
        "m_szDes": null,
        "m_ucIconID": "30002",
        "m_ucRewardNumber": "0x2",
        "m_astReward": [
            {
                "@type": "RewardServer",
                "m_ucRewardType": "0x1",
                "m_iRewardID": "0",
                "m_iRewardValue": "500000"
            },
            {
                "@type": "RewardServer",
                "m_ucRewardType": "0x7",
                "m_iRewardID": "0",
                "m_iRewardValue": "500000"
            }
        ]
    },
    {
        "@version": "1",
        "m_ushGroupID": "30003",
        "m_szGroupName": "测试资料牌奖励",
        "m_szDes": null,
        "m_ucIconID": "30003",
        "m_ucRewardNumber": "0x5",
        "m_astReward": [
            {
                "@type": "RewardServer",
                "m_ucRewardType": "0xf",
                "m_iRewardID": "23103",
                "m_iRewardValue": "1"
            },
            {
                "@type": "RewardServer",
                "m_ucRewardType": "0xf",
                "m_iRewardID": "23104",
                "m_iRewardValue": "1"
            },
            {
                "@type": "RewardServer",
                "m_ucRewardType": "0xf",
                "m_iRewardID": "23105",
                "m_iRewardValue": "1"
            },
            {
                "@type": "RewardServer",
                "m_ucRewardType": "0xf",
                "m_iRewardID": "21004",
                "m_iRewardValue": "1"
            },
            {
                "@type": "RewardServer",
                "m_ucRewardType": "0xf",
                "m_iRewardID": "21002",
                "m_iRewardValue": "1"
            }
        ]
    },
    {
        "@version": "1",
        "m_ushGroupID": "30004",
        "m_szGroupName": "每日礼包",
        "m_szDes": "给你500金币和50钻石",
        "m_ucIconID": "30011",
        "m_ucRewardNumber": "0x2",
        "m_astReward": [
            {
                "@type": "RewardServer",
                "m_ucRewardType": "0x1",
                "m_iRewardID": "0",
                "m_iRewardValue": "500"
            },
            {
                "@type": "RewardServer",
                "m_ucRewardType": "0x7",
                "m_iRewardID": "0",
                "m_iRewardValue": "50"
            }
        ]
    },
    {
        "@version": "1",
        "m_ushGroupID": "30005",
        "m_szGroupName": "每周礼包",
        "m_szDes": "给你1000金币和200钻石",
        "m_ucIconID": "30002",
        "m_ucRewardNumber": "0x2",
        "m_astReward": [
            {
                "@type": "RewardServer",
                "m_ucRewardType": "0x1",
                "m_iRewardID": "0",
                "m_iRewardValue": "1000"
            },
            {
                "@type": "RewardServer",
                "m_ucRewardType": "0x7",
                "m_iRewardID": "0",
                "m_iRewardValue": "200"
            }
        ]
    },
    {
        "@version": "1",
        "m_ushGroupID": "30006",
        "m_szGroupName": "每月礼包",
        "m_szDes": "给你2000金币和300钻石",
        "m_ucIconID": "30003",
        "m_ucRewardNumber": "0x2",
        "m_astReward": [
            {
                "@type": "RewardServer",
                "m_ucRewardType": "0x1",
                "m_iRewardID": "0",
                "m_iRewardValue": "2000"
            },
            {
                "@type": "RewardServer",
                "m_ucRewardType": "0x7",
                "m_iRewardID": "0",
                "m_iRewardValue": "300"
            }
        ]
    },
    {
        "@version": "1",
        "m_ushGroupID": "30007",
        "m_szGroupName": "终身礼包",
        "m_szDes": "奖励一套新皮肤",
        "m_ucIconID": "30001",
        "m_ucRewardNumber": "0x2",
        "m_astReward": [
            {
                "@type": "RewardServer",
                "m_ucRewardType": "0xd",
                "m_iRewardID": "11003",
                "m_iRewardValue": "1"
            },
            {
                "@type": "RewardServer",
                "m_ucRewardType": "0xd",
                "m_iRewardID": "12003",
                "m_iRewardValue": "1"
            }
        ]
    },
    {
        "@version": "1",
        "m_ushGroupID": "30008",
        "m_szGroupName": "兑换金币",
        "m_szDes": "包含100金币",
        "m_ucIconID": "30008",
        "m_ucRewardNumber": "0x1",
        "m_astReward": {
            "@type": "RewardServer",
            "m_ucRewardType": "0x1",
            "m_iRewardID": "0",
            "m_iRewardValue": "100"
        }
    },
    {
        "@version": "1",
        "m_ushGroupID": "30009",
        "m_szGroupName": "测试奖励角色",
        "m_szDes": "兑换金币测试",
        "m_ucIconID": "30001",
        "m_ucRewardNumber": "0x1",
        "m_astReward": {
            "@type": "RewardServer",
            "m_ucRewardType": "0x9",
            "m_iRewardID": "1011",
            "m_iRewardValue": "0"
        }
    },
    {
        "@version": "1",
        "m_ushGroupID": "30010",
        "m_szGroupName": "测试奖励限时角色",
        "m_szDes": "兑换金币测试",
        "m_ucIconID": "30001",
        "m_ucRewardNumber": "0x1",
        "m_astReward": {
            "@type": "RewardServer",
            "m_ucRewardType": "0xa",
            "m_iRewardID": "11006",
            "m_iRewardValue": "0"
        }
    },
    {
        "@version": "1",
        "m_ushGroupID": "30011",
        "m_szGroupName": "兑换钻石",
        "m_szDes": "包含100钻石",
        "m_ucIconID": "30011",
        "m_ucRewardNumber": "0x1",
        "m_astReward": {
            "@type": "RewardServer",
            "m_ucRewardType": "0x7",
            "m_iRewardID": "0",
            "m_iRewardValue": "100"
        }
    }
]